run_id,shots,seed,target_coverage,actual_coverage,true_intent,validation_support,accepted_count,rejected_count,accepted_errors
exp004-minilm-v2-n5-s11,5,11,0.25,0.2506493506493506,card_arrival,10,0,10,0
exp004-minilm-v2-n5-s11,5,11,0.25,0.2506493506493506,card_linking,10,0,10,0
exp004-minilm-v2-n5-s11,5,11,0.25,0.2506493506493506,exchange_rate,10,9,1,0
exp004-minilm-v2-n5-s11,5,11,0.25,0.2506493506493506,card_payment_wrong_exchange_rate,10,4,6,0
exp004-minilm-v2-n5-s11,5,11,0.25,0.2506493506493506,extra_charge_on_statement,10,0,10,0
exp004-minilm-v2-n5-s11,5,11,0.25,0.2506493506493506,pending_cash_withdrawal,10,5,5,0
exp004-minilm-v2-n5-s11,5,11,0.25,0.2506493506493506,fiat_currency_support,10,5,5,0
exp004-minilm-v2-n5-s11,5,11,0.25,0.2506493506493506,card_delivery_estimate,10,0,10,0
exp004-minilm-v2-n5-s11,5,11,0.25,0.2506493506493506,automatic_top_up,10,9,1,2
exp004-minilm-v2-n5-s11,5,11,0.25,0.2506493506493506,card_not_working,10,0,10,0
exp004-minilm-v2-n5-s11,5,11,0.25,0.2506493506493506,exchange_via_app,10,5,5,0
exp004-minilm-v2-n5-s11,5,11,0.25,0.2506493506493506,lost_or_stolen_card,10,0,10,0
exp004-minilm-v2-n5-s11,5,11,0.25,0.2506493506493506,age_limit,10,8,2,0
exp004-minilm-v2-n5-s11,5,11,0.25,0.2506493506493506,pin_blocked,10,2,8,0
exp004-minilm-v2-n5-s11,5,11,0.25,0.2506493506493506,contactless_not_working,10,3,7,0
exp004-minilm-v2-n5-s11,5,11,0.25,0.2506493506493506,top_up_by_bank_transfer_charge,10,0,10,0
exp004-minilm-v2-n5-s11,5,11,0.25,0.2506493506493506,pending_top_up,10,6,4,1
exp004-minilm-v2-n5-s11,5,11,0.25,0.2506493506493506,cancel_transfer,10,4,6,0
exp004-minilm-v2-n5-s11,5,11,0.25,0.2506493506493506,top_up_limits,10,7,3,0
exp004-minilm-v2-n5-s11,5,11,0.25,0.2506493506493506,wrong_amount_of_cash_received,10,0,10,0
exp004-minilm-v2-n5-s11,5,11,0.25,0.2506493506493506,card_payment_fee_charged,10,1,9,0
exp004-minilm-v2-n5-s11,5,11,0.25,0.2506493506493506,transfer_not_received_by_recipient,10,0,10,0
exp004-minilm-v2-n5-s11,5,11,0.25,0.2506493506493506,supported_cards_and_currencies,10,0,10,0
exp004-minilm-v2-n5-s11,5,11,0.25,0.2506493506493506,getting_virtual_card,10,6,4,0
exp004-minilm-v2-n5-s11,5,11,0.25,0.2506493506493506,card_acceptance,10,0,10,0
exp004-minilm-v2-n5-s11,5,11,0.25,0.2506493506493506,top_up_reverted,10,1,9,0
exp004-minilm-v2-n5-s11,5,11,0.25,0.2506493506493506,balance_not_updated_after_cheque_or_cash_deposit,10,0,10,0
exp004-minilm-v2-n5-s11,5,11,0.25,0.2506493506493506,card_payment_not_recognised,10,0,10,0
exp004-minilm-v2-n5-s11,5,11,0.25,0.2506493506493506,edit_personal_details,10,5,5,0
exp004-minilm-v2-n5-s11,5,11,0.25,0.2506493506493506,why_verify_identity,10,3,7,0
exp004-minilm-v2-n5-s11,5,11,0.25,0.2506493506493506,unable_to_verify_identity,10,2,8,2
exp004-minilm-v2-n5-s11,5,11,0.25,0.2506493506493506,get_physical_card,10,1,9,0
exp004-minilm-v2-n5-s11,5,11,0.25,0.2506493506493506,visa_or_mastercard,10,5,5,0
exp004-minilm-v2-n5-s11,5,11,0.25,0.2506493506493506,topping_up_by_card,10,0,10,0
exp004-minilm-v2-n5-s11,5,11,0.25,0.2506493506493506,disposable_card_limits,10,8,2,0
exp004-minilm-v2-n5-s11,5,11,0.25,0.2506493506493506,compromised_card,10,0,10,0
exp004-minilm-v2-n5-s11,5,11,0.25,0.2506493506493506,atm_support,10,0,10,0
exp004-minilm-v2-n5-s11,5,11,0.25,0.2506493506493506,direct_debit_payment_not_recognised,10,0,10,0
exp004-minilm-v2-n5-s11,5,11,0.25,0.2506493506493506,passcode_forgotten,10,7,3,0
exp004-minilm-v2-n5-s11,5,11,0.25,0.2506493506493506,declined_cash_withdrawal,10,0,10,0
exp004-minilm-v2-n5-s11,5,11,0.25,0.2506493506493506,pending_card_payment,10,3,7,0
exp004-minilm-v2-n5-s11,5,11,0.25,0.2506493506493506,lost_or_stolen_phone,10,6,4,0
exp004-minilm-v2-n5-s11,5,11,0.25,0.2506493506493506,request_refund,10,2,8,0
exp004-minilm-v2-n5-s11,5,11,0.25,0.2506493506493506,declined_transfer,10,0,10,0
exp004-minilm-v2-n5-s11,5,11,0.25,0.2506493506493506,Refund_not_showing_up,10,3,7,0
exp004-minilm-v2-n5-s11,5,11,0.25,0.2506493506493506,declined_card_payment,10,0,10,0
exp004-minilm-v2-n5-s11,5,11,0.25,0.2506493506493506,pending_transfer,10,1,9,1
exp004-minilm-v2-n5-s11,5,11,0.25,0.2506493506493506,terminate_account,10,4,6,0
exp004-minilm-v2-n5-s11,5,11,0.25,0.2506493506493506,card_swallowed,10,2,8,0
exp004-minilm-v2-n5-s11,5,11,0.25,0.2506493506493506,transaction_charged_twice,10,4,6,0
exp004-minilm-v2-n5-s11,5,11,0.25,0.2506493506493506,verify_source_of_funds,10,4,6,0
exp004-minilm-v2-n5-s11,5,11,0.25,0.2506493506493506,transfer_timing,10,4,6,0
exp004-minilm-v2-n5-s11,5,11,0.25,0.2506493506493506,reverted_card_payment?,10,0,10,0
exp004-minilm-v2-n5-s11,5,11,0.25,0.2506493506493506,change_pin,10,8,2,0
exp004-minilm-v2-n5-s11,5,11,0.25,0.2506493506493506,beneficiary_not_allowed,10,0,10,0
exp004-minilm-v2-n5-s11,5,11,0.25,0.2506493506493506,transfer_fee_charged,10,1,9,0
exp004-minilm-v2-n5-s11,5,11,0.25,0.2506493506493506,receiving_money,10,0,10,0
exp004-minilm-v2-n5-s11,5,11,0.25,0.2506493506493506,failed_transfer,10,0,10,0
exp004-minilm-v2-n5-s11,5,11,0.25,0.2506493506493506,transfer_into_account,10,3,7,0
exp004-minilm-v2-n5-s11,5,11,0.25,0.2506493506493506,verify_top_up,10,5,5,0
exp004-minilm-v2-n5-s11,5,11,0.25,0.2506493506493506,getting_spare_card,10,0,10,0
exp004-minilm-v2-n5-s11,5,11,0.25,0.2506493506493506,top_up_by_cash_or_cheque,10,0,10,0
exp004-minilm-v2-n5-s11,5,11,0.25,0.2506493506493506,order_physical_card,10,0,10,0
exp004-minilm-v2-n5-s11,5,11,0.25,0.2506493506493506,virtual_card_not_working,10,5,5,0
exp004-minilm-v2-n5-s11,5,11,0.25,0.2506493506493506,wrong_exchange_rate_for_cash_withdrawal,10,3,7,2
exp004-minilm-v2-n5-s11,5,11,0.25,0.2506493506493506,get_disposable_virtual_card,10,8,2,1
exp004-minilm-v2-n5-s11,5,11,0.25,0.2506493506493506,top_up_failed,10,3,7,0
exp004-minilm-v2-n5-s11,5,11,0.25,0.2506493506493506,balance_not_updated_after_bank_transfer,10,0,10,0
exp004-minilm-v2-n5-s11,5,11,0.25,0.2506493506493506,cash_withdrawal_not_recognised,10,0,10,0
exp004-minilm-v2-n5-s11,5,11,0.25,0.2506493506493506,exchange_charge,10,1,9,0
exp004-minilm-v2-n5-s11,5,11,0.25,0.2506493506493506,top_up_by_card_charge,10,1,9,0
exp004-minilm-v2-n5-s11,5,11,0.25,0.2506493506493506,activate_my_card,10,4,6,0
exp004-minilm-v2-n5-s11,5,11,0.25,0.2506493506493506,cash_withdrawal_charge,10,0,10,0
exp004-minilm-v2-n5-s11,5,11,0.25,0.2506493506493506,card_about_to_expire,10,0,10,0
exp004-minilm-v2-n5-s11,5,11,0.25,0.2506493506493506,apple_pay_or_google_pay,10,2,8,0
exp004-minilm-v2-n5-s11,5,11,0.25,0.2506493506493506,verify_my_identity,10,8,2,2
exp004-minilm-v2-n5-s11,5,11,0.25,0.2506493506493506,country_support,10,2,8,0
exp004-minilm-v2-n5-s11,5,11,0.5,0.5,card_arrival,10,0,10,0
exp004-minilm-v2-n5-s11,5,11,0.5,0.5,card_linking,10,3,7,0
exp004-minilm-v2-n5-s11,5,11,0.5,0.5,exchange_rate,10,9,1,0
exp004-minilm-v2-n5-s11,5,11,0.5,0.5,card_payment_wrong_exchange_rate,10,7,3,1
exp004-minilm-v2-n5-s11,5,11,0.5,0.5,extra_charge_on_statement,10,5,5,0
exp004-minilm-v2-n5-s11,5,11,0.5,0.5,pending_cash_withdrawal,10,8,2,0
exp004-minilm-v2-n5-s11,5,11,0.5,0.5,fiat_currency_support,10,7,3,0
exp004-minilm-v2-n5-s11,5,11,0.5,0.5,card_delivery_estimate,10,2,8,0
exp004-minilm-v2-n5-s11,5,11,0.5,0.5,automatic_top_up,10,9,1,2
exp004-minilm-v2-n5-s11,5,11,0.5,0.5,card_not_working,10,3,7,0
exp004-minilm-v2-n5-s11,5,11,0.5,0.5,exchange_via_app,10,6,4,0
exp004-minilm-v2-n5-s11,5,11,0.5,0.5,lost_or_stolen_card,10,1,9,0
exp004-minilm-v2-n5-s11,5,11,0.5,0.5,age_limit,10,10,0,0
exp004-minilm-v2-n5-s11,5,11,0.5,0.5,pin_blocked,10,7,3,1
exp004-minilm-v2-n5-s11,5,11,0.5,0.5,contactless_not_working,10,3,7,0
exp004-minilm-v2-n5-s11,5,11,0.5,0.5,top_up_by_bank_transfer_charge,10,5,5,0
exp004-minilm-v2-n5-s11,5,11,0.5,0.5,pending_top_up,10,7,3,2
exp004-minilm-v2-n5-s11,5,11,0.5,0.5,cancel_transfer,10,4,6,0
exp004-minilm-v2-n5-s11,5,11,0.5,0.5,top_up_limits,10,9,1,0
exp004-minilm-v2-n5-s11,5,11,0.5,0.5,wrong_amount_of_cash_received,10,0,10,0
exp004-minilm-v2-n5-s11,5,11,0.5,0.5,card_payment_fee_charged,10,5,5,0
exp004-minilm-v2-n5-s11,5,11,0.5,0.5,transfer_not_received_by_recipient,10,3,7,3
exp004-minilm-v2-n5-s11,5,11,0.5,0.5,supported_cards_and_currencies,10,2,8,2
exp004-minilm-v2-n5-s11,5,11,0.5,0.5,getting_virtual_card,10,10,0,1
exp004-minilm-v2-n5-s11,5,11,0.5,0.5,card_acceptance,10,1,9,1
exp004-minilm-v2-n5-s11,5,11,0.5,0.5,top_up_reverted,10,4,6,2
exp004-minilm-v2-n5-s11,5,11,0.5,0.5,balance_not_updated_after_cheque_or_cash_deposit,10,3,7,0
exp004-minilm-v2-n5-s11,5,11,0.5,0.5,card_payment_not_recognised,10,0,10,0
exp004-minilm-v2-n5-s11,5,11,0.5,0.5,edit_personal_details,10,8,2,0
exp004-minilm-v2-n5-s11,5,11,0.5,0.5,why_verify_identity,10,8,2,0
exp004-minilm-v2-n5-s11,5,11,0.5,0.5,unable_to_verify_identity,10,8,2,7
exp004-minilm-v2-n5-s11,5,11,0.5,0.5,get_physical_card,10,4,6,1
exp004-minilm-v2-n5-s11,5,11,0.5,0.5,visa_or_mastercard,10,9,1,0
exp004-minilm-v2-n5-s11,5,11,0.5,0.5,topping_up_by_card,10,3,7,3
exp004-minilm-v2-n5-s11,5,11,0.5,0.5,disposable_card_limits,10,8,2,0
exp004-minilm-v2-n5-s11,5,11,0.5,0.5,compromised_card,10,0,10,0
exp004-minilm-v2-n5-s11,5,11,0.5,0.5,atm_support,10,8,2,0
exp004-minilm-v2-n5-s11,5,11,0.5,0.5,direct_debit_payment_not_recognised,10,0,10,0
exp004-minilm-v2-n5-s11,5,11,0.5,0.5,passcode_forgotten,10,9,1,0
exp004-minilm-v2-n5-s11,5,11,0.5,0.5,declined_cash_withdrawal,10,2,8,0
exp004-minilm-v2-n5-s11,5,11,0.5,0.5,pending_card_payment,10,8,2,0
exp004-minilm-v2-n5-s11,5,11,0.5,0.5,lost_or_stolen_phone,10,8,2,0
exp004-minilm-v2-n5-s11,5,11,0.5,0.5,request_refund,10,8,2,3
exp004-minilm-v2-n5-s11,5,11,0.5,0.5,declined_transfer,10,3,7,0
exp004-minilm-v2-n5-s11,5,11,0.5,0.5,Refund_not_showing_up,10,6,4,0
exp004-minilm-v2-n5-s11,5,11,0.5,0.5,declined_card_payment,10,1,9,0
exp004-minilm-v2-n5-s11,5,11,0.5,0.5,pending_transfer,10,3,7,3
exp004-minilm-v2-n5-s11,5,11,0.5,0.5,terminate_account,10,10,0,1
exp004-minilm-v2-n5-s11,5,11,0.5,0.5,card_swallowed,10,7,3,0
exp004-minilm-v2-n5-s11,5,11,0.5,0.5,transaction_charged_twice,10,7,3,0
exp004-minilm-v2-n5-s11,5,11,0.5,0.5,verify_source_of_funds,10,6,4,0
exp004-minilm-v2-n5-s11,5,11,0.5,0.5,transfer_timing,10,5,5,0
exp004-minilm-v2-n5-s11,5,11,0.5,0.5,reverted_card_payment?,10,1,9,1
exp004-minilm-v2-n5-s11,5,11,0.5,0.5,change_pin,10,10,0,0
exp004-minilm-v2-n5-s11,5,11,0.5,0.5,beneficiary_not_allowed,10,0,10,0
exp004-minilm-v2-n5-s11,5,11,0.5,0.5,transfer_fee_charged,10,3,7,0
exp004-minilm-v2-n5-s11,5,11,0.5,0.5,receiving_money,10,0,10,0
exp004-minilm-v2-n5-s11,5,11,0.5,0.5,failed_transfer,10,2,8,0
exp004-minilm-v2-n5-s11,5,11,0.5,0.5,transfer_into_account,10,5,5,0
exp004-minilm-v2-n5-s11,5,11,0.5,0.5,verify_top_up,10,7,3,0
exp004-minilm-v2-n5-s11,5,11,0.5,0.5,getting_spare_card,10,1,9,0
exp004-minilm-v2-n5-s11,5,11,0.5,0.5,top_up_by_cash_or_cheque,10,5,5,1
exp004-minilm-v2-n5-s11,5,11,0.5,0.5,order_physical_card,10,3,7,0
exp004-minilm-v2-n5-s11,5,11,0.5,0.5,virtual_card_not_working,10,6,4,0
exp004-minilm-v2-n5-s11,5,11,0.5,0.5,wrong_exchange_rate_for_cash_withdrawal,10,6,4,4
exp004-minilm-v2-n5-s11,5,11,0.5,0.5,get_disposable_virtual_card,10,10,0,2
exp004-minilm-v2-n5-s11,5,11,0.5,0.5,top_up_failed,10,5,5,0
exp004-minilm-v2-n5-s11,5,11,0.5,0.5,balance_not_updated_after_bank_transfer,10,2,8,2
exp004-minilm-v2-n5-s11,5,11,0.5,0.5,cash_withdrawal_not_recognised,10,0,10,0
exp004-minilm-v2-n5-s11,5,11,0.5,0.5,exchange_charge,10,8,2,1
exp004-minilm-v2-n5-s11,5,11,0.5,0.5,top_up_by_card_charge,10,5,5,0
exp004-minilm-v2-n5-s11,5,11,0.5,0.5,activate_my_card,10,8,2,0
exp004-minilm-v2-n5-s11,5,11,0.5,0.5,cash_withdrawal_charge,10,1,9,0
exp004-minilm-v2-n5-s11,5,11,0.5,0.5,card_about_to_expire,10,5,5,0
exp004-minilm-v2-n5-s11,5,11,0.5,0.5,apple_pay_or_google_pay,10,4,6,0
exp004-minilm-v2-n5-s11,5,11,0.5,0.5,verify_my_identity,10,9,1,2
exp004-minilm-v2-n5-s11,5,11,0.5,0.5,country_support,10,7,3,0
exp004-minilm-v2-n5-s11,5,11,0.75,0.7506493506493507,card_arrival,10,2,8,2
exp004-minilm-v2-n5-s11,5,11,0.75,0.7506493506493507,card_linking,10,7,3,1
exp004-minilm-v2-n5-s11,5,11,0.75,0.7506493506493507,exchange_rate,10,10,0,0
exp004-minilm-v2-n5-s11,5,11,0.75,0.7506493506493507,card_payment_wrong_exchange_rate,10,9,1,1
exp004-minilm-v2-n5-s11,5,11,0.75,0.7506493506493507,extra_charge_on_statement,10,8,2,1
exp004-minilm-v2-n5-s11,5,11,0.75,0.7506493506493507,pending_cash_withdrawal,10,9,1,0
exp004-minilm-v2-n5-s11,5,11,0.75,0.7506493506493507,fiat_currency_support,10,10,0,0
exp004-minilm-v2-n5-s11,5,11,0.75,0.7506493506493507,card_delivery_estimate,10,5,5,0
exp004-minilm-v2-n5-s11,5,11,0.75,0.7506493506493507,automatic_top_up,10,9,1,2
exp004-minilm-v2-n5-s11,5,11,0.75,0.7506493506493507,card_not_working,10,8,2,2
exp004-minilm-v2-n5-s11,5,11,0.75,0.7506493506493507,exchange_via_app,10,8,2,1
exp004-minilm-v2-n5-s11,5,11,0.75,0.7506493506493507,lost_or_stolen_card,10,8,2,0
exp004-minilm-v2-n5-s11,5,11,0.75,0.7506493506493507,age_limit,10,10,0,0
exp004-minilm-v2-n5-s11,5,11,0.75,0.7506493506493507,pin_blocked,10,10,0,2
exp004-minilm-v2-n5-s11,5,11,0.75,0.7506493506493507,contactless_not_working,10,5,5,0
exp004-minilm-v2-n5-s11,5,11,0.75,0.7506493506493507,top_up_by_bank_transfer_charge,10,5,5,0
exp004-minilm-v2-n5-s11,5,11,0.75,0.7506493506493507,pending_top_up,10,9,1,3
exp004-minilm-v2-n5-s11,5,11,0.75,0.7506493506493507,cancel_transfer,10,7,3,0
exp004-minilm-v2-n5-s11,5,11,0.75,0.7506493506493507,top_up_limits,10,9,1,0
exp004-minilm-v2-n5-s11,5,11,0.75,0.7506493506493507,wrong_amount_of_cash_received,10,4,6,2
exp004-minilm-v2-n5-s11,5,11,0.75,0.7506493506493507,card_payment_fee_charged,10,8,2,0
exp004-minilm-v2-n5-s11,5,11,0.75,0.7506493506493507,transfer_not_received_by_recipient,10,6,4,6
exp004-minilm-v2-n5-s11,5,11,0.75,0.7506493506493507,supported_cards_and_currencies,10,6,4,6
exp004-minilm-v2-n5-s11,5,11,0.75,0.7506493506493507,getting_virtual_card,10,10,0,1
exp004-minilm-v2-n5-s11,5,11,0.75,0.7506493506493507,card_acceptance,10,4,6,1
exp004-minilm-v2-n5-s11,5,11,0.75,0.7506493506493507,top_up_reverted,10,7,3,4
exp004-minilm-v2-n5-s11,5,11,0.75,0.7506493506493507,balance_not_updated_after_cheque_or_cash_deposit,10,9,1,0
exp004-minilm-v2-n5-s11,5,11,0.75,0.7506493506493507,card_payment_not_recognised,10,3,7,1
exp004-minilm-v2-n5-s11,5,11,0.75,0.7506493506493507,edit_personal_details,10,9,1,0
exp004-minilm-v2-n5-s11,5,11,0.75,0.7506493506493507,why_verify_identity,10,10,0,0
exp004-minilm-v2-n5-s11,5,11,0.75,0.7506493506493507,unable_to_verify_identity,10,9,1,7
exp004-minilm-v2-n5-s11,5,11,0.75,0.7506493506493507,get_physical_card,10,8,2,2
exp004-minilm-v2-n5-s11,5,11,0.75,0.7506493506493507,visa_or_mastercard,10,9,1,0
exp004-minilm-v2-n5-s11,5,11,0.75,0.7506493506493507,topping_up_by_card,10,8,2,7
exp004-minilm-v2-n5-s11,5,11,0.75,0.7506493506493507,disposable_card_limits,10,10,0,1
exp004-minilm-v2-n5-s11,5,11,0.75,0.7506493506493507,compromised_card,10,1,9,0
exp004-minilm-v2-n5-s11,5,11,0.75,0.7506493506493507,atm_support,10,9,1,0
exp004-minilm-v2-n5-s11,5,11,0.75,0.7506493506493507,direct_debit_payment_not_recognised,10,2,8,0
exp004-minilm-v2-n5-s11,5,11,0.75,0.7506493506493507,passcode_forgotten,10,10,0,0
exp004-minilm-v2-n5-s11,5,11,0.75,0.7506493506493507,declined_cash_withdrawal,10,5,5,2
exp004-minilm-v2-n5-s11,5,11,0.75,0.7506493506493507,pending_card_payment,10,10,0,0
exp004-minilm-v2-n5-s11,5,11,0.75,0.7506493506493507,lost_or_stolen_phone,10,9,1,0
exp004-minilm-v2-n5-s11,5,11,0.75,0.7506493506493507,request_refund,10,9,1,3
exp004-minilm-v2-n5-s11,5,11,0.75,0.7506493506493507,declined_transfer,10,9,1,0
exp004-minilm-v2-n5-s11,5,11,0.75,0.7506493506493507,Refund_not_showing_up,10,9,1,2
exp004-minilm-v2-n5-s11,5,11,0.75,0.7506493506493507,declined_card_payment,10,4,6,0
exp004-minilm-v2-n5-s11,5,11,0.75,0.7506493506493507,pending_transfer,10,7,3,4
exp004-minilm-v2-n5-s11,5,11,0.75,0.7506493506493507,terminate_account,10,10,0,1
exp004-minilm-v2-n5-s11,5,11,0.75,0.7506493506493507,card_swallowed,10,7,3,0
exp004-minilm-v2-n5-s11,5,11,0.75,0.7506493506493507,transaction_charged_twice,10,9,1,0
exp004-minilm-v2-n5-s11,5,11,0.75,0.7506493506493507,verify_source_of_funds,10,10,0,0
exp004-minilm-v2-n5-s11,5,11,0.75,0.7506493506493507,transfer_timing,10,7,3,0
exp004-minilm-v2-n5-s11,5,11,0.75,0.7506493506493507,reverted_card_payment?,10,3,7,1
exp004-minilm-v2-n5-s11,5,11,0.75,0.7506493506493507,change_pin,10,10,0,0
exp004-minilm-v2-n5-s11,5,11,0.75,0.7506493506493507,beneficiary_not_allowed,10,4,6,2
exp004-minilm-v2-n5-s11,5,11,0.75,0.7506493506493507,transfer_fee_charged,10,9,1,3
exp004-minilm-v2-n5-s11,5,11,0.75,0.7506493506493507,receiving_money,10,2,8,0
exp004-minilm-v2-n5-s11,5,11,0.75,0.7506493506493507,failed_transfer,10,8,2,0
exp004-minilm-v2-n5-s11,5,11,0.75,0.7506493506493507,transfer_into_account,10,9,1,1
exp004-minilm-v2-n5-s11,5,11,0.75,0.7506493506493507,verify_top_up,10,8,2,0
exp004-minilm-v2-n5-s11,5,11,0.75,0.7506493506493507,getting_spare_card,10,4,6,1
exp004-minilm-v2-n5-s11,5,11,0.75,0.7506493506493507,top_up_by_cash_or_cheque,10,7,3,1
exp004-minilm-v2-n5-s11,5,11,0.75,0.7506493506493507,order_physical_card,10,6,4,0
exp004-minilm-v2-n5-s11,5,11,0.75,0.7506493506493507,virtual_card_not_working,10,10,0,0
exp004-minilm-v2-n5-s11,5,11,0.75,0.7506493506493507,wrong_exchange_rate_for_cash_withdrawal,10,7,3,4
exp004-minilm-v2-n5-s11,5,11,0.75,0.7506493506493507,get_disposable_virtual_card,10,10,0,2
exp004-minilm-v2-n5-s11,5,11,0.75,0.7506493506493507,top_up_failed,10,8,2,0
exp004-minilm-v2-n5-s11,5,11,0.75,0.7506493506493507,balance_not_updated_after_bank_transfer,10,4,6,2
exp004-minilm-v2-n5-s11,5,11,0.75,0.7506493506493507,cash_withdrawal_not_recognised,10,3,7,0
exp004-minilm-v2-n5-s11,5,11,0.75,0.7506493506493507,exchange_charge,10,10,0,2
exp004-minilm-v2-n5-s11,5,11,0.75,0.7506493506493507,top_up_by_card_charge,10,8,2,0
exp004-minilm-v2-n5-s11,5,11,0.75,0.7506493506493507,activate_my_card,10,10,0,0
exp004-minilm-v2-n5-s11,5,11,0.75,0.7506493506493507,cash_withdrawal_charge,10,8,2,1
exp004-minilm-v2-n5-s11,5,11,0.75,0.7506493506493507,card_about_to_expire,10,9,1,0
exp004-minilm-v2-n5-s11,5,11,0.75,0.7506493506493507,apple_pay_or_google_pay,10,7,3,0
exp004-minilm-v2-n5-s11,5,11,0.75,0.7506493506493507,verify_my_identity,10,9,1,2
exp004-minilm-v2-n5-s11,5,11,0.75,0.7506493506493507,country_support,10,10,0,0
exp004-minilm-v2-n5-s11,5,11,0.9,0.9,card_arrival,10,9,1,7
exp004-minilm-v2-n5-s11,5,11,0.9,0.9,card_linking,10,10,0,4
exp004-minilm-v2-n5-s11,5,11,0.9,0.9,exchange_rate,10,10,0,0
exp004-minilm-v2-n5-s11,5,11,0.9,0.9,card_payment_wrong_exchange_rate,10,10,0,1
exp004-minilm-v2-n5-s11,5,11,0.9,0.9,extra_charge_on_statement,10,10,0,2
exp004-minilm-v2-n5-s11,5,11,0.9,0.9,pending_cash_withdrawal,10,10,0,1
exp004-minilm-v2-n5-s11,5,11,0.9,0.9,fiat_currency_support,10,10,0,0
exp004-minilm-v2-n5-s11,5,11,0.9,0.9,card_delivery_estimate,10,9,1,2
exp004-minilm-v2-n5-s11,5,11,0.9,0.9,automatic_top_up,10,9,1,2
exp004-minilm-v2-n5-s11,5,11,0.9,0.9,card_not_working,10,10,0,2
exp004-minilm-v2-n5-s11,5,11,0.9,0.9,exchange_via_app,10,8,2,1
exp004-minilm-v2-n5-s11,5,11,0.9,0.9,lost_or_stolen_card,10,9,1,1
exp004-minilm-v2-n5-s11,5,11,0.9,0.9,age_limit,10,10,0,0
exp004-minilm-v2-n5-s11,5,11,0.9,0.9,pin_blocked,10,10,0,2
exp004-minilm-v2-n5-s11,5,11,0.9,0.9,contactless_not_working,10,8,2,1
exp004-minilm-v2-n5-s11,5,11,0.9,0.9,top_up_by_bank_transfer_charge,10,6,4,1
exp004-minilm-v2-n5-s11,5,11,0.9,0.9,pending_top_up,10,9,1,3
exp004-minilm-v2-n5-s11,5,11,0.9,0.9,cancel_transfer,10,7,3,0
exp004-minilm-v2-n5-s11,5,11,0.9,0.9,top_up_limits,10,9,1,0
exp004-minilm-v2-n5-s11,5,11,0.9,0.9,wrong_amount_of_cash_received,10,6,4,3
exp004-minilm-v2-n5-s11,5,11,0.9,0.9,card_payment_fee_charged,10,9,1,0
exp004-minilm-v2-n5-s11,5,11,0.9,0.9,transfer_not_received_by_recipient,10,9,1,8
exp004-minilm-v2-n5-s11,5,11,0.9,0.9,supported_cards_and_currencies,10,9,1,8
exp004-minilm-v2-n5-s11,5,11,0.9,0.9,getting_virtual_card,10,10,0,1
exp004-minilm-v2-n5-s11,5,11,0.9,0.9,card_acceptance,10,8,2,2
exp004-minilm-v2-n5-s11,5,11,0.9,0.9,top_up_reverted,10,8,2,4
exp004-minilm-v2-n5-s11,5,11,0.9,0.9,balance_not_updated_after_cheque_or_cash_deposit,10,10,0,0
exp004-minilm-v2-n5-s11,5,11,0.9,0.9,card_payment_not_recognised,10,5,5,2
exp004-minilm-v2-n5-s11,5,11,0.9,0.9,edit_personal_details,10,9,1,0
exp004-minilm-v2-n5-s11,5,11,0.9,0.9,why_verify_identity,10,10,0,0
exp004-minilm-v2-n5-s11,5,11,0.9,0.9,unable_to_verify_identity,10,10,0,7
exp004-minilm-v2-n5-s11,5,11,0.9,0.9,get_physical_card,10,10,0,3
exp004-minilm-v2-n5-s11,5,11,0.9,0.9,visa_or_mastercard,10,9,1,0
exp004-minilm-v2-n5-s11,5,11,0.9,0.9,topping_up_by_card,10,10,0,8
exp004-minilm-v2-n5-s11,5,11,0.9,0.9,disposable_card_limits,10,10,0,1
exp004-minilm-v2-n5-s11,5,11,0.9,0.9,compromised_card,10,6,4,0
exp004-minilm-v2-n5-s11,5,11,0.9,0.9,atm_support,10,9,1,0
exp004-minilm-v2-n5-s11,5,11,0.9,0.9,direct_debit_payment_not_recognised,10,8,2,1
exp004-minilm-v2-n5-s11,5,11,0.9,0.9,passcode_forgotten,10,10,0,0
exp004-minilm-v2-n5-s11,5,11,0.9,0.9,declined_cash_withdrawal,10,8,2,4
exp004-minilm-v2-n5-s11,5,11,0.9,0.9,pending_card_payment,10,10,0,0
exp004-minilm-v2-n5-s11,5,11,0.9,0.9,lost_or_stolen_phone,10,10,0,1
exp004-minilm-v2-n5-s11,5,11,0.9,0.9,request_refund,10,10,0,3
exp004-minilm-v2-n5-s11,5,11,0.9,0.9,declined_transfer,10,9,1,0
exp004-minilm-v2-n5-s11,5,11,0.9,0.9,Refund_not_showing_up,10,10,0,2
exp004-minilm-v2-n5-s11,5,11,0.9,0.9,declined_card_payment,10,8,2,2
exp004-minilm-v2-n5-s11,5,11,0.9,0.9,pending_transfer,10,10,0,6
exp004-minilm-v2-n5-s11,5,11,0.9,0.9,terminate_account,10,10,0,1
exp004-minilm-v2-n5-s11,5,11,0.9,0.9,card_swallowed,10,10,0,1
exp004-minilm-v2-n5-s11,5,11,0.9,0.9,transaction_charged_twice,10,9,1,0
exp004-minilm-v2-n5-s11,5,11,0.9,0.9,verify_source_of_funds,10,10,0,0
exp004-minilm-v2-n5-s11,5,11,0.9,0.9,transfer_timing,10,8,2,1
exp004-minilm-v2-n5-s11,5,11,0.9,0.9,reverted_card_payment?,10,6,4,2
exp004-minilm-v2-n5-s11,5,11,0.9,0.9,change_pin,10,10,0,0
exp004-minilm-v2-n5-s11,5,11,0.9,0.9,beneficiary_not_allowed,10,6,4,2
exp004-minilm-v2-n5-s11,5,11,0.9,0.9,transfer_fee_charged,10,9,1,3
exp004-minilm-v2-n5-s11,5,11,0.9,0.9,receiving_money,10,9,1,2
exp004-minilm-v2-n5-s11,5,11,0.9,0.9,failed_transfer,10,10,0,1
exp004-minilm-v2-n5-s11,5,11,0.9,0.9,transfer_into_account,10,10,0,1
exp004-minilm-v2-n5-s11,5,11,0.9,0.9,verify_top_up,10,8,2,0
exp004-minilm-v2-n5-s11,5,11,0.9,0.9,getting_spare_card,10,9,1,3
exp004-minilm-v2-n5-s11,5,11,0.9,0.9,top_up_by_cash_or_cheque,10,8,2,1
exp004-minilm-v2-n5-s11,5,11,0.9,0.9,order_physical_card,10,9,1,2
exp004-minilm-v2-n5-s11,5,11,0.9,0.9,virtual_card_not_working,10,10,0,0
exp004-minilm-v2-n5-s11,5,11,0.9,0.9,wrong_exchange_rate_for_cash_withdrawal,10,10,0,7
exp004-minilm-v2-n5-s11,5,11,0.9,0.9,get_disposable_virtual_card,10,10,0,2
exp004-minilm-v2-n5-s11,5,11,0.9,0.9,top_up_failed,10,9,1,1
exp004-minilm-v2-n5-s11,5,11,0.9,0.9,balance_not_updated_after_bank_transfer,10,8,2,2
exp004-minilm-v2-n5-s11,5,11,0.9,0.9,cash_withdrawal_not_recognised,10,5,5,2
exp004-minilm-v2-n5-s11,5,11,0.9,0.9,exchange_charge,10,10,0,2
exp004-minilm-v2-n5-s11,5,11,0.9,0.9,top_up_by_card_charge,10,9,1,1
exp004-minilm-v2-n5-s11,5,11,0.9,0.9,activate_my_card,10,10,0,0
exp004-minilm-v2-n5-s11,5,11,0.9,0.9,cash_withdrawal_charge,10,9,1,1
exp004-minilm-v2-n5-s11,5,11,0.9,0.9,card_about_to_expire,10,9,1,0
exp004-minilm-v2-n5-s11,5,11,0.9,0.9,apple_pay_or_google_pay,10,10,0,0
exp004-minilm-v2-n5-s11,5,11,0.9,0.9,verify_my_identity,10,10,0,3
exp004-minilm-v2-n5-s11,5,11,0.9,0.9,country_support,10,10,0,0
exp004-minilm-v2-n5-s11,5,11,1.0,1.0,card_arrival,10,10,0,8
exp004-minilm-v2-n5-s11,5,11,1.0,1.0,card_linking,10,10,0,4
exp004-minilm-v2-n5-s11,5,11,1.0,1.0,exchange_rate,10,10,0,0
exp004-minilm-v2-n5-s11,5,11,1.0,1.0,card_payment_wrong_exchange_rate,10,10,0,1
exp004-minilm-v2-n5-s11,5,11,1.0,1.0,extra_charge_on_statement,10,10,0,2
exp004-minilm-v2-n5-s11,5,11,1.0,1.0,pending_cash_withdrawal,10,10,0,1
exp004-minilm-v2-n5-s11,5,11,1.0,1.0,fiat_currency_support,10,10,0,0
exp004-minilm-v2-n5-s11,5,11,1.0,1.0,card_delivery_estimate,10,10,0,3
exp004-minilm-v2-n5-s11,5,11,1.0,1.0,automatic_top_up,10,10,0,2
exp004-minilm-v2-n5-s11,5,11,1.0,1.0,card_not_working,10,10,0,2
exp004-minilm-v2-n5-s11,5,11,1.0,1.0,exchange_via_app,10,10,0,3
exp004-minilm-v2-n5-s11,5,11,1.0,1.0,lost_or_stolen_card,10,10,0,2
exp004-minilm-v2-n5-s11,5,11,1.0,1.0,age_limit,10,10,0,0
exp004-minilm-v2-n5-s11,5,11,1.0,1.0,pin_blocked,10,10,0,2
exp004-minilm-v2-n5-s11,5,11,1.0,1.0,contactless_not_working,10,10,0,3
exp004-minilm-v2-n5-s11,5,11,1.0,1.0,top_up_by_bank_transfer_charge,10,10,0,4
exp004-minilm-v2-n5-s11,5,11,1.0,1.0,pending_top_up,10,10,0,4
exp004-minilm-v2-n5-s11,5,11,1.0,1.0,cancel_transfer,10,10,0,1
exp004-minilm-v2-n5-s11,5,11,1.0,1.0,top_up_limits,10,10,0,1
exp004-minilm-v2-n5-s11,5,11,1.0,1.0,wrong_amount_of_cash_received,10,10,0,6
exp004-minilm-v2-n5-s11,5,11,1.0,1.0,card_payment_fee_charged,10,10,0,1
exp004-minilm-v2-n5-s11,5,11,1.0,1.0,transfer_not_received_by_recipient,10,10,0,9
exp004-minilm-v2-n5-s11,5,11,1.0,1.0,supported_cards_and_currencies,10,10,0,9
exp004-minilm-v2-n5-s11,5,11,1.0,1.0,getting_virtual_card,10,10,0,1
exp004-minilm-v2-n5-s11,5,11,1.0,1.0,card_acceptance,10,10,0,3
exp004-minilm-v2-n5-s11,5,11,1.0,1.0,top_up_reverted,10,10,0,5
exp004-minilm-v2-n5-s11,5,11,1.0,1.0,balance_not_updated_after_cheque_or_cash_deposit,10,10,0,0
exp004-minilm-v2-n5-s11,5,11,1.0,1.0,card_payment_not_recognised,10,10,0,4
exp004-minilm-v2-n5-s11,5,11,1.0,1.0,edit_personal_details,10,10,0,0
exp004-minilm-v2-n5-s11,5,11,1.0,1.0,why_verify_identity,10,10,0,0
exp004-minilm-v2-n5-s11,5,11,1.0,1.0,unable_to_verify_identity,10,10,0,7
exp004-minilm-v2-n5-s11,5,11,1.0,1.0,get_physical_card,10,10,0,3
exp004-minilm-v2-n5-s11,5,11,1.0,1.0,visa_or_mastercard,10,10,0,0
exp004-minilm-v2-n5-s11,5,11,1.0,1.0,topping_up_by_card,10,10,0,8
exp004-minilm-v2-n5-s11,5,11,1.0,1.0,disposable_card_limits,10,10,0,1
exp004-minilm-v2-n5-s11,5,11,1.0,1.0,compromised_card,10,10,0,1
exp004-minilm-v2-n5-s11,5,11,1.0,1.0,atm_support,10,10,0,1
exp004-minilm-v2-n5-s11,5,11,1.0,1.0,direct_debit_payment_not_recognised,10,10,0,3
exp004-minilm-v2-n5-s11,5,11,1.0,1.0,passcode_forgotten,10,10,0,0
exp004-minilm-v2-n5-s11,5,11,1.0,1.0,declined_cash_withdrawal,10,10,0,6
exp004-minilm-v2-n5-s11,5,11,1.0,1.0,pending_card_payment,10,10,0,0
exp004-minilm-v2-n5-s11,5,11,1.0,1.0,lost_or_stolen_phone,10,10,0,1
exp004-minilm-v2-n5-s11,5,11,1.0,1.0,request_refund,10,10,0,3
exp004-minilm-v2-n5-s11,5,11,1.0,1.0,declined_transfer,10,10,0,0
exp004-minilm-v2-n5-s11,5,11,1.0,1.0,Refund_not_showing_up,10,10,0,2
exp004-minilm-v2-n5-s11,5,11,1.0,1.0,declined_card_payment,10,10,0,3
exp004-minilm-v2-n5-s11,5,11,1.0,1.0,pending_transfer,10,10,0,6
exp004-minilm-v2-n5-s11,5,11,1.0,1.0,terminate_account,10,10,0,1
exp004-minilm-v2-n5-s11,5,11,1.0,1.0,card_swallowed,10,10,0,1
exp004-minilm-v2-n5-s11,5,11,1.0,1.0,transaction_charged_twice,10,10,0,1
exp004-minilm-v2-n5-s11,5,11,1.0,1.0,verify_source_of_funds,10,10,0,0
exp004-minilm-v2-n5-s11,5,11,1.0,1.0,transfer_timing,10,10,0,2
exp004-minilm-v2-n5-s11,5,11,1.0,1.0,reverted_card_payment?,10,10,0,4
exp004-minilm-v2-n5-s11,5,11,1.0,1.0,change_pin,10,10,0,0
exp004-minilm-v2-n5-s11,5,11,1.0,1.0,beneficiary_not_allowed,10,10,0,3
exp004-minilm-v2-n5-s11,5,11,1.0,1.0,transfer_fee_charged,10,10,0,4
exp004-minilm-v2-n5-s11,5,11,1.0,1.0,receiving_money,10,10,0,3
exp004-minilm-v2-n5-s11,5,11,1.0,1.0,failed_transfer,10,10,0,1
exp004-minilm-v2-n5-s11,5,11,1.0,1.0,transfer_into_account,10,10,0,1
exp004-minilm-v2-n5-s11,5,11,1.0,1.0,verify_top_up,10,10,0,2
exp004-minilm-v2-n5-s11,5,11,1.0,1.0,getting_spare_card,10,10,0,4
exp004-minilm-v2-n5-s11,5,11,1.0,1.0,top_up_by_cash_or_cheque,10,10,0,1
exp004-minilm-v2-n5-s11,5,11,1.0,1.0,order_physical_card,10,10,0,3
exp004-minilm-v2-n5-s11,5,11,1.0,1.0,virtual_card_not_working,10,10,0,0
exp004-minilm-v2-n5-s11,5,11,1.0,1.0,wrong_exchange_rate_for_cash_withdrawal,10,10,0,7
exp004-minilm-v2-n5-s11,5,11,1.0,1.0,get_disposable_virtual_card,10,10,0,2
exp004-minilm-v2-n5-s11,5,11,1.0,1.0,top_up_failed,10,10,0,2
exp004-minilm-v2-n5-s11,5,11,1.0,1.0,balance_not_updated_after_bank_transfer,10,10,0,3
exp004-minilm-v2-n5-s11,5,11,1.0,1.0,cash_withdrawal_not_recognised,10,10,0,7
exp004-minilm-v2-n5-s11,5,11,1.0,1.0,exchange_charge,10,10,0,2
exp004-minilm-v2-n5-s11,5,11,1.0,1.0,top_up_by_card_charge,10,10,0,1
exp004-minilm-v2-n5-s11,5,11,1.0,1.0,activate_my_card,10,10,0,0
exp004-minilm-v2-n5-s11,5,11,1.0,1.0,cash_withdrawal_charge,10,10,0,2
exp004-minilm-v2-n5-s11,5,11,1.0,1.0,card_about_to_expire,10,10,0,0
exp004-minilm-v2-n5-s11,5,11,1.0,1.0,apple_pay_or_google_pay,10,10,0,0
exp004-minilm-v2-n5-s11,5,11,1.0,1.0,verify_my_identity,10,10,0,3
exp004-minilm-v2-n5-s11,5,11,1.0,1.0,country_support,10,10,0,0
exp004-minilm-v2-n5-s22,5,22,0.25,0.2506493506493506,card_arrival,10,0,10,0
exp004-minilm-v2-n5-s22,5,22,0.25,0.2506493506493506,card_linking,10,0,10,0
exp004-minilm-v2-n5-s22,5,22,0.25,0.2506493506493506,exchange_rate,10,9,1,0
exp004-minilm-v2-n5-s22,5,22,0.25,0.2506493506493506,card_payment_wrong_exchange_rate,10,5,5,2
exp004-minilm-v2-n5-s22,5,22,0.25,0.2506493506493506,extra_charge_on_statement,10,1,9,0
exp004-minilm-v2-n5-s22,5,22,0.25,0.2506493506493506,pending_cash_withdrawal,10,4,6,0
exp004-minilm-v2-n5-s22,5,22,0.25,0.2506493506493506,fiat_currency_support,10,6,4,0
exp004-minilm-v2-n5-s22,5,22,0.25,0.2506493506493506,card_delivery_estimate,10,0,10,0
exp004-minilm-v2-n5-s22,5,22,0.25,0.2506493506493506,automatic_top_up,10,9,1,2
exp004-minilm-v2-n5-s22,5,22,0.25,0.2506493506493506,card_not_working,10,0,10,0
exp004-minilm-v2-n5-s22,5,22,0.25,0.2506493506493506,exchange_via_app,10,1,9,0
exp004-minilm-v2-n5-s22,5,22,0.25,0.2506493506493506,lost_or_stolen_card,10,0,10,0
exp004-minilm-v2-n5-s22,5,22,0.25,0.2506493506493506,age_limit,10,9,1,0
exp004-minilm-v2-n5-s22,5,22,0.25,0.2506493506493506,pin_blocked,10,2,8,0
exp004-minilm-v2-n5-s22,5,22,0.25,0.2506493506493506,contactless_not_working,10,4,6,0
exp004-minilm-v2-n5-s22,5,22,0.25,0.2506493506493506,top_up_by_bank_transfer_charge,10,0,10,0
exp004-minilm-v2-n5-s22,5,22,0.25,0.2506493506493506,pending_top_up,10,0,10,0
exp004-minilm-v2-n5-s22,5,22,0.25,0.2506493506493506,cancel_transfer,10,0,10,0
exp004-minilm-v2-n5-s22,5,22,0.25,0.2506493506493506,top_up_limits,10,7,3,0
exp004-minilm-v2-n5-s22,5,22,0.25,0.2506493506493506,wrong_amount_of_cash_received,10,0,10,0
exp004-minilm-v2-n5-s22,5,22,0.25,0.2506493506493506,card_payment_fee_charged,10,1,9,0
exp004-minilm-v2-n5-s22,5,22,0.25,0.2506493506493506,transfer_not_received_by_recipient,10,1,9,1
exp004-minilm-v2-n5-s22,5,22,0.25,0.2506493506493506,supported_cards_and_currencies,10,2,8,2
exp004-minilm-v2-n5-s22,5,22,0.25,0.2506493506493506,getting_virtual_card,10,10,0,0
exp004-minilm-v2-n5-s22,5,22,0.25,0.2506493506493506,card_acceptance,10,0,10,0
exp004-minilm-v2-n5-s22,5,22,0.25,0.2506493506493506,top_up_reverted,10,2,8,1
exp004-minilm-v2-n5-s22,5,22,0.25,0.2506493506493506,balance_not_updated_after_cheque_or_cash_deposit,10,0,10,0
exp004-minilm-v2-n5-s22,5,22,0.25,0.2506493506493506,card_payment_not_recognised,10,0,10,0
exp004-minilm-v2-n5-s22,5,22,0.25,0.2506493506493506,edit_personal_details,10,5,5,0
exp004-minilm-v2-n5-s22,5,22,0.25,0.2506493506493506,why_verify_identity,10,5,5,0
exp004-minilm-v2-n5-s22,5,22,0.25,0.2506493506493506,unable_to_verify_identity,10,5,5,1
exp004-minilm-v2-n5-s22,5,22,0.25,0.2506493506493506,get_physical_card,10,1,9,0
exp004-minilm-v2-n5-s22,5,22,0.25,0.2506493506493506,visa_or_mastercard,10,0,10,0
exp004-minilm-v2-n5-s22,5,22,0.25,0.2506493506493506,topping_up_by_card,10,0,10,0
exp004-minilm-v2-n5-s22,5,22,0.25,0.2506493506493506,disposable_card_limits,10,8,2,0
exp004-minilm-v2-n5-s22,5,22,0.25,0.2506493506493506,compromised_card,10,0,10,0
exp004-minilm-v2-n5-s22,5,22,0.25,0.2506493506493506,atm_support,10,0,10,0
exp004-minilm-v2-n5-s22,5,22,0.25,0.2506493506493506,direct_debit_payment_not_recognised,10,0,10,0
exp004-minilm-v2-n5-s22,5,22,0.25,0.2506493506493506,passcode_forgotten,10,8,2,0
exp004-minilm-v2-n5-s22,5,22,0.25,0.2506493506493506,declined_cash_withdrawal,10,0,10,0
exp004-minilm-v2-n5-s22,5,22,0.25,0.2506493506493506,pending_card_payment,10,2,8,0
exp004-minilm-v2-n5-s22,5,22,0.25,0.2506493506493506,lost_or_stolen_phone,10,1,9,0
exp004-minilm-v2-n5-s22,5,22,0.25,0.2506493506493506,request_refund,10,4,6,0
exp004-minilm-v2-n5-s22,5,22,0.25,0.2506493506493506,declined_transfer,10,4,6,0
exp004-minilm-v2-n5-s22,5,22,0.25,0.2506493506493506,Refund_not_showing_up,10,0,10,0
exp004-minilm-v2-n5-s22,5,22,0.25,0.2506493506493506,declined_card_payment,10,0,10,0
exp004-minilm-v2-n5-s22,5,22,0.25,0.2506493506493506,pending_transfer,10,5,5,0
exp004-minilm-v2-n5-s22,5,22,0.25,0.2506493506493506,terminate_account,10,9,1,0
exp004-minilm-v2-n5-s22,5,22,0.25,0.2506493506493506,card_swallowed,10,0,10,0
exp004-minilm-v2-n5-s22,5,22,0.25,0.2506493506493506,transaction_charged_twice,10,0,10,0
exp004-minilm-v2-n5-s22,5,22,0.25,0.2506493506493506,verify_source_of_funds,10,6,4,0
exp004-minilm-v2-n5-s22,5,22,0.25,0.2506493506493506,transfer_timing,10,0,10,0
exp004-minilm-v2-n5-s22,5,22,0.25,0.2506493506493506,reverted_card_payment?,10,0,10,0
exp004-minilm-v2-n5-s22,5,22,0.25,0.2506493506493506,change_pin,10,7,3,0
exp004-minilm-v2-n5-s22,5,22,0.25,0.2506493506493506,beneficiary_not_allowed,10,1,9,1
exp004-minilm-v2-n5-s22,5,22,0.25,0.2506493506493506,transfer_fee_charged,10,0,10,0
exp004-minilm-v2-n5-s22,5,22,0.25,0.2506493506493506,receiving_money,10,0,10,0
exp004-minilm-v2-n5-s22,5,22,0.25,0.2506493506493506,failed_transfer,10,4,6,0
exp004-minilm-v2-n5-s22,5,22,0.25,0.2506493506493506,transfer_into_account,10,0,10,0
exp004-minilm-v2-n5-s22,5,22,0.25,0.2506493506493506,verify_top_up,10,4,6,0
exp004-minilm-v2-n5-s22,5,22,0.25,0.2506493506493506,getting_spare_card,10,1,9,0
exp004-minilm-v2-n5-s22,5,22,0.25,0.2506493506493506,top_up_by_cash_or_cheque,10,2,8,0
exp004-minilm-v2-n5-s22,5,22,0.25,0.2506493506493506,order_physical_card,10,0,10,0
exp004-minilm-v2-n5-s22,5,22,0.25,0.2506493506493506,virtual_card_not_working,10,6,4,3
exp004-minilm-v2-n5-s22,5,22,0.25,0.2506493506493506,wrong_exchange_rate_for_cash_withdrawal,10,4,6,3
exp004-minilm-v2-n5-s22,5,22,0.25,0.2506493506493506,get_disposable_virtual_card,10,7,3,0
exp004-minilm-v2-n5-s22,5,22,0.25,0.2506493506493506,top_up_failed,10,1,9,0
exp004-minilm-v2-n5-s22,5,22,0.25,0.2506493506493506,balance_not_updated_after_bank_transfer,10,0,10,0
exp004-minilm-v2-n5-s22,5,22,0.25,0.2506493506493506,cash_withdrawal_not_recognised,10,0,10,0
exp004-minilm-v2-n5-s22,5,22,0.25,0.2506493506493506,exchange_charge,10,7,3,0
exp004-minilm-v2-n5-s22,5,22,0.25,0.2506493506493506,top_up_by_card_charge,10,0,10,0
exp004-minilm-v2-n5-s22,5,22,0.25,0.2506493506493506,activate_my_card,10,1,9,0
exp004-minilm-v2-n5-s22,5,22,0.25,0.2506493506493506,cash_withdrawal_charge,10,0,10,0
exp004-minilm-v2-n5-s22,5,22,0.25,0.2506493506493506,card_about_to_expire,10,0,10,0
exp004-minilm-v2-n5-s22,5,22,0.25,0.2506493506493506,apple_pay_or_google_pay,10,3,7,0
exp004-minilm-v2-n5-s22,5,22,0.25,0.2506493506493506,verify_my_identity,10,7,3,2
exp004-minilm-v2-n5-s22,5,22,0.25,0.2506493506493506,country_support,10,2,8,0
exp004-minilm-v2-n5-s22,5,22,0.5,0.5,card_arrival,10,0,10,0
exp004-minilm-v2-n5-s22,5,22,0.5,0.5,card_linking,10,0,10,0
exp004-minilm-v2-n5-s22,5,22,0.5,0.5,exchange_rate,10,9,1,0
exp004-minilm-v2-n5-s22,5,22,0.5,0.5,card_payment_wrong_exchange_rate,10,7,3,2
exp004-minilm-v2-n5-s22,5,22,0.5,0.5,extra_charge_on_statement,10,4,6,0
exp004-minilm-v2-n5-s22,5,22,0.5,0.5,pending_cash_withdrawal,10,6,4,0
exp004-minilm-v2-n5-s22,5,22,0.5,0.5,fiat_currency_support,10,7,3,0
exp004-minilm-v2-n5-s22,5,22,0.5,0.5,card_delivery_estimate,10,1,9,0
exp004-minilm-v2-n5-s22,5,22,0.5,0.5,automatic_top_up,10,9,1,2
exp004-minilm-v2-n5-s22,5,22,0.5,0.5,card_not_working,10,1,9,0
exp004-minilm-v2-n5-s22,5,22,0.5,0.5,exchange_via_app,10,7,3,1
exp004-minilm-v2-n5-s22,5,22,0.5,0.5,lost_or_stolen_card,10,2,8,0
exp004-minilm-v2-n5-s22,5,22,0.5,0.5,age_limit,10,10,0,1
exp004-minilm-v2-n5-s22,5,22,0.5,0.5,pin_blocked,10,6,4,0
exp004-minilm-v2-n5-s22,5,22,0.5,0.5,contactless_not_working,10,6,4,0
exp004-minilm-v2-n5-s22,5,22,0.5,0.5,top_up_by_bank_transfer_charge,10,4,6,0
exp004-minilm-v2-n5-s22,5,22,0.5,0.5,pending_top_up,10,7,3,2
exp004-minilm-v2-n5-s22,5,22,0.5,0.5,cancel_transfer,10,4,6,0
exp004-minilm-v2-n5-s22,5,22,0.5,0.5,top_up_limits,10,9,1,0
exp004-minilm-v2-n5-s22,5,22,0.5,0.5,wrong_amount_of_cash_received,10,0,10,0
exp004-minilm-v2-n5-s22,5,22,0.5,0.5,card_payment_fee_charged,10,5,5,0
exp004-minilm-v2-n5-s22,5,22,0.5,0.5,transfer_not_received_by_recipient,10,4,6,4
exp004-minilm-v2-n5-s22,5,22,0.5,0.5,supported_cards_and_currencies,10,2,8,2
exp004-minilm-v2-n5-s22,5,22,0.5,0.5,getting_virtual_card,10,10,0,0
exp004-minilm-v2-n5-s22,5,22,0.5,0.5,card_acceptance,10,0,10,0
exp004-minilm-v2-n5-s22,5,22,0.5,0.5,top_up_reverted,10,4,6,2
exp004-minilm-v2-n5-s22,5,22,0.5,0.5,balance_not_updated_after_cheque_or_cash_deposit,10,3,7,0
exp004-minilm-v2-n5-s22,5,22,0.5,0.5,card_payment_not_recognised,10,0,10,0
exp004-minilm-v2-n5-s22,5,22,0.5,0.5,edit_personal_details,10,8,2,0
exp004-minilm-v2-n5-s22,5,22,0.5,0.5,why_verify_identity,10,9,1,0
exp004-minilm-v2-n5-s22,5,22,0.5,0.5,unable_to_verify_identity,10,9,1,3
exp004-minilm-v2-n5-s22,5,22,0.5,0.5,get_physical_card,10,8,2,2
exp004-minilm-v2-n5-s22,5,22,0.5,0.5,visa_or_mastercard,10,8,2,0
exp004-minilm-v2-n5-s22,5,22,0.5,0.5,topping_up_by_card,10,4,6,4
exp004-minilm-v2-n5-s22,5,22,0.5,0.5,disposable_card_limits,10,8,2,0
exp004-minilm-v2-n5-s22,5,22,0.5,0.5,compromised_card,10,0,10,0
exp004-minilm-v2-n5-s22,5,22,0.5,0.5,atm_support,10,4,6,0
exp004-minilm-v2-n5-s22,5,22,0.5,0.5,direct_debit_payment_not_recognised,10,0,10,0
exp004-minilm-v2-n5-s22,5,22,0.5,0.5,passcode_forgotten,10,10,0,0
exp004-minilm-v2-n5-s22,5,22,0.5,0.5,declined_cash_withdrawal,10,0,10,0
exp004-minilm-v2-n5-s22,5,22,0.5,0.5,pending_card_payment,10,9,1,0
exp004-minilm-v2-n5-s22,5,22,0.5,0.5,lost_or_stolen_phone,10,6,4,0
exp004-minilm-v2-n5-s22,5,22,0.5,0.5,request_refund,10,7,3,0
exp004-minilm-v2-n5-s22,5,22,0.5,0.5,declined_transfer,10,6,4,0
exp004-minilm-v2-n5-s22,5,22,0.5,0.5,Refund_not_showing_up,10,5,5,0
exp004-minilm-v2-n5-s22,5,22,0.5,0.5,declined_card_payment,10,0,10,0
exp004-minilm-v2-n5-s22,5,22,0.5,0.5,pending_transfer,10,6,4,0
exp004-minilm-v2-n5-s22,5,22,0.5,0.5,terminate_account,10,10,0,0
exp004-minilm-v2-n5-s22,5,22,0.5,0.5,card_swallowed,10,6,4,0
exp004-minilm-v2-n5-s22,5,22,0.5,0.5,transaction_charged_twice,10,5,5,0
exp004-minilm-v2-n5-s22,5,22,0.5,0.5,verify_source_of_funds,10,7,3,0
exp004-minilm-v2-n5-s22,5,22,0.5,0.5,transfer_timing,10,3,7,2
exp004-minilm-v2-n5-s22,5,22,0.5,0.5,reverted_card_payment?,10,1,9,1
exp004-minilm-v2-n5-s22,5,22,0.5,0.5,change_pin,10,10,0,1
exp004-minilm-v2-n5-s22,5,22,0.5,0.5,beneficiary_not_allowed,10,2,8,2
exp004-minilm-v2-n5-s22,5,22,0.5,0.5,transfer_fee_charged,10,1,9,0
exp004-minilm-v2-n5-s22,5,22,0.5,0.5,receiving_money,10,2,8,0
exp004-minilm-v2-n5-s22,5,22,0.5,0.5,failed_transfer,10,9,1,0
exp004-minilm-v2-n5-s22,5,22,0.5,0.5,transfer_into_account,10,3,7,0
exp004-minilm-v2-n5-s22,5,22,0.5,0.5,verify_top_up,10,7,3,0
exp004-minilm-v2-n5-s22,5,22,0.5,0.5,getting_spare_card,10,1,9,0
exp004-minilm-v2-n5-s22,5,22,0.5,0.5,top_up_by_cash_or_cheque,10,5,5,3
exp004-minilm-v2-n5-s22,5,22,0.5,0.5,order_physical_card,10,1,9,0
exp004-minilm-v2-n5-s22,5,22,0.5,0.5,virtual_card_not_working,10,6,4,3
exp004-minilm-v2-n5-s22,5,22,0.5,0.5,wrong_exchange_rate_for_cash_withdrawal,10,6,4,4
exp004-minilm-v2-n5-s22,5,22,0.5,0.5,get_disposable_virtual_card,10,9,1,0
exp004-minilm-v2-n5-s22,5,22,0.5,0.5,top_up_failed,10,6,4,0
exp004-minilm-v2-n5-s22,5,22,0.5,0.5,balance_not_updated_after_bank_transfer,10,2,8,1
exp004-minilm-v2-n5-s22,5,22,0.5,0.5,cash_withdrawal_not_recognised,10,0,10,0
exp004-minilm-v2-n5-s22,5,22,0.5,0.5,exchange_charge,10,10,0,1
exp004-minilm-v2-n5-s22,5,22,0.5,0.5,top_up_by_card_charge,10,3,7,0
exp004-minilm-v2-n5-s22,5,22,0.5,0.5,activate_my_card,10,8,2,0
exp004-minilm-v2-n5-s22,5,22,0.5,0.5,cash_withdrawal_charge,10,4,6,1
exp004-minilm-v2-n5-s22,5,22,0.5,0.5,card_about_to_expire,10,3,7,0
exp004-minilm-v2-n5-s22,5,22,0.5,0.5,apple_pay_or_google_pay,10,6,4,0
exp004-minilm-v2-n5-s22,5,22,0.5,0.5,verify_my_identity,10,9,1,4
exp004-minilm-v2-n5-s22,5,22,0.5,0.5,country_support,10,6,4,1
exp004-minilm-v2-n5-s22,5,22,0.75,0.7506493506493507,card_arrival,10,0,10,0
exp004-minilm-v2-n5-s22,5,22,0.75,0.7506493506493507,card_linking,10,4,6,2
exp004-minilm-v2-n5-s22,5,22,0.75,0.7506493506493507,exchange_rate,10,10,0,1
exp004-minilm-v2-n5-s22,5,22,0.75,0.7506493506493507,card_payment_wrong_exchange_rate,10,10,0,3
exp004-minilm-v2-n5-s22,5,22,0.75,0.7506493506493507,extra_charge_on_statement,10,8,2,1
exp004-minilm-v2-n5-s22,5,22,0.75,0.7506493506493507,pending_cash_withdrawal,10,8,2,0
exp004-minilm-v2-n5-s22,5,22,0.75,0.7506493506493507,fiat_currency_support,10,10,0,0
exp004-minilm-v2-n5-s22,5,22,0.75,0.7506493506493507,card_delivery_estimate,10,10,0,1
exp004-minilm-v2-n5-s22,5,22,0.75,0.7506493506493507,automatic_top_up,10,9,1,2
exp004-minilm-v2-n5-s22,5,22,0.75,0.7506493506493507,card_not_working,10,6,4,1
exp004-minilm-v2-n5-s22,5,22,0.75,0.7506493506493507,exchange_via_app,10,9,1,2
exp004-minilm-v2-n5-s22,5,22,0.75,0.7506493506493507,lost_or_stolen_card,10,8,2,0
exp004-minilm-v2-n5-s22,5,22,0.75,0.7506493506493507,age_limit,10,10,0,1
exp004-minilm-v2-n5-s22,5,22,0.75,0.7506493506493507,pin_blocked,10,10,0,2
exp004-minilm-v2-n5-s22,5,22,0.75,0.7506493506493507,contactless_not_working,10,8,2,1
exp004-minilm-v2-n5-s22,5,22,0.75,0.7506493506493507,top_up_by_bank_transfer_charge,10,5,5,0
exp004-minilm-v2-n5-s22,5,22,0.75,0.7506493506493507,pending_top_up,10,8,2,3
exp004-minilm-v2-n5-s22,5,22,0.75,0.7506493506493507,cancel_transfer,10,8,2,1
exp004-minilm-v2-n5-s22,5,22,0.75,0.7506493506493507,top_up_limits,10,9,1,0
exp004-minilm-v2-n5-s22,5,22,0.75,0.7506493506493507,wrong_amount_of_cash_received,10,4,6,1
exp004-minilm-v2-n5-s22,5,22,0.75,0.7506493506493507,card_payment_fee_charged,10,10,0,1
exp004-minilm-v2-n5-s22,5,22,0.75,0.7506493506493507,transfer_not_received_by_recipient,10,8,2,8
exp004-minilm-v2-n5-s22,5,22,0.75,0.7506493506493507,supported_cards_and_currencies,10,7,3,7
exp004-minilm-v2-n5-s22,5,22,0.75,0.7506493506493507,getting_virtual_card,10,10,0,0
exp004-minilm-v2-n5-s22,5,22,0.75,0.7506493506493507,card_acceptance,10,4,6,1
exp004-minilm-v2-n5-s22,5,22,0.75,0.7506493506493507,top_up_reverted,10,7,3,4
exp004-minilm-v2-n5-s22,5,22,0.75,0.7506493506493507,balance_not_updated_after_cheque_or_cash_deposit,10,6,4,1
exp004-minilm-v2-n5-s22,5,22,0.75,0.7506493506493507,card_payment_not_recognised,10,1,9,1
exp004-minilm-v2-n5-s22,5,22,0.75,0.7506493506493507,edit_personal_details,10,9,1,0
exp004-minilm-v2-n5-s22,5,22,0.75,0.7506493506493507,why_verify_identity,10,10,0,1
exp004-minilm-v2-n5-s22,5,22,0.75,0.7506493506493507,unable_to_verify_identity,10,10,0,3
exp004-minilm-v2-n5-s22,5,22,0.75,0.7506493506493507,get_physical_card,10,10,0,3
exp004-minilm-v2-n5-s22,5,22,0.75,0.7506493506493507,visa_or_mastercard,10,9,1,0
exp004-minilm-v2-n5-s22,5,22,0.75,0.7506493506493507,topping_up_by_card,10,9,1,8
exp004-minilm-v2-n5-s22,5,22,0.75,0.7506493506493507,disposable_card_limits,10,10,0,0
exp004-minilm-v2-n5-s22,5,22,0.75,0.7506493506493507,compromised_card,10,1,9,0
exp004-minilm-v2-n5-s22,5,22,0.75,0.7506493506493507,atm_support,10,8,2,0
exp004-minilm-v2-n5-s22,5,22,0.75,0.7506493506493507,direct_debit_payment_not_recognised,10,0,10,0
exp004-minilm-v2-n5-s22,5,22,0.75,0.7506493506493507,passcode_forgotten,10,10,0,0
exp004-minilm-v2-n5-s22,5,22,0.75,0.7506493506493507,declined_cash_withdrawal,10,5,5,5
exp004-minilm-v2-n5-s22,5,22,0.75,0.7506493506493507,pending_card_payment,10,10,0,0
exp004-minilm-v2-n5-s22,5,22,0.75,0.7506493506493507,lost_or_stolen_phone,10,9,1,0
exp004-minilm-v2-n5-s22,5,22,0.75,0.7506493506493507,request_refund,10,9,1,0
exp004-minilm-v2-n5-s22,5,22,0.75,0.7506493506493507,declined_transfer,10,8,2,0
exp004-minilm-v2-n5-s22,5,22,0.75,0.7506493506493507,Refund_not_showing_up,10,9,1,0
exp004-minilm-v2-n5-s22,5,22,0.75,0.7506493506493507,declined_card_payment,10,2,8,1
exp004-minilm-v2-n5-s22,5,22,0.75,0.7506493506493507,pending_transfer,10,10,0,3
exp004-minilm-v2-n5-s22,5,22,0.75,0.7506493506493507,terminate_account,10,10,0,0
exp004-minilm-v2-n5-s22,5,22,0.75,0.7506493506493507,card_swallowed,10,8,2,0
exp004-minilm-v2-n5-s22,5,22,0.75,0.7506493506493507,transaction_charged_twice,10,9,1,1
exp004-minilm-v2-n5-s22,5,22,0.75,0.7506493506493507,verify_source_of_funds,10,10,0,0
exp004-minilm-v2-n5-s22,5,22,0.75,0.7506493506493507,transfer_timing,10,9,1,4
exp004-minilm-v2-n5-s22,5,22,0.75,0.7506493506493507,reverted_card_payment?,10,2,8,1
exp004-minilm-v2-n5-s22,5,22,0.75,0.7506493506493507,change_pin,10,10,0,1
exp004-minilm-v2-n5-s22,5,22,0.75,0.7506493506493507,beneficiary_not_allowed,10,5,5,2
exp004-minilm-v2-n5-s22,5,22,0.75,0.7506493506493507,transfer_fee_charged,10,5,5,2
exp004-minilm-v2-n5-s22,5,22,0.75,0.7506493506493507,receiving_money,10,4,6,0
exp004-minilm-v2-n5-s22,5,22,0.75,0.7506493506493507,failed_transfer,10,10,0,1
exp004-minilm-v2-n5-s22,5,22,0.75,0.7506493506493507,transfer_into_account,10,8,2,1
exp004-minilm-v2-n5-s22,5,22,0.75,0.7506493506493507,verify_top_up,10,8,2,1
exp004-minilm-v2-n5-s22,5,22,0.75,0.7506493506493507,getting_spare_card,10,3,7,2
exp004-minilm-v2-n5-s22,5,22,0.75,0.7506493506493507,top_up_by_cash_or_cheque,10,6,4,3
exp004-minilm-v2-n5-s22,5,22,0.75,0.7506493506493507,order_physical_card,10,4,6,0
exp004-minilm-v2-n5-s22,5,22,0.75,0.7506493506493507,virtual_card_not_working,10,10,0,4
exp004-minilm-v2-n5-s22,5,22,0.75,0.7506493506493507,wrong_exchange_rate_for_cash_withdrawal,10,7,3,4
exp004-minilm-v2-n5-s22,5,22,0.75,0.7506493506493507,get_disposable_virtual_card,10,10,0,1
exp004-minilm-v2-n5-s22,5,22,0.75,0.7506493506493507,top_up_failed,10,7,3,1
exp004-minilm-v2-n5-s22,5,22,0.75,0.7506493506493507,balance_not_updated_after_bank_transfer,10,7,3,3
exp004-minilm-v2-n5-s22,5,22,0.75,0.7506493506493507,cash_withdrawal_not_recognised,10,2,8,0
exp004-minilm-v2-n5-s22,5,22,0.75,0.7506493506493507,exchange_charge,10,10,0,1
exp004-minilm-v2-n5-s22,5,22,0.75,0.7506493506493507,top_up_by_card_charge,10,8,2,1
exp004-minilm-v2-n5-s22,5,22,0.75,0.7506493506493507,activate_my_card,10,10,0,0
exp004-minilm-v2-n5-s22,5,22,0.75,0.7506493506493507,cash_withdrawal_charge,10,6,4,1
exp004-minilm-v2-n5-s22,5,22,0.75,0.7506493506493507,card_about_to_expire,10,9,1,0
exp004-minilm-v2-n5-s22,5,22,0.75,0.7506493506493507,apple_pay_or_google_pay,10,7,3,0
exp004-minilm-v2-n5-s22,5,22,0.75,0.7506493506493507,verify_my_identity,10,9,1,4
exp004-minilm-v2-n5-s22,5,22,0.75,0.7506493506493507,country_support,10,10,0,1
exp004-minilm-v2-n5-s22,5,22,0.9,0.9,card_arrival,10,6,4,6
exp004-minilm-v2-n5-s22,5,22,0.9,0.9,card_linking,10,9,1,4
exp004-minilm-v2-n5-s22,5,22,0.9,0.9,exchange_rate,10,10,0,1
exp004-minilm-v2-n5-s22,5,22,0.9,0.9,card_payment_wrong_exchange_rate,10,10,0,3
exp004-minilm-v2-n5-s22,5,22,0.9,0.9,extra_charge_on_statement,10,10,0,2
exp004-minilm-v2-n5-s22,5,22,0.9,0.9,pending_cash_withdrawal,10,10,0,1
exp004-minilm-v2-n5-s22,5,22,0.9,0.9,fiat_currency_support,10,10,0,0
exp004-minilm-v2-n5-s22,5,22,0.9,0.9,card_delivery_estimate,10,10,0,1
exp004-minilm-v2-n5-s22,5,22,0.9,0.9,automatic_top_up,10,10,0,2
exp004-minilm-v2-n5-s22,5,22,0.9,0.9,card_not_working,10,8,2,1
exp004-minilm-v2-n5-s22,5,22,0.9,0.9,exchange_via_app,10,10,0,2
exp004-minilm-v2-n5-s22,5,22,0.9,0.9,lost_or_stolen_card,10,9,1,1
exp004-minilm-v2-n5-s22,5,22,0.9,0.9,age_limit,10,10,0,1
exp004-minilm-v2-n5-s22,5,22,0.9,0.9,pin_blocked,10,10,0,2
exp004-minilm-v2-n5-s22,5,22,0.9,0.9,contactless_not_working,10,9,1,2
exp004-minilm-v2-n5-s22,5,22,0.9,0.9,top_up_by_bank_transfer_charge,10,8,2,3
exp004-minilm-v2-n5-s22,5,22,0.9,0.9,pending_top_up,10,9,1,3
exp004-minilm-v2-n5-s22,5,22,0.9,0.9,cancel_transfer,10,10,0,1
exp004-minilm-v2-n5-s22,5,22,0.9,0.9,top_up_limits,10,9,1,0
exp004-minilm-v2-n5-s22,5,22,0.9,0.9,wrong_amount_of_cash_received,10,9,1,2
exp004-minilm-v2-n5-s22,5,22,0.9,0.9,card_payment_fee_charged,10,10,0,1
exp004-minilm-v2-n5-s22,5,22,0.9,0.9,transfer_not_received_by_recipient,10,8,2,8
exp004-minilm-v2-n5-s22,5,22,0.9,0.9,supported_cards_and_currencies,10,7,3,7
exp004-minilm-v2-n5-s22,5,22,0.9,0.9,getting_virtual_card,10,10,0,0
exp004-minilm-v2-n5-s22,5,22,0.9,0.9,card_acceptance,10,9,1,1
exp004-minilm-v2-n5-s22,5,22,0.9,0.9,top_up_reverted,10,7,3,4
exp004-minilm-v2-n5-s22,5,22,0.9,0.9,balance_not_updated_after_cheque_or_cash_deposit,10,10,0,2
exp004-minilm-v2-n5-s22,5,22,0.9,0.9,card_payment_not_recognised,10,5,5,4
exp004-minilm-v2-n5-s22,5,22,0.9,0.9,edit_personal_details,10,9,1,0
exp004-minilm-v2-n5-s22,5,22,0.9,0.9,why_verify_identity,10,10,0,1
exp004-minilm-v2-n5-s22,5,22,0.9,0.9,unable_to_verify_identity,10,10,0,3
exp004-minilm-v2-n5-s22,5,22,0.9,0.9,get_physical_card,10,10,0,3
exp004-minilm-v2-n5-s22,5,22,0.9,0.9,visa_or_mastercard,10,9,1,0
exp004-minilm-v2-n5-s22,5,22,0.9,0.9,topping_up_by_card,10,10,0,9
exp004-minilm-v2-n5-s22,5,22,0.9,0.9,disposable_card_limits,10,10,0,0
exp004-minilm-v2-n5-s22,5,22,0.9,0.9,compromised_card,10,7,3,0
exp004-minilm-v2-n5-s22,5,22,0.9,0.9,atm_support,10,10,0,2
exp004-minilm-v2-n5-s22,5,22,0.9,0.9,direct_debit_payment_not_recognised,10,1,9,0
exp004-minilm-v2-n5-s22,5,22,0.9,0.9,passcode_forgotten,10,10,0,0
exp004-minilm-v2-n5-s22,5,22,0.9,0.9,declined_cash_withdrawal,10,10,0,8
exp004-minilm-v2-n5-s22,5,22,0.9,0.9,pending_card_payment,10,10,0,0
exp004-minilm-v2-n5-s22,5,22,0.9,0.9,lost_or_stolen_phone,10,10,0,1
exp004-minilm-v2-n5-s22,5,22,0.9,0.9,request_refund,10,10,0,0
exp004-minilm-v2-n5-s22,5,22,0.9,0.9,declined_transfer,10,8,2,0
exp004-minilm-v2-n5-s22,5,22,0.9,0.9,Refund_not_showing_up,10,10,0,0
exp004-minilm-v2-n5-s22,5,22,0.9,0.9,declined_card_payment,10,7,3,2
exp004-minilm-v2-n5-s22,5,22,0.9,0.9,pending_transfer,10,10,0,3
exp004-minilm-v2-n5-s22,5,22,0.9,0.9,terminate_account,10,10,0,0
exp004-minilm-v2-n5-s22,5,22,0.9,0.9,card_swallowed,10,10,0,2
exp004-minilm-v2-n5-s22,5,22,0.9,0.9,transaction_charged_twice,10,9,1,1
exp004-minilm-v2-n5-s22,5,22,0.9,0.9,verify_source_of_funds,10,10,0,0
exp004-minilm-v2-n5-s22,5,22,0.9,0.9,transfer_timing,10,9,1,4
exp004-minilm-v2-n5-s22,5,22,0.9,0.9,reverted_card_payment?,10,6,4,2
exp004-minilm-v2-n5-s22,5,22,0.9,0.9,change_pin,10,10,0,1
exp004-minilm-v2-n5-s22,5,22,0.9,0.9,beneficiary_not_allowed,10,7,3,2
exp004-minilm-v2-n5-s22,5,22,0.9,0.9,transfer_fee_charged,10,9,1,3
exp004-minilm-v2-n5-s22,5,22,0.9,0.9,receiving_money,10,8,2,0
exp004-minilm-v2-n5-s22,5,22,0.9,0.9,failed_transfer,10,10,0,1
exp004-minilm-v2-n5-s22,5,22,0.9,0.9,transfer_into_account,10,9,1,1
exp004-minilm-v2-n5-s22,5,22,0.9,0.9,verify_top_up,10,8,2,1
exp004-minilm-v2-n5-s22,5,22,0.9,0.9,getting_spare_card,10,8,2,4
exp004-minilm-v2-n5-s22,5,22,0.9,0.9,top_up_by_cash_or_cheque,10,10,0,4
exp004-minilm-v2-n5-s22,5,22,0.9,0.9,order_physical_card,10,8,2,1
exp004-minilm-v2-n5-s22,5,22,0.9,0.9,virtual_card_not_working,10,10,0,4
exp004-minilm-v2-n5-s22,5,22,0.9,0.9,wrong_exchange_rate_for_cash_withdrawal,10,10,0,6
exp004-minilm-v2-n5-s22,5,22,0.9,0.9,get_disposable_virtual_card,10,10,0,1
exp004-minilm-v2-n5-s22,5,22,0.9,0.9,top_up_failed,10,9,1,2
exp004-minilm-v2-n5-s22,5,22,0.9,0.9,balance_not_updated_after_bank_transfer,10,8,2,4
exp004-minilm-v2-n5-s22,5,22,0.9,0.9,cash_withdrawal_not_recognised,10,5,5,2
exp004-minilm-v2-n5-s22,5,22,0.9,0.9,exchange_charge,10,10,0,1
exp004-minilm-v2-n5-s22,5,22,0.9,0.9,top_up_by_card_charge,10,9,1,1
exp004-minilm-v2-n5-s22,5,22,0.9,0.9,activate_my_card,10,10,0,0
exp004-minilm-v2-n5-s22,5,22,0.9,0.9,cash_withdrawal_charge,10,9,1,1
exp004-minilm-v2-n5-s22,5,22,0.9,0.9,card_about_to_expire,10,10,0,0
exp004-minilm-v2-n5-s22,5,22,0.9,0.9,apple_pay_or_google_pay,10,9,1,1
exp004-minilm-v2-n5-s22,5,22,0.9,0.9,verify_my_identity,10,10,0,4
exp004-minilm-v2-n5-s22,5,22,0.9,0.9,country_support,10,10,0,1
exp004-minilm-v2-n5-s22,5,22,1.0,1.0,card_arrival,10,10,0,10
exp004-minilm-v2-n5-s22,5,22,1.0,1.0,card_linking,10,10,0,4
exp004-minilm-v2-n5-s22,5,22,1.0,1.0,exchange_rate,10,10,0,1
exp004-minilm-v2-n5-s22,5,22,1.0,1.0,card_payment_wrong_exchange_rate,10,10,0,3
exp004-minilm-v2-n5-s22,5,22,1.0,1.0,extra_charge_on_statement,10,10,0,2
exp004-minilm-v2-n5-s22,5,22,1.0,1.0,pending_cash_withdrawal,10,10,0,1
exp004-minilm-v2-n5-s22,5,22,1.0,1.0,fiat_currency_support,10,10,0,0
exp004-minilm-v2-n5-s22,5,22,1.0,1.0,card_delivery_estimate,10,10,0,1
exp004-minilm-v2-n5-s22,5,22,1.0,1.0,automatic_top_up,10,10,0,2
exp004-minilm-v2-n5-s22,5,22,1.0,1.0,card_not_working,10,10,0,2
exp004-minilm-v2-n5-s22,5,22,1.0,1.0,exchange_via_app,10,10,0,2
exp004-minilm-v2-n5-s22,5,22,1.0,1.0,lost_or_stolen_card,10,10,0,2
exp004-minilm-v2-n5-s22,5,22,1.0,1.0,age_limit,10,10,0,1
exp004-minilm-v2-n5-s22,5,22,1.0,1.0,pin_blocked,10,10,0,2
exp004-minilm-v2-n5-s22,5,22,1.0,1.0,contactless_not_working,10,10,0,3
exp004-minilm-v2-n5-s22,5,22,1.0,1.0,top_up_by_bank_transfer_charge,10,10,0,4
exp004-minilm-v2-n5-s22,5,22,1.0,1.0,pending_top_up,10,10,0,4
exp004-minilm-v2-n5-s22,5,22,1.0,1.0,cancel_transfer,10,10,0,1
exp004-minilm-v2-n5-s22,5,22,1.0,1.0,top_up_limits,10,10,0,1
exp004-minilm-v2-n5-s22,5,22,1.0,1.0,wrong_amount_of_cash_received,10,10,0,2
exp004-minilm-v2-n5-s22,5,22,1.0,1.0,card_payment_fee_charged,10,10,0,1
exp004-minilm-v2-n5-s22,5,22,1.0,1.0,transfer_not_received_by_recipient,10,10,0,8
exp004-minilm-v2-n5-s22,5,22,1.0,1.0,supported_cards_and_currencies,10,10,0,9
exp004-minilm-v2-n5-s22,5,22,1.0,1.0,getting_virtual_card,10,10,0,0
exp004-minilm-v2-n5-s22,5,22,1.0,1.0,card_acceptance,10,10,0,2
exp004-minilm-v2-n5-s22,5,22,1.0,1.0,top_up_reverted,10,10,0,5
exp004-minilm-v2-n5-s22,5,22,1.0,1.0,balance_not_updated_after_cheque_or_cash_deposit,10,10,0,2
exp004-minilm-v2-n5-s22,5,22,1.0,1.0,card_payment_not_recognised,10,10,0,7
exp004-minilm-v2-n5-s22,5,22,1.0,1.0,edit_personal_details,10,10,0,0
exp004-minilm-v2-n5-s22,5,22,1.0,1.0,why_verify_identity,10,10,0,1
exp004-minilm-v2-n5-s22,5,22,1.0,1.0,unable_to_verify_identity,10,10,0,3
exp004-minilm-v2-n5-s22,5,22,1.0,1.0,get_physical_card,10,10,0,3
exp004-minilm-v2-n5-s22,5,22,1.0,1.0,visa_or_mastercard,10,10,0,0
exp004-minilm-v2-n5-s22,5,22,1.0,1.0,topping_up_by_card,10,10,0,9
exp004-minilm-v2-n5-s22,5,22,1.0,1.0,disposable_card_limits,10,10,0,0
exp004-minilm-v2-n5-s22,5,22,1.0,1.0,compromised_card,10,10,0,0
exp004-minilm-v2-n5-s22,5,22,1.0,1.0,atm_support,10,10,0,2
exp004-minilm-v2-n5-s22,5,22,1.0,1.0,direct_debit_payment_not_recognised,10,10,0,6
exp004-minilm-v2-n5-s22,5,22,1.0,1.0,passcode_forgotten,10,10,0,0
exp004-minilm-v2-n5-s22,5,22,1.0,1.0,declined_cash_withdrawal,10,10,0,8
exp004-minilm-v2-n5-s22,5,22,1.0,1.0,pending_card_payment,10,10,0,0
exp004-minilm-v2-n5-s22,5,22,1.0,1.0,lost_or_stolen_phone,10,10,0,1
exp004-minilm-v2-n5-s22,5,22,1.0,1.0,request_refund,10,10,0,0
exp004-minilm-v2-n5-s22,5,22,1.0,1.0,declined_transfer,10,10,0,1
exp004-minilm-v2-n5-s22,5,22,1.0,1.0,Refund_not_showing_up,10,10,0,0
exp004-minilm-v2-n5-s22,5,22,1.0,1.0,declined_card_payment,10,10,0,4
exp004-minilm-v2-n5-s22,5,22,1.0,1.0,pending_transfer,10,10,0,3
exp004-minilm-v2-n5-s22,5,22,1.0,1.0,terminate_account,10,10,0,0
exp004-minilm-v2-n5-s22,5,22,1.0,1.0,card_swallowed,10,10,0,2
exp004-minilm-v2-n5-s22,5,22,1.0,1.0,transaction_charged_twice,10,10,0,2
exp004-minilm-v2-n5-s22,5,22,1.0,1.0,verify_source_of_funds,10,10,0,0
exp004-minilm-v2-n5-s22,5,22,1.0,1.0,transfer_timing,10,10,0,5
exp004-minilm-v2-n5-s22,5,22,1.0,1.0,reverted_card_payment?,10,10,0,6
exp004-minilm-v2-n5-s22,5,22,1.0,1.0,change_pin,10,10,0,1
exp004-minilm-v2-n5-s22,5,22,1.0,1.0,beneficiary_not_allowed,10,10,0,5
exp004-minilm-v2-n5-s22,5,22,1.0,1.0,transfer_fee_charged,10,10,0,4
exp004-minilm-v2-n5-s22,5,22,1.0,1.0,receiving_money,10,10,0,1
exp004-minilm-v2-n5-s22,5,22,1.0,1.0,failed_transfer,10,10,0,1
exp004-minilm-v2-n5-s22,5,22,1.0,1.0,transfer_into_account,10,10,0,1
exp004-minilm-v2-n5-s22,5,22,1.0,1.0,verify_top_up,10,10,0,3
exp004-minilm-v2-n5-s22,5,22,1.0,1.0,getting_spare_card,10,10,0,6
exp004-minilm-v2-n5-s22,5,22,1.0,1.0,top_up_by_cash_or_cheque,10,10,0,4
exp004-minilm-v2-n5-s22,5,22,1.0,1.0,order_physical_card,10,10,0,3
exp004-minilm-v2-n5-s22,5,22,1.0,1.0,virtual_card_not_working,10,10,0,4
exp004-minilm-v2-n5-s22,5,22,1.0,1.0,wrong_exchange_rate_for_cash_withdrawal,10,10,0,6
exp004-minilm-v2-n5-s22,5,22,1.0,1.0,get_disposable_virtual_card,10,10,0,1
exp004-minilm-v2-n5-s22,5,22,1.0,1.0,top_up_failed,10,10,0,3
exp004-minilm-v2-n5-s22,5,22,1.0,1.0,balance_not_updated_after_bank_transfer,10,10,0,6
exp004-minilm-v2-n5-s22,5,22,1.0,1.0,cash_withdrawal_not_recognised,10,10,0,6
exp004-minilm-v2-n5-s22,5,22,1.0,1.0,exchange_charge,10,10,0,1
exp004-minilm-v2-n5-s22,5,22,1.0,1.0,top_up_by_card_charge,10,10,0,1
exp004-minilm-v2-n5-s22,5,22,1.0,1.0,activate_my_card,10,10,0,0
exp004-minilm-v2-n5-s22,5,22,1.0,1.0,cash_withdrawal_charge,10,10,0,2
exp004-minilm-v2-n5-s22,5,22,1.0,1.0,card_about_to_expire,10,10,0,0
exp004-minilm-v2-n5-s22,5,22,1.0,1.0,apple_pay_or_google_pay,10,10,0,2
exp004-minilm-v2-n5-s22,5,22,1.0,1.0,verify_my_identity,10,10,0,4
exp004-minilm-v2-n5-s22,5,22,1.0,1.0,country_support,10,10,0,1
exp004-minilm-v2-n5-s33,5,33,0.25,0.2506493506493506,card_arrival,10,0,10,0
exp004-minilm-v2-n5-s33,5,33,0.25,0.2506493506493506,card_linking,10,0,10,0
exp004-minilm-v2-n5-s33,5,33,0.25,0.2506493506493506,exchange_rate,10,9,1,0
exp004-minilm-v2-n5-s33,5,33,0.25,0.2506493506493506,card_payment_wrong_exchange_rate,10,3,7,1
exp004-minilm-v2-n5-s33,5,33,0.25,0.2506493506493506,extra_charge_on_statement,10,0,10,0
exp004-minilm-v2-n5-s33,5,33,0.25,0.2506493506493506,pending_cash_withdrawal,10,0,10,0
exp004-minilm-v2-n5-s33,5,33,0.25,0.2506493506493506,fiat_currency_support,10,6,4,0
exp004-minilm-v2-n5-s33,5,33,0.25,0.2506493506493506,card_delivery_estimate,10,2,8,0
exp004-minilm-v2-n5-s33,5,33,0.25,0.2506493506493506,automatic_top_up,10,2,8,2
exp004-minilm-v2-n5-s33,5,33,0.25,0.2506493506493506,card_not_working,10,0,10,0
exp004-minilm-v2-n5-s33,5,33,0.25,0.2506493506493506,exchange_via_app,10,1,9,1
exp004-minilm-v2-n5-s33,5,33,0.25,0.2506493506493506,lost_or_stolen_card,10,0,10,0
exp004-minilm-v2-n5-s33,5,33,0.25,0.2506493506493506,age_limit,10,5,5,0
exp004-minilm-v2-n5-s33,5,33,0.25,0.2506493506493506,pin_blocked,10,4,6,0
exp004-minilm-v2-n5-s33,5,33,0.25,0.2506493506493506,contactless_not_working,10,3,7,0
exp004-minilm-v2-n5-s33,5,33,0.25,0.2506493506493506,top_up_by_bank_transfer_charge,10,1,9,0
exp004-minilm-v2-n5-s33,5,33,0.25,0.2506493506493506,pending_top_up,10,4,6,1
exp004-minilm-v2-n5-s33,5,33,0.25,0.2506493506493506,cancel_transfer,10,0,10,0
exp004-minilm-v2-n5-s33,5,33,0.25,0.2506493506493506,top_up_limits,10,7,3,0
exp004-minilm-v2-n5-s33,5,33,0.25,0.2506493506493506,wrong_amount_of_cash_received,10,0,10,0
exp004-minilm-v2-n5-s33,5,33,0.25,0.2506493506493506,card_payment_fee_charged,10,0,10,0
exp004-minilm-v2-n5-s33,5,33,0.25,0.2506493506493506,transfer_not_received_by_recipient,10,1,9,0
exp004-minilm-v2-n5-s33,5,33,0.25,0.2506493506493506,supported_cards_and_currencies,10,1,9,1
exp004-minilm-v2-n5-s33,5,33,0.25,0.2506493506493506,getting_virtual_card,10,5,5,0
exp004-minilm-v2-n5-s33,5,33,0.25,0.2506493506493506,card_acceptance,10,0,10,0
exp004-minilm-v2-n5-s33,5,33,0.25,0.2506493506493506,top_up_reverted,10,2,8,1
exp004-minilm-v2-n5-s33,5,33,0.25,0.2506493506493506,balance_not_updated_after_cheque_or_cash_deposit,10,0,10,0
exp004-minilm-v2-n5-s33,5,33,0.25,0.2506493506493506,card_payment_not_recognised,10,0,10,0
exp004-minilm-v2-n5-s33,5,33,0.25,0.2506493506493506,edit_personal_details,10,2,8,0
exp004-minilm-v2-n5-s33,5,33,0.25,0.2506493506493506,why_verify_identity,10,5,5,0
exp004-minilm-v2-n5-s33,5,33,0.25,0.2506493506493506,unable_to_verify_identity,10,5,5,2
exp004-minilm-v2-n5-s33,5,33,0.25,0.2506493506493506,get_physical_card,10,3,7,0
exp004-minilm-v2-n5-s33,5,33,0.25,0.2506493506493506,visa_or_mastercard,10,5,5,0
exp004-minilm-v2-n5-s33,5,33,0.25,0.2506493506493506,topping_up_by_card,10,0,10,0
exp004-minilm-v2-n5-s33,5,33,0.25,0.2506493506493506,disposable_card_limits,10,8,2,0
exp004-minilm-v2-n5-s33,5,33,0.25,0.2506493506493506,compromised_card,10,0,10,0
exp004-minilm-v2-n5-s33,5,33,0.25,0.2506493506493506,atm_support,10,6,4,0
exp004-minilm-v2-n5-s33,5,33,0.25,0.2506493506493506,direct_debit_payment_not_recognised,10,0,10,0
exp004-minilm-v2-n5-s33,5,33,0.25,0.2506493506493506,passcode_forgotten,10,6,4,0
exp004-minilm-v2-n5-s33,5,33,0.25,0.2506493506493506,declined_cash_withdrawal,10,0,10,0
exp004-minilm-v2-n5-s33,5,33,0.25,0.2506493506493506,pending_card_payment,10,0,10,0
exp004-minilm-v2-n5-s33,5,33,0.25,0.2506493506493506,lost_or_stolen_phone,10,5,5,0
exp004-minilm-v2-n5-s33,5,33,0.25,0.2506493506493506,request_refund,10,3,7,1
exp004-minilm-v2-n5-s33,5,33,0.25,0.2506493506493506,declined_transfer,10,4,6,0
exp004-minilm-v2-n5-s33,5,33,0.25,0.2506493506493506,Refund_not_showing_up,10,4,6,0
exp004-minilm-v2-n5-s33,5,33,0.25,0.2506493506493506,declined_card_payment,10,1,9,0
exp004-minilm-v2-n5-s33,5,33,0.25,0.2506493506493506,pending_transfer,10,0,10,0
exp004-minilm-v2-n5-s33,5,33,0.25,0.2506493506493506,terminate_account,10,10,0,0
exp004-minilm-v2-n5-s33,5,33,0.25,0.2506493506493506,card_swallowed,10,2,8,0
exp004-minilm-v2-n5-s33,5,33,0.25,0.2506493506493506,transaction_charged_twice,10,3,7,0
exp004-minilm-v2-n5-s33,5,33,0.25,0.2506493506493506,verify_source_of_funds,10,6,4,0
exp004-minilm-v2-n5-s33,5,33,0.25,0.2506493506493506,transfer_timing,10,3,7,0
exp004-minilm-v2-n5-s33,5,33,0.25,0.2506493506493506,reverted_card_payment?,10,0,10,0
exp004-minilm-v2-n5-s33,5,33,0.25,0.2506493506493506,change_pin,10,8,2,0
exp004-minilm-v2-n5-s33,5,33,0.25,0.2506493506493506,beneficiary_not_allowed,10,5,5,0
exp004-minilm-v2-n5-s33,5,33,0.25,0.2506493506493506,transfer_fee_charged,10,0,10,0
exp004-minilm-v2-n5-s33,5,33,0.25,0.2506493506493506,receiving_money,10,0,10,0
exp004-minilm-v2-n5-s33,5,33,0.25,0.2506493506493506,failed_transfer,10,0,10,0
exp004-minilm-v2-n5-s33,5,33,0.25,0.2506493506493506,transfer_into_account,10,1,9,0
exp004-minilm-v2-n5-s33,5,33,0.25,0.2506493506493506,verify_top_up,10,5,5,0
exp004-minilm-v2-n5-s33,5,33,0.25,0.2506493506493506,getting_spare_card,10,0,10,0
exp004-minilm-v2-n5-s33,5,33,0.25,0.2506493506493506,top_up_by_cash_or_cheque,10,2,8,0
exp004-minilm-v2-n5-s33,5,33,0.25,0.2506493506493506,order_physical_card,10,0,10,0
exp004-minilm-v2-n5-s33,5,33,0.25,0.2506493506493506,virtual_card_not_working,10,6,4,0
exp004-minilm-v2-n5-s33,5,33,0.25,0.2506493506493506,wrong_exchange_rate_for_cash_withdrawal,10,1,9,0
exp004-minilm-v2-n5-s33,5,33,0.25,0.2506493506493506,get_disposable_virtual_card,10,6,4,0
exp004-minilm-v2-n5-s33,5,33,0.25,0.2506493506493506,top_up_failed,10,4,6,4
exp004-minilm-v2-n5-s33,5,33,0.25,0.2506493506493506,balance_not_updated_after_bank_transfer,10,0,10,0
exp004-minilm-v2-n5-s33,5,33,0.25,0.2506493506493506,cash_withdrawal_not_recognised,10,0,10,0
exp004-minilm-v2-n5-s33,5,33,0.25,0.2506493506493506,exchange_charge,10,6,4,0
exp004-minilm-v2-n5-s33,5,33,0.25,0.2506493506493506,top_up_by_card_charge,10,0,10,0
exp004-minilm-v2-n5-s33,5,33,0.25,0.2506493506493506,activate_my_card,10,2,8,0
exp004-minilm-v2-n5-s33,5,33,0.25,0.2506493506493506,cash_withdrawal_charge,10,1,9,0
exp004-minilm-v2-n5-s33,5,33,0.25,0.2506493506493506,card_about_to_expire,10,0,10,0
exp004-minilm-v2-n5-s33,5,33,0.25,0.2506493506493506,apple_pay_or_google_pay,10,1,9,0
exp004-minilm-v2-n5-s33,5,33,0.25,0.2506493506493506,verify_my_identity,10,7,3,0
exp004-minilm-v2-n5-s33,5,33,0.25,0.2506493506493506,country_support,10,1,9,0
exp004-minilm-v2-n5-s33,5,33,0.5,0.5,card_arrival,10,0,10,0
exp004-minilm-v2-n5-s33,5,33,0.5,0.5,card_linking,10,2,8,0
exp004-minilm-v2-n5-s33,5,33,0.5,0.5,exchange_rate,10,9,1,0
exp004-minilm-v2-n5-s33,5,33,0.5,0.5,card_payment_wrong_exchange_rate,10,6,4,2
exp004-minilm-v2-n5-s33,5,33,0.5,0.5,extra_charge_on_statement,10,1,9,0
exp004-minilm-v2-n5-s33,5,33,0.5,0.5,pending_cash_withdrawal,10,5,5,0
exp004-minilm-v2-n5-s33,5,33,0.5,0.5,fiat_currency_support,10,7,3,0
exp004-minilm-v2-n5-s33,5,33,0.5,0.5,card_delivery_estimate,10,2,8,0
exp004-minilm-v2-n5-s33,5,33,0.5,0.5,automatic_top_up,10,7,3,3
exp004-minilm-v2-n5-s33,5,33,0.5,0.5,card_not_working,10,3,7,0
exp004-minilm-v2-n5-s33,5,33,0.5,0.5,exchange_via_app,10,9,1,1
exp004-minilm-v2-n5-s33,5,33,0.5,0.5,lost_or_stolen_card,10,0,10,0
exp004-minilm-v2-n5-s33,5,33,0.5,0.5,age_limit,10,10,0,0
exp004-minilm-v2-n5-s33,5,33,0.5,0.5,pin_blocked,10,9,1,0
exp004-minilm-v2-n5-s33,5,33,0.5,0.5,contactless_not_working,10,4,6,0
exp004-minilm-v2-n5-s33,5,33,0.5,0.5,top_up_by_bank_transfer_charge,10,3,7,0
exp004-minilm-v2-n5-s33,5,33,0.5,0.5,pending_top_up,10,7,3,1
exp004-minilm-v2-n5-s33,5,33,0.5,0.5,cancel_transfer,10,1,9,0
exp004-minilm-v2-n5-s33,5,33,0.5,0.5,top_up_limits,10,9,1,1
exp004-minilm-v2-n5-s33,5,33,0.5,0.5,wrong_amount_of_cash_received,10,1,9,0
exp004-minilm-v2-n5-s33,5,33,0.5,0.5,card_payment_fee_charged,10,5,5,0
exp004-minilm-v2-n5-s33,5,33,0.5,0.5,transfer_not_received_by_recipient,10,3,7,0
exp004-minilm-v2-n5-s33,5,33,0.5,0.5,supported_cards_and_currencies,10,2,8,2
exp004-minilm-v2-n5-s33,5,33,0.5,0.5,getting_virtual_card,10,10,0,3
exp004-minilm-v2-n5-s33,5,33,0.5,0.5,card_acceptance,10,3,7,0
exp004-minilm-v2-n5-s33,5,33,0.5,0.5,top_up_reverted,10,5,5,2
exp004-minilm-v2-n5-s33,5,33,0.5,0.5,balance_not_updated_after_cheque_or_cash_deposit,10,2,8,0
exp004-minilm-v2-n5-s33,5,33,0.5,0.5,card_payment_not_recognised,10,1,9,0
exp004-minilm-v2-n5-s33,5,33,0.5,0.5,edit_personal_details,10,7,3,0
exp004-minilm-v2-n5-s33,5,33,0.5,0.5,why_verify_identity,10,9,1,1
exp004-minilm-v2-n5-s33,5,33,0.5,0.5,unable_to_verify_identity,10,8,2,4
exp004-minilm-v2-n5-s33,5,33,0.5,0.5,get_physical_card,10,8,2,2
exp004-minilm-v2-n5-s33,5,33,0.5,0.5,visa_or_mastercard,10,9,1,0
exp004-minilm-v2-n5-s33,5,33,0.5,0.5,topping_up_by_card,10,2,8,2
exp004-minilm-v2-n5-s33,5,33,0.5,0.5,disposable_card_limits,10,9,1,0
exp004-minilm-v2-n5-s33,5,33,0.5,0.5,compromised_card,10,0,10,0
exp004-minilm-v2-n5-s33,5,33,0.5,0.5,atm_support,10,8,2,0
exp004-minilm-v2-n5-s33,5,33,0.5,0.5,direct_debit_payment_not_recognised,10,0,10,0
exp004-minilm-v2-n5-s33,5,33,0.5,0.5,passcode_forgotten,10,7,3,0
exp004-minilm-v2-n5-s33,5,33,0.5,0.5,declined_cash_withdrawal,10,0,10,0
exp004-minilm-v2-n5-s33,5,33,0.5,0.5,pending_card_payment,10,4,6,0
exp004-minilm-v2-n5-s33,5,33,0.5,0.5,lost_or_stolen_phone,10,9,1,0
exp004-minilm-v2-n5-s33,5,33,0.5,0.5,request_refund,10,7,3,3
exp004-minilm-v2-n5-s33,5,33,0.5,0.5,declined_transfer,10,6,4,0
exp004-minilm-v2-n5-s33,5,33,0.5,0.5,Refund_not_showing_up,10,6,4,0
exp004-minilm-v2-n5-s33,5,33,0.5,0.5,declined_card_payment,10,2,8,0
exp004-minilm-v2-n5-s33,5,33,0.5,0.5,pending_transfer,10,8,2,2
exp004-minilm-v2-n5-s33,5,33,0.5,0.5,terminate_account,10,10,0,0
exp004-minilm-v2-n5-s33,5,33,0.5,0.5,card_swallowed,10,6,4,0
exp004-minilm-v2-n5-s33,5,33,0.5,0.5,transaction_charged_twice,10,7,3,0
exp004-minilm-v2-n5-s33,5,33,0.5,0.5,verify_source_of_funds,10,8,2,0
exp004-minilm-v2-n5-s33,5,33,0.5,0.5,transfer_timing,10,5,5,0
exp004-minilm-v2-n5-s33,5,33,0.5,0.5,reverted_card_payment?,10,1,9,1
exp004-minilm-v2-n5-s33,5,33,0.5,0.5,change_pin,10,10,0,0
exp004-minilm-v2-n5-s33,5,33,0.5,0.5,beneficiary_not_allowed,10,8,2,2
exp004-minilm-v2-n5-s33,5,33,0.5,0.5,transfer_fee_charged,10,0,10,0
exp004-minilm-v2-n5-s33,5,33,0.5,0.5,receiving_money,10,2,8,0
exp004-minilm-v2-n5-s33,5,33,0.5,0.5,failed_transfer,10,6,4,0
exp004-minilm-v2-n5-s33,5,33,0.5,0.5,transfer_into_account,10,4,6,0
exp004-minilm-v2-n5-s33,5,33,0.5,0.5,verify_top_up,10,6,4,0
exp004-minilm-v2-n5-s33,5,33,0.5,0.5,getting_spare_card,10,1,9,1
exp004-minilm-v2-n5-s33,5,33,0.5,0.5,top_up_by_cash_or_cheque,10,5,5,3
exp004-minilm-v2-n5-s33,5,33,0.5,0.5,order_physical_card,10,3,7,0
exp004-minilm-v2-n5-s33,5,33,0.5,0.5,virtual_card_not_working,10,6,4,0
exp004-minilm-v2-n5-s33,5,33,0.5,0.5,wrong_exchange_rate_for_cash_withdrawal,10,6,4,3
exp004-minilm-v2-n5-s33,5,33,0.5,0.5,get_disposable_virtual_card,10,8,2,1
exp004-minilm-v2-n5-s33,5,33,0.5,0.5,top_up_failed,10,5,5,5
exp004-minilm-v2-n5-s33,5,33,0.5,0.5,balance_not_updated_after_bank_transfer,10,1,9,1
exp004-minilm-v2-n5-s33,5,33,0.5,0.5,cash_withdrawal_not_recognised,10,0,10,0
exp004-minilm-v2-n5-s33,5,33,0.5,0.5,exchange_charge,10,8,2,0
exp004-minilm-v2-n5-s33,5,33,0.5,0.5,top_up_by_card_charge,10,1,9,0
exp004-minilm-v2-n5-s33,5,33,0.5,0.5,activate_my_card,10,9,1,0
exp004-minilm-v2-n5-s33,5,33,0.5,0.5,cash_withdrawal_charge,10,3,7,0
exp004-minilm-v2-n5-s33,5,33,0.5,0.5,card_about_to_expire,10,3,7,0
exp004-minilm-v2-n5-s33,5,33,0.5,0.5,apple_pay_or_google_pay,10,5,5,0
exp004-minilm-v2-n5-s33,5,33,0.5,0.5,verify_my_identity,10,9,1,1
exp004-minilm-v2-n5-s33,5,33,0.5,0.5,country_support,10,4,6,0
exp004-minilm-v2-n5-s33,5,33,0.75,0.7506493506493507,card_arrival,10,1,9,1
exp004-minilm-v2-n5-s33,5,33,0.75,0.7506493506493507,card_linking,10,5,5,1
exp004-minilm-v2-n5-s33,5,33,0.75,0.7506493506493507,exchange_rate,10,10,0,1
exp004-minilm-v2-n5-s33,5,33,0.75,0.7506493506493507,card_payment_wrong_exchange_rate,10,9,1,2
exp004-minilm-v2-n5-s33,5,33,0.75,0.7506493506493507,extra_charge_on_statement,10,9,1,3
exp004-minilm-v2-n5-s33,5,33,0.75,0.7506493506493507,pending_cash_withdrawal,10,8,2,0
exp004-minilm-v2-n5-s33,5,33,0.75,0.7506493506493507,fiat_currency_support,10,9,1,0
exp004-minilm-v2-n5-s33,5,33,0.75,0.7506493506493507,card_delivery_estimate,10,3,7,1
exp004-minilm-v2-n5-s33,5,33,0.75,0.7506493506493507,automatic_top_up,10,10,0,4
exp004-minilm-v2-n5-s33,5,33,0.75,0.7506493506493507,card_not_working,10,8,2,2
exp004-minilm-v2-n5-s33,5,33,0.75,0.7506493506493507,exchange_via_app,10,10,0,1
exp004-minilm-v2-n5-s33,5,33,0.75,0.7506493506493507,lost_or_stolen_card,10,8,2,3
exp004-minilm-v2-n5-s33,5,33,0.75,0.7506493506493507,age_limit,10,10,0,0
exp004-minilm-v2-n5-s33,5,33,0.75,0.7506493506493507,pin_blocked,10,10,0,0
exp004-minilm-v2-n5-s33,5,33,0.75,0.7506493506493507,contactless_not_working,10,6,4,0
exp004-minilm-v2-n5-s33,5,33,0.75,0.7506493506493507,top_up_by_bank_transfer_charge,10,5,5,0
exp004-minilm-v2-n5-s33,5,33,0.75,0.7506493506493507,pending_top_up,10,7,3,1
exp004-minilm-v2-n5-s33,5,33,0.75,0.7506493506493507,cancel_transfer,10,7,3,1
exp004-minilm-v2-n5-s33,5,33,0.75,0.7506493506493507,top_up_limits,10,9,1,1
exp004-minilm-v2-n5-s33,5,33,0.75,0.7506493506493507,wrong_amount_of_cash_received,10,4,6,1
exp004-minilm-v2-n5-s33,5,33,0.75,0.7506493506493507,card_payment_fee_charged,10,10,0,1
exp004-minilm-v2-n5-s33,5,33,0.75,0.7506493506493507,transfer_not_received_by_recipient,10,7,3,4
exp004-minilm-v2-n5-s33,5,33,0.75,0.7506493506493507,supported_cards_and_currencies,10,6,4,6
exp004-minilm-v2-n5-s33,5,33,0.75,0.7506493506493507,getting_virtual_card,10,10,0,3
exp004-minilm-v2-n5-s33,5,33,0.75,0.7506493506493507,card_acceptance,10,5,5,1
exp004-minilm-v2-n5-s33,5,33,0.75,0.7506493506493507,top_up_reverted,10,8,2,2
exp004-minilm-v2-n5-s33,5,33,0.75,0.7506493506493507,balance_not_updated_after_cheque_or_cash_deposit,10,7,3,0
exp004-minilm-v2-n5-s33,5,33,0.75,0.7506493506493507,card_payment_not_recognised,10,1,9,0
exp004-minilm-v2-n5-s33,5,33,0.75,0.7506493506493507,edit_personal_details,10,9,1,0
exp004-minilm-v2-n5-s33,5,33,0.75,0.7506493506493507,why_verify_identity,10,10,0,2
exp004-minilm-v2-n5-s33,5,33,0.75,0.7506493506493507,unable_to_verify_identity,10,10,0,4
exp004-minilm-v2-n5-s33,5,33,0.75,0.7506493506493507,get_physical_card,10,10,0,4
exp004-minilm-v2-n5-s33,5,33,0.75,0.7506493506493507,visa_or_mastercard,10,9,1,0
exp004-minilm-v2-n5-s33,5,33,0.75,0.7506493506493507,topping_up_by_card,10,7,3,7
exp004-minilm-v2-n5-s33,5,33,0.75,0.7506493506493507,disposable_card_limits,10,10,0,0
exp004-minilm-v2-n5-s33,5,33,0.75,0.7506493506493507,compromised_card,10,0,10,0
exp004-minilm-v2-n5-s33,5,33,0.75,0.7506493506493507,atm_support,10,9,1,0
exp004-minilm-v2-n5-s33,5,33,0.75,0.7506493506493507,direct_debit_payment_not_recognised,10,3,7,1
exp004-minilm-v2-n5-s33,5,33,0.75,0.7506493506493507,passcode_forgotten,10,10,0,1
exp004-minilm-v2-n5-s33,5,33,0.75,0.7506493506493507,declined_cash_withdrawal,10,4,6,3
exp004-minilm-v2-n5-s33,5,33,0.75,0.7506493506493507,pending_card_payment,10,10,0,0
exp004-minilm-v2-n5-s33,5,33,0.75,0.7506493506493507,lost_or_stolen_phone,10,9,1,0
exp004-minilm-v2-n5-s33,5,33,0.75,0.7506493506493507,request_refund,10,10,0,4
exp004-minilm-v2-n5-s33,5,33,0.75,0.7506493506493507,declined_transfer,10,9,1,1
exp004-minilm-v2-n5-s33,5,33,0.75,0.7506493506493507,Refund_not_showing_up,10,10,0,4
exp004-minilm-v2-n5-s33,5,33,0.75,0.7506493506493507,declined_card_payment,10,2,8,0
exp004-minilm-v2-n5-s33,5,33,0.75,0.7506493506493507,pending_transfer,10,9,1,3
exp004-minilm-v2-n5-s33,5,33,0.75,0.7506493506493507,terminate_account,10,10,0,0
exp004-minilm-v2-n5-s33,5,33,0.75,0.7506493506493507,card_swallowed,10,9,1,1
exp004-minilm-v2-n5-s33,5,33,0.75,0.7506493506493507,transaction_charged_twice,10,9,1,0
exp004-minilm-v2-n5-s33,5,33,0.75,0.7506493506493507,verify_source_of_funds,10,10,0,0
exp004-minilm-v2-n5-s33,5,33,0.75,0.7506493506493507,transfer_timing,10,7,3,0
exp004-minilm-v2-n5-s33,5,33,0.75,0.7506493506493507,reverted_card_payment?,10,2,8,2
exp004-minilm-v2-n5-s33,5,33,0.75,0.7506493506493507,change_pin,10,10,0,0
exp004-minilm-v2-n5-s33,5,33,0.75,0.7506493506493507,beneficiary_not_allowed,10,9,1,3
exp004-minilm-v2-n5-s33,5,33,0.75,0.7506493506493507,transfer_fee_charged,10,7,3,5
exp004-minilm-v2-n5-s33,5,33,0.75,0.7506493506493507,receiving_money,10,5,5,1
exp004-minilm-v2-n5-s33,5,33,0.75,0.7506493506493507,failed_transfer,10,10,0,1
exp004-minilm-v2-n5-s33,5,33,0.75,0.7506493506493507,transfer_into_account,10,9,1,1
exp004-minilm-v2-n5-s33,5,33,0.75,0.7506493506493507,verify_top_up,10,8,2,0
exp004-minilm-v2-n5-s33,5,33,0.75,0.7506493506493507,getting_spare_card,10,3,7,2
exp004-minilm-v2-n5-s33,5,33,0.75,0.7506493506493507,top_up_by_cash_or_cheque,10,7,3,3
exp004-minilm-v2-n5-s33,5,33,0.75,0.7506493506493507,order_physical_card,10,5,5,0
exp004-minilm-v2-n5-s33,5,33,0.75,0.7506493506493507,virtual_card_not_working,10,10,0,1
exp004-minilm-v2-n5-s33,5,33,0.75,0.7506493506493507,wrong_exchange_rate_for_cash_withdrawal,10,7,3,3
exp004-minilm-v2-n5-s33,5,33,0.75,0.7506493506493507,get_disposable_virtual_card,10,10,0,2
exp004-minilm-v2-n5-s33,5,33,0.75,0.7506493506493507,top_up_failed,10,6,4,5
exp004-minilm-v2-n5-s33,5,33,0.75,0.7506493506493507,balance_not_updated_after_bank_transfer,10,4,6,2
exp004-minilm-v2-n5-s33,5,33,0.75,0.7506493506493507,cash_withdrawal_not_recognised,10,2,8,1
exp004-minilm-v2-n5-s33,5,33,0.75,0.7506493506493507,exchange_charge,10,9,1,1
exp004-minilm-v2-n5-s33,5,33,0.75,0.7506493506493507,top_up_by_card_charge,10,5,5,0
exp004-minilm-v2-n5-s33,5,33,0.75,0.7506493506493507,activate_my_card,10,10,0,0
exp004-minilm-v2-n5-s33,5,33,0.75,0.7506493506493507,cash_withdrawal_charge,10,8,2,1
exp004-minilm-v2-n5-s33,5,33,0.75,0.7506493506493507,card_about_to_expire,10,9,1,0
exp004-minilm-v2-n5-s33,5,33,0.75,0.7506493506493507,apple_pay_or_google_pay,10,8,2,0
exp004-minilm-v2-n5-s33,5,33,0.75,0.7506493506493507,verify_my_identity,10,9,1,1
exp004-minilm-v2-n5-s33,5,33,0.75,0.7506493506493507,country_support,10,9,1,1
exp004-minilm-v2-n5-s33,5,33,0.9,0.9,card_arrival,10,7,3,5
exp004-minilm-v2-n5-s33,5,33,0.9,0.9,card_linking,10,10,0,4
exp004-minilm-v2-n5-s33,5,33,0.9,0.9,exchange_rate,10,10,0,1
exp004-minilm-v2-n5-s33,5,33,0.9,0.9,card_payment_wrong_exchange_rate,10,10,0,2
exp004-minilm-v2-n5-s33,5,33,0.9,0.9,extra_charge_on_statement,10,10,0,4
exp004-minilm-v2-n5-s33,5,33,0.9,0.9,pending_cash_withdrawal,10,9,1,0
exp004-minilm-v2-n5-s33,5,33,0.9,0.9,fiat_currency_support,10,9,1,0
exp004-minilm-v2-n5-s33,5,33,0.9,0.9,card_delivery_estimate,10,10,0,7
exp004-minilm-v2-n5-s33,5,33,0.9,0.9,automatic_top_up,10,10,0,4
exp004-minilm-v2-n5-s33,5,33,0.9,0.9,card_not_working,10,10,0,2
exp004-minilm-v2-n5-s33,5,33,0.9,0.9,exchange_via_app,10,10,0,1
exp004-minilm-v2-n5-s33,5,33,0.9,0.9,lost_or_stolen_card,10,9,1,3
exp004-minilm-v2-n5-s33,5,33,0.9,0.9,age_limit,10,10,0,0
exp004-minilm-v2-n5-s33,5,33,0.9,0.9,pin_blocked,10,10,0,0
exp004-minilm-v2-n5-s33,5,33,0.9,0.9,contactless_not_working,10,7,3,0
exp004-minilm-v2-n5-s33,5,33,0.9,0.9,top_up_by_bank_transfer_charge,10,7,3,0
exp004-minilm-v2-n5-s33,5,33,0.9,0.9,pending_top_up,10,9,1,1
exp004-minilm-v2-n5-s33,5,33,0.9,0.9,cancel_transfer,10,10,0,1
exp004-minilm-v2-n5-s33,5,33,0.9,0.9,top_up_limits,10,9,1,1
exp004-minilm-v2-n5-s33,5,33,0.9,0.9,wrong_amount_of_cash_received,10,9,1,2
exp004-minilm-v2-n5-s33,5,33,0.9,0.9,card_payment_fee_charged,10,10,0,1
exp004-minilm-v2-n5-s33,5,33,0.9,0.9,transfer_not_received_by_recipient,10,10,0,6
exp004-minilm-v2-n5-s33,5,33,0.9,0.9,supported_cards_and_currencies,10,8,2,8
exp004-minilm-v2-n5-s33,5,33,0.9,0.9,getting_virtual_card,10,10,0,3
exp004-minilm-v2-n5-s33,5,33,0.9,0.9,card_acceptance,10,7,3,1
exp004-minilm-v2-n5-s33,5,33,0.9,0.9,top_up_reverted,10,9,1,2
exp004-minilm-v2-n5-s33,5,33,0.9,0.9,balance_not_updated_after_cheque_or_cash_deposit,10,9,1,0
exp004-minilm-v2-n5-s33,5,33,0.9,0.9,card_payment_not_recognised,10,4,6,1
exp004-minilm-v2-n5-s33,5,33,0.9,0.9,edit_personal_details,10,9,1,0
exp004-minilm-v2-n5-s33,5,33,0.9,0.9,why_verify_identity,10,10,0,2
exp004-minilm-v2-n5-s33,5,33,0.9,0.9,unable_to_verify_identity,10,10,0,4
exp004-minilm-v2-n5-s33,5,33,0.9,0.9,get_physical_card,10,10,0,4
exp004-minilm-v2-n5-s33,5,33,0.9,0.9,visa_or_mastercard,10,9,1,0
exp004-minilm-v2-n5-s33,5,33,0.9,0.9,topping_up_by_card,10,10,0,10
exp004-minilm-v2-n5-s33,5,33,0.9,0.9,disposable_card_limits,10,10,0,0
exp004-minilm-v2-n5-s33,5,33,0.9,0.9,compromised_card,10,6,4,0
exp004-minilm-v2-n5-s33,5,33,0.9,0.9,atm_support,10,10,0,1
exp004-minilm-v2-n5-s33,5,33,0.9,0.9,direct_debit_payment_not_recognised,10,7,3,1
exp004-minilm-v2-n5-s33,5,33,0.9,0.9,passcode_forgotten,10,10,0,1
exp004-minilm-v2-n5-s33,5,33,0.9,0.9,declined_cash_withdrawal,10,9,1,5
exp004-minilm-v2-n5-s33,5,33,0.9,0.9,pending_card_payment,10,10,0,0
exp004-minilm-v2-n5-s33,5,33,0.9,0.9,lost_or_stolen_phone,10,10,0,1
exp004-minilm-v2-n5-s33,5,33,0.9,0.9,request_refund,10,10,0,4
exp004-minilm-v2-n5-s33,5,33,0.9,0.9,declined_transfer,10,9,1,1
exp004-minilm-v2-n5-s33,5,33,0.9,0.9,Refund_not_showing_up,10,10,0,4
exp004-minilm-v2-n5-s33,5,33,0.9,0.9,declined_card_payment,10,7,3,3
exp004-minilm-v2-n5-s33,5,33,0.9,0.9,pending_transfer,10,10,0,4
exp004-minilm-v2-n5-s33,5,33,0.9,0.9,terminate_account,10,10,0,0
exp004-minilm-v2-n5-s33,5,33,0.9,0.9,card_swallowed,10,10,0,2
exp004-minilm-v2-n5-s33,5,33,0.9,0.9,transaction_charged_twice,10,9,1,0
exp004-minilm-v2-n5-s33,5,33,0.9,0.9,verify_source_of_funds,10,10,0,0
exp004-minilm-v2-n5-s33,5,33,0.9,0.9,transfer_timing,10,8,2,0
exp004-minilm-v2-n5-s33,5,33,0.9,0.9,reverted_card_payment?,10,3,7,3
exp004-minilm-v2-n5-s33,5,33,0.9,0.9,change_pin,10,10,0,0
exp004-minilm-v2-n5-s33,5,33,0.9,0.9,beneficiary_not_allowed,10,9,1,3
exp004-minilm-v2-n5-s33,5,33,0.9,0.9,transfer_fee_charged,10,9,1,7
exp004-minilm-v2-n5-s33,5,33,0.9,0.9,receiving_money,10,8,2,1
exp004-minilm-v2-n5-s33,5,33,0.9,0.9,failed_transfer,10,10,0,1
exp004-minilm-v2-n5-s33,5,33,0.9,0.9,transfer_into_account,10,10,0,1
exp004-minilm-v2-n5-s33,5,33,0.9,0.9,verify_top_up,10,8,2,0
exp004-minilm-v2-n5-s33,5,33,0.9,0.9,getting_spare_card,10,7,3,4
exp004-minilm-v2-n5-s33,5,33,0.9,0.9,top_up_by_cash_or_cheque,10,9,1,3
exp004-minilm-v2-n5-s33,5,33,0.9,0.9,order_physical_card,10,9,1,2
exp004-minilm-v2-n5-s33,5,33,0.9,0.9,virtual_card_not_working,10,10,0,1
exp004-minilm-v2-n5-s33,5,33,0.9,0.9,wrong_exchange_rate_for_cash_withdrawal,10,8,2,4
exp004-minilm-v2-n5-s33,5,33,0.9,0.9,get_disposable_virtual_card,10,10,0,2
exp004-minilm-v2-n5-s33,5,33,0.9,0.9,top_up_failed,10,9,1,6
exp004-minilm-v2-n5-s33,5,33,0.9,0.9,balance_not_updated_after_bank_transfer,10,8,2,6
exp004-minilm-v2-n5-s33,5,33,0.9,0.9,cash_withdrawal_not_recognised,10,4,6,2
exp004-minilm-v2-n5-s33,5,33,0.9,0.9,exchange_charge,10,10,0,1
exp004-minilm-v2-n5-s33,5,33,0.9,0.9,top_up_by_card_charge,10,8,2,1
exp004-minilm-v2-n5-s33,5,33,0.9,0.9,activate_my_card,10,10,0,0
exp004-minilm-v2-n5-s33,5,33,0.9,0.9,cash_withdrawal_charge,10,10,0,3
exp004-minilm-v2-n5-s33,5,33,0.9,0.9,card_about_to_expire,10,9,1,0
exp004-minilm-v2-n5-s33,5,33,0.9,0.9,apple_pay_or_google_pay,10,10,0,0
exp004-minilm-v2-n5-s33,5,33,0.9,0.9,verify_my_identity,10,10,0,1
exp004-minilm-v2-n5-s33,5,33,0.9,0.9,country_support,10,10,0,1
exp004-minilm-v2-n5-s33,5,33,1.0,1.0,card_arrival,10,10,0,8
exp004-minilm-v2-n5-s33,5,33,1.0,1.0,card_linking,10,10,0,4
exp004-minilm-v2-n5-s33,5,33,1.0,1.0,exchange_rate,10,10,0,1
exp004-minilm-v2-n5-s33,5,33,1.0,1.0,card_payment_wrong_exchange_rate,10,10,0,2
exp004-minilm-v2-n5-s33,5,33,1.0,1.0,extra_charge_on_statement,10,10,0,4
exp004-minilm-v2-n5-s33,5,33,1.0,1.0,pending_cash_withdrawal,10,10,0,1
exp004-minilm-v2-n5-s33,5,33,1.0,1.0,fiat_currency_support,10,10,0,1
exp004-minilm-v2-n5-s33,5,33,1.0,1.0,card_delivery_estimate,10,10,0,7
exp004-minilm-v2-n5-s33,5,33,1.0,1.0,automatic_top_up,10,10,0,4
exp004-minilm-v2-n5-s33,5,33,1.0,1.0,card_not_working,10,10,0,2
exp004-minilm-v2-n5-s33,5,33,1.0,1.0,exchange_via_app,10,10,0,1
exp004-minilm-v2-n5-s33,5,33,1.0,1.0,lost_or_stolen_card,10,10,0,4
exp004-minilm-v2-n5-s33,5,33,1.0,1.0,age_limit,10,10,0,0
exp004-minilm-v2-n5-s33,5,33,1.0,1.0,pin_blocked,10,10,0,0
exp004-minilm-v2-n5-s33,5,33,1.0,1.0,contactless_not_working,10,10,0,3
exp004-minilm-v2-n5-s33,5,33,1.0,1.0,top_up_by_bank_transfer_charge,10,10,0,1
exp004-minilm-v2-n5-s33,5,33,1.0,1.0,pending_top_up,10,10,0,2
exp004-minilm-v2-n5-s33,5,33,1.0,1.0,cancel_transfer,10,10,0,1
exp004-minilm-v2-n5-s33,5,33,1.0,1.0,top_up_limits,10,10,0,2
exp004-minilm-v2-n5-s33,5,33,1.0,1.0,wrong_amount_of_cash_received,10,10,0,3
exp004-minilm-v2-n5-s33,5,33,1.0,1.0,card_payment_fee_charged,10,10,0,1
exp004-minilm-v2-n5-s33,5,33,1.0,1.0,transfer_not_received_by_recipient,10,10,0,6
exp004-minilm-v2-n5-s33,5,33,1.0,1.0,supported_cards_and_currencies,10,10,0,9
exp004-minilm-v2-n5-s33,5,33,1.0,1.0,getting_virtual_card,10,10,0,3
exp004-minilm-v2-n5-s33,5,33,1.0,1.0,card_acceptance,10,10,0,2
exp004-minilm-v2-n5-s33,5,33,1.0,1.0,top_up_reverted,10,10,0,3
exp004-minilm-v2-n5-s33,5,33,1.0,1.0,balance_not_updated_after_cheque_or_cash_deposit,10,10,0,0
exp004-minilm-v2-n5-s33,5,33,1.0,1.0,card_payment_not_recognised,10,10,0,5
exp004-minilm-v2-n5-s33,5,33,1.0,1.0,edit_personal_details,10,10,0,0
exp004-minilm-v2-n5-s33,5,33,1.0,1.0,why_verify_identity,10,10,0,2
exp004-minilm-v2-n5-s33,5,33,1.0,1.0,unable_to_verify_identity,10,10,0,4
exp004-minilm-v2-n5-s33,5,33,1.0,1.0,get_physical_card,10,10,0,4
exp004-minilm-v2-n5-s33,5,33,1.0,1.0,visa_or_mastercard,10,10,0,0
exp004-minilm-v2-n5-s33,5,33,1.0,1.0,topping_up_by_card,10,10,0,10
exp004-minilm-v2-n5-s33,5,33,1.0,1.0,disposable_card_limits,10,10,0,0
exp004-minilm-v2-n5-s33,5,33,1.0,1.0,compromised_card,10,10,0,3
exp004-minilm-v2-n5-s33,5,33,1.0,1.0,atm_support,10,10,0,1
exp004-minilm-v2-n5-s33,5,33,1.0,1.0,direct_debit_payment_not_recognised,10,10,0,3
exp004-minilm-v2-n5-s33,5,33,1.0,1.0,passcode_forgotten,10,10,0,1
exp004-minilm-v2-n5-s33,5,33,1.0,1.0,declined_cash_withdrawal,10,10,0,5
exp004-minilm-v2-n5-s33,5,33,1.0,1.0,pending_card_payment,10,10,0,0
exp004-minilm-v2-n5-s33,5,33,1.0,1.0,lost_or_stolen_phone,10,10,0,1
exp004-minilm-v2-n5-s33,5,33,1.0,1.0,request_refund,10,10,0,4
exp004-minilm-v2-n5-s33,5,33,1.0,1.0,declined_transfer,10,10,0,2
exp004-minilm-v2-n5-s33,5,33,1.0,1.0,Refund_not_showing_up,10,10,0,4
exp004-minilm-v2-n5-s33,5,33,1.0,1.0,declined_card_payment,10,10,0,6
exp004-minilm-v2-n5-s33,5,33,1.0,1.0,pending_transfer,10,10,0,4
exp004-minilm-v2-n5-s33,5,33,1.0,1.0,terminate_account,10,10,0,0
exp004-minilm-v2-n5-s33,5,33,1.0,1.0,card_swallowed,10,10,0,2
exp004-minilm-v2-n5-s33,5,33,1.0,1.0,transaction_charged_twice,10,10,0,1
exp004-minilm-v2-n5-s33,5,33,1.0,1.0,verify_source_of_funds,10,10,0,0
exp004-minilm-v2-n5-s33,5,33,1.0,1.0,transfer_timing,10,10,0,2
exp004-minilm-v2-n5-s33,5,33,1.0,1.0,reverted_card_payment?,10,10,0,9
exp004-minilm-v2-n5-s33,5,33,1.0,1.0,change_pin,10,10,0,0
exp004-minilm-v2-n5-s33,5,33,1.0,1.0,beneficiary_not_allowed,10,10,0,3
exp004-minilm-v2-n5-s33,5,33,1.0,1.0,transfer_fee_charged,10,10,0,8
exp004-minilm-v2-n5-s33,5,33,1.0,1.0,receiving_money,10,10,0,3
exp004-minilm-v2-n5-s33,5,33,1.0,1.0,failed_transfer,10,10,0,1
exp004-minilm-v2-n5-s33,5,33,1.0,1.0,transfer_into_account,10,10,0,1
exp004-minilm-v2-n5-s33,5,33,1.0,1.0,verify_top_up,10,10,0,2
exp004-minilm-v2-n5-s33,5,33,1.0,1.0,getting_spare_card,10,10,0,5
exp004-minilm-v2-n5-s33,5,33,1.0,1.0,top_up_by_cash_or_cheque,10,10,0,3
exp004-minilm-v2-n5-s33,5,33,1.0,1.0,order_physical_card,10,10,0,3
exp004-minilm-v2-n5-s33,5,33,1.0,1.0,virtual_card_not_working,10,10,0,1
exp004-minilm-v2-n5-s33,5,33,1.0,1.0,wrong_exchange_rate_for_cash_withdrawal,10,10,0,5
exp004-minilm-v2-n5-s33,5,33,1.0,1.0,get_disposable_virtual_card,10,10,0,2
exp004-minilm-v2-n5-s33,5,33,1.0,1.0,top_up_failed,10,10,0,7
exp004-minilm-v2-n5-s33,5,33,1.0,1.0,balance_not_updated_after_bank_transfer,10,10,0,7
exp004-minilm-v2-n5-s33,5,33,1.0,1.0,cash_withdrawal_not_recognised,10,10,0,7
exp004-minilm-v2-n5-s33,5,33,1.0,1.0,exchange_charge,10,10,0,1
exp004-minilm-v2-n5-s33,5,33,1.0,1.0,top_up_by_card_charge,10,10,0,1
exp004-minilm-v2-n5-s33,5,33,1.0,1.0,activate_my_card,10,10,0,0
exp004-minilm-v2-n5-s33,5,33,1.0,1.0,cash_withdrawal_charge,10,10,0,3
exp004-minilm-v2-n5-s33,5,33,1.0,1.0,card_about_to_expire,10,10,0,0
exp004-minilm-v2-n5-s33,5,33,1.0,1.0,apple_pay_or_google_pay,10,10,0,0
exp004-minilm-v2-n5-s33,5,33,1.0,1.0,verify_my_identity,10,10,0,1
exp004-minilm-v2-n5-s33,5,33,1.0,1.0,country_support,10,10,0,1
exp004-minilm-v2-n5-s44,5,44,0.25,0.2506493506493506,card_arrival,10,0,10,0
exp004-minilm-v2-n5-s44,5,44,0.25,0.2506493506493506,card_linking,10,0,10,0
exp004-minilm-v2-n5-s44,5,44,0.25,0.2506493506493506,exchange_rate,10,9,1,0
exp004-minilm-v2-n5-s44,5,44,0.25,0.2506493506493506,card_payment_wrong_exchange_rate,10,3,7,1
exp004-minilm-v2-n5-s44,5,44,0.25,0.2506493506493506,extra_charge_on_statement,10,0,10,0
exp004-minilm-v2-n5-s44,5,44,0.25,0.2506493506493506,pending_cash_withdrawal,10,6,4,0
exp004-minilm-v2-n5-s44,5,44,0.25,0.2506493506493506,fiat_currency_support,10,5,5,0
exp004-minilm-v2-n5-s44,5,44,0.25,0.2506493506493506,card_delivery_estimate,10,1,9,0
exp004-minilm-v2-n5-s44,5,44,0.25,0.2506493506493506,automatic_top_up,10,9,1,2
exp004-minilm-v2-n5-s44,5,44,0.25,0.2506493506493506,card_not_working,10,0,10,0
exp004-minilm-v2-n5-s44,5,44,0.25,0.2506493506493506,exchange_via_app,10,3,7,0
exp004-minilm-v2-n5-s44,5,44,0.25,0.2506493506493506,lost_or_stolen_card,10,0,10,0
exp004-minilm-v2-n5-s44,5,44,0.25,0.2506493506493506,age_limit,10,9,1,0
exp004-minilm-v2-n5-s44,5,44,0.25,0.2506493506493506,pin_blocked,10,4,6,0
exp004-minilm-v2-n5-s44,5,44,0.25,0.2506493506493506,contactless_not_working,10,3,7,0
exp004-minilm-v2-n5-s44,5,44,0.25,0.2506493506493506,top_up_by_bank_transfer_charge,10,0,10,0
exp004-minilm-v2-n5-s44,5,44,0.25,0.2506493506493506,pending_top_up,10,7,3,2
exp004-minilm-v2-n5-s44,5,44,0.25,0.2506493506493506,cancel_transfer,10,0,10,0
exp004-minilm-v2-n5-s44,5,44,0.25,0.2506493506493506,top_up_limits,10,8,2,1
exp004-minilm-v2-n5-s44,5,44,0.25,0.2506493506493506,wrong_amount_of_cash_received,10,0,10,0
exp004-minilm-v2-n5-s44,5,44,0.25,0.2506493506493506,card_payment_fee_charged,10,0,10,0
exp004-minilm-v2-n5-s44,5,44,0.25,0.2506493506493506,transfer_not_received_by_recipient,10,0,10,0
exp004-minilm-v2-n5-s44,5,44,0.25,0.2506493506493506,supported_cards_and_currencies,10,1,9,1
exp004-minilm-v2-n5-s44,5,44,0.25,0.2506493506493506,getting_virtual_card,10,9,1,1
exp004-minilm-v2-n5-s44,5,44,0.25,0.2506493506493506,card_acceptance,10,0,10,0
exp004-minilm-v2-n5-s44,5,44,0.25,0.2506493506493506,top_up_reverted,10,2,8,2
exp004-minilm-v2-n5-s44,5,44,0.25,0.2506493506493506,balance_not_updated_after_cheque_or_cash_deposit,10,0,10,0
exp004-minilm-v2-n5-s44,5,44,0.25,0.2506493506493506,card_payment_not_recognised,10,0,10,0
exp004-minilm-v2-n5-s44,5,44,0.25,0.2506493506493506,edit_personal_details,10,3,7,0
exp004-minilm-v2-n5-s44,5,44,0.25,0.2506493506493506,why_verify_identity,10,5,5,1
exp004-minilm-v2-n5-s44,5,44,0.25,0.2506493506493506,unable_to_verify_identity,10,5,5,1
exp004-minilm-v2-n5-s44,5,44,0.25,0.2506493506493506,get_physical_card,10,1,9,0
exp004-minilm-v2-n5-s44,5,44,0.25,0.2506493506493506,visa_or_mastercard,10,5,5,0
exp004-minilm-v2-n5-s44,5,44,0.25,0.2506493506493506,topping_up_by_card,10,1,9,1
exp004-minilm-v2-n5-s44,5,44,0.25,0.2506493506493506,disposable_card_limits,10,8,2,0
exp004-minilm-v2-n5-s44,5,44,0.25,0.2506493506493506,compromised_card,10,0,10,0
exp004-minilm-v2-n5-s44,5,44,0.25,0.2506493506493506,atm_support,10,0,10,0
exp004-minilm-v2-n5-s44,5,44,0.25,0.2506493506493506,direct_debit_payment_not_recognised,10,2,8,0
exp004-minilm-v2-n5-s44,5,44,0.25,0.2506493506493506,passcode_forgotten,10,7,3,0
exp004-minilm-v2-n5-s44,5,44,0.25,0.2506493506493506,declined_cash_withdrawal,10,0,10,0
exp004-minilm-v2-n5-s44,5,44,0.25,0.2506493506493506,pending_card_payment,10,0,10,0
exp004-minilm-v2-n5-s44,5,44,0.25,0.2506493506493506,lost_or_stolen_phone,10,1,9,0
exp004-minilm-v2-n5-s44,5,44,0.25,0.2506493506493506,request_refund,10,1,9,1
exp004-minilm-v2-n5-s44,5,44,0.25,0.2506493506493506,declined_transfer,10,4,6,0
exp004-minilm-v2-n5-s44,5,44,0.25,0.2506493506493506,Refund_not_showing_up,10,3,7,0
exp004-minilm-v2-n5-s44,5,44,0.25,0.2506493506493506,declined_card_payment,10,0,10,0
exp004-minilm-v2-n5-s44,5,44,0.25,0.2506493506493506,pending_transfer,10,0,10,0
exp004-minilm-v2-n5-s44,5,44,0.25,0.2506493506493506,terminate_account,10,7,3,0
exp004-minilm-v2-n5-s44,5,44,0.25,0.2506493506493506,card_swallowed,10,2,8,0
exp004-minilm-v2-n5-s44,5,44,0.25,0.2506493506493506,transaction_charged_twice,10,3,7,0
exp004-minilm-v2-n5-s44,5,44,0.25,0.2506493506493506,verify_source_of_funds,10,8,2,0
exp004-minilm-v2-n5-s44,5,44,0.25,0.2506493506493506,transfer_timing,10,0,10,0
exp004-minilm-v2-n5-s44,5,44,0.25,0.2506493506493506,reverted_card_payment?,10,0,10,0
exp004-minilm-v2-n5-s44,5,44,0.25,0.2506493506493506,change_pin,10,7,3,0
exp004-minilm-v2-n5-s44,5,44,0.25,0.2506493506493506,beneficiary_not_allowed,10,1,9,0
exp004-minilm-v2-n5-s44,5,44,0.25,0.2506493506493506,transfer_fee_charged,10,0,10,0
exp004-minilm-v2-n5-s44,5,44,0.25,0.2506493506493506,receiving_money,10,0,10,0
exp004-minilm-v2-n5-s44,5,44,0.25,0.2506493506493506,failed_transfer,10,1,9,0
exp004-minilm-v2-n5-s44,5,44,0.25,0.2506493506493506,transfer_into_account,10,0,10,0
exp004-minilm-v2-n5-s44,5,44,0.25,0.2506493506493506,verify_top_up,10,5,5,0
exp004-minilm-v2-n5-s44,5,44,0.25,0.2506493506493506,getting_spare_card,10,0,10,0
exp004-minilm-v2-n5-s44,5,44,0.25,0.2506493506493506,top_up_by_cash_or_cheque,10,2,8,0
exp004-minilm-v2-n5-s44,5,44,0.25,0.2506493506493506,order_physical_card,10,0,10,0
exp004-minilm-v2-n5-s44,5,44,0.25,0.2506493506493506,virtual_card_not_working,10,5,5,0
exp004-minilm-v2-n5-s44,5,44,0.25,0.2506493506493506,wrong_exchange_rate_for_cash_withdrawal,10,0,10,0
exp004-minilm-v2-n5-s44,5,44,0.25,0.2506493506493506,get_disposable_virtual_card,10,8,2,3
exp004-minilm-v2-n5-s44,5,44,0.25,0.2506493506493506,top_up_failed,10,5,5,0
exp004-minilm-v2-n5-s44,5,44,0.25,0.2506493506493506,balance_not_updated_after_bank_transfer,10,0,10,0
exp004-minilm-v2-n5-s44,5,44,0.25,0.2506493506493506,cash_withdrawal_not_recognised,10,0,10,0
exp004-minilm-v2-n5-s44,5,44,0.25,0.2506493506493506,exchange_charge,10,2,8,0
exp004-minilm-v2-n5-s44,5,44,0.25,0.2506493506493506,top_up_by_card_charge,10,0,10,0
exp004-minilm-v2-n5-s44,5,44,0.25,0.2506493506493506,activate_my_card,10,0,10,0
exp004-minilm-v2-n5-s44,5,44,0.25,0.2506493506493506,cash_withdrawal_charge,10,0,10,0
exp004-minilm-v2-n5-s44,5,44,0.25,0.2506493506493506,card_about_to_expire,10,0,10,0
exp004-minilm-v2-n5-s44,5,44,0.25,0.2506493506493506,apple_pay_or_google_pay,10,5,5,0
exp004-minilm-v2-n5-s44,5,44,0.25,0.2506493506493506,verify_my_identity,10,7,3,0
exp004-minilm-v2-n5-s44,5,44,0.25,0.2506493506493506,country_support,10,0,10,0
exp004-minilm-v2-n5-s44,5,44,0.5,0.5,card_arrival,10,0,10,0
exp004-minilm-v2-n5-s44,5,44,0.5,0.5,card_linking,10,1,9,0
exp004-minilm-v2-n5-s44,5,44,0.5,0.5,exchange_rate,10,9,1,0
exp004-minilm-v2-n5-s44,5,44,0.5,0.5,card_payment_wrong_exchange_rate,10,7,3,3
exp004-minilm-v2-n5-s44,5,44,0.5,0.5,extra_charge_on_statement,10,4,6,0
exp004-minilm-v2-n5-s44,5,44,0.5,0.5,pending_cash_withdrawal,10,7,3,0
exp004-minilm-v2-n5-s44,5,44,0.5,0.5,fiat_currency_support,10,8,2,1
exp004-minilm-v2-n5-s44,5,44,0.5,0.5,card_delivery_estimate,10,3,7,0
exp004-minilm-v2-n5-s44,5,44,0.5,0.5,automatic_top_up,10,9,1,2
exp004-minilm-v2-n5-s44,5,44,0.5,0.5,card_not_working,10,0,10,0
exp004-minilm-v2-n5-s44,5,44,0.5,0.5,exchange_via_app,10,7,3,0
exp004-minilm-v2-n5-s44,5,44,0.5,0.5,lost_or_stolen_card,10,3,7,0
exp004-minilm-v2-n5-s44,5,44,0.5,0.5,age_limit,10,10,0,0
exp004-minilm-v2-n5-s44,5,44,0.5,0.5,pin_blocked,10,10,0,1
exp004-minilm-v2-n5-s44,5,44,0.5,0.5,contactless_not_working,10,4,6,0
exp004-minilm-v2-n5-s44,5,44,0.5,0.5,top_up_by_bank_transfer_charge,10,2,8,0
exp004-minilm-v2-n5-s44,5,44,0.5,0.5,pending_top_up,10,7,3,2
exp004-minilm-v2-n5-s44,5,44,0.5,0.5,cancel_transfer,10,3,7,0
exp004-minilm-v2-n5-s44,5,44,0.5,0.5,top_up_limits,10,9,1,1
exp004-minilm-v2-n5-s44,5,44,0.5,0.5,wrong_amount_of_cash_received,10,1,9,0
exp004-minilm-v2-n5-s44,5,44,0.5,0.5,card_payment_fee_charged,10,2,8,0
exp004-minilm-v2-n5-s44,5,44,0.5,0.5,transfer_not_received_by_recipient,10,1,9,1
exp004-minilm-v2-n5-s44,5,44,0.5,0.5,supported_cards_and_currencies,10,6,4,6
exp004-minilm-v2-n5-s44,5,44,0.5,0.5,getting_virtual_card,10,10,0,2
exp004-minilm-v2-n5-s44,5,44,0.5,0.5,card_acceptance,10,1,9,1
exp004-minilm-v2-n5-s44,5,44,0.5,0.5,top_up_reverted,10,3,7,3
exp004-minilm-v2-n5-s44,5,44,0.5,0.5,balance_not_updated_after_cheque_or_cash_deposit,10,5,5,0
exp004-minilm-v2-n5-s44,5,44,0.5,0.5,card_payment_not_recognised,10,1,9,1
exp004-minilm-v2-n5-s44,5,44,0.5,0.5,edit_personal_details,10,8,2,0
exp004-minilm-v2-n5-s44,5,44,0.5,0.5,why_verify_identity,10,8,2,3
exp004-minilm-v2-n5-s44,5,44,0.5,0.5,unable_to_verify_identity,10,8,2,2
exp004-minilm-v2-n5-s44,5,44,0.5,0.5,get_physical_card,10,8,2,0
exp004-minilm-v2-n5-s44,5,44,0.5,0.5,visa_or_mastercard,10,8,2,0
exp004-minilm-v2-n5-s44,5,44,0.5,0.5,topping_up_by_card,10,2,8,2
exp004-minilm-v2-n5-s44,5,44,0.5,0.5,disposable_card_limits,10,8,2,0
exp004-minilm-v2-n5-s44,5,44,0.5,0.5,compromised_card,10,0,10,0
exp004-minilm-v2-n5-s44,5,44,0.5,0.5,atm_support,10,1,9,0
exp004-minilm-v2-n5-s44,5,44,0.5,0.5,direct_debit_payment_not_recognised,10,3,7,0
exp004-minilm-v2-n5-s44,5,44,0.5,0.5,passcode_forgotten,10,9,1,0
exp004-minilm-v2-n5-s44,5,44,0.5,0.5,declined_cash_withdrawal,10,0,10,0
exp004-minilm-v2-n5-s44,5,44,0.5,0.5,pending_card_payment,10,6,4,0
exp004-minilm-v2-n5-s44,5,44,0.5,0.5,lost_or_stolen_phone,10,5,5,0
exp004-minilm-v2-n5-s44,5,44,0.5,0.5,request_refund,10,6,4,3
exp004-minilm-v2-n5-s44,5,44,0.5,0.5,declined_transfer,10,7,3,0
exp004-minilm-v2-n5-s44,5,44,0.5,0.5,Refund_not_showing_up,10,6,4,0
exp004-minilm-v2-n5-s44,5,44,0.5,0.5,declined_card_payment,10,1,9,0
exp004-minilm-v2-n5-s44,5,44,0.5,0.5,pending_transfer,10,2,8,0
exp004-minilm-v2-n5-s44,5,44,0.5,0.5,terminate_account,10,10,0,0
exp004-minilm-v2-n5-s44,5,44,0.5,0.5,card_swallowed,10,6,4,0
exp004-minilm-v2-n5-s44,5,44,0.5,0.5,transaction_charged_twice,10,6,4,0
exp004-minilm-v2-n5-s44,5,44,0.5,0.5,verify_source_of_funds,10,8,2,0
exp004-minilm-v2-n5-s44,5,44,0.5,0.5,transfer_timing,10,3,7,2
exp004-minilm-v2-n5-s44,5,44,0.5,0.5,reverted_card_payment?,10,1,9,1
exp004-minilm-v2-n5-s44,5,44,0.5,0.5,change_pin,10,10,0,1
exp004-minilm-v2-n5-s44,5,44,0.5,0.5,beneficiary_not_allowed,10,4,6,1
exp004-minilm-v2-n5-s44,5,44,0.5,0.5,transfer_fee_charged,10,2,8,0
exp004-minilm-v2-n5-s44,5,44,0.5,0.5,receiving_money,10,1,9,0
exp004-minilm-v2-n5-s44,5,44,0.5,0.5,failed_transfer,10,8,2,0
exp004-minilm-v2-n5-s44,5,44,0.5,0.5,transfer_into_account,10,4,6,0
exp004-minilm-v2-n5-s44,5,44,0.5,0.5,verify_top_up,10,7,3,0
exp004-minilm-v2-n5-s44,5,44,0.5,0.5,getting_spare_card,10,3,7,0
exp004-minilm-v2-n5-s44,5,44,0.5,0.5,top_up_by_cash_or_cheque,10,5,5,1
exp004-minilm-v2-n5-s44,5,44,0.5,0.5,order_physical_card,10,4,6,0
exp004-minilm-v2-n5-s44,5,44,0.5,0.5,virtual_card_not_working,10,8,2,2
exp004-minilm-v2-n5-s44,5,44,0.5,0.5,wrong_exchange_rate_for_cash_withdrawal,10,5,5,2
exp004-minilm-v2-n5-s44,5,44,0.5,0.5,get_disposable_virtual_card,10,9,1,4
exp004-minilm-v2-n5-s44,5,44,0.5,0.5,top_up_failed,10,5,5,0
exp004-minilm-v2-n5-s44,5,44,0.5,0.5,balance_not_updated_after_bank_transfer,10,1,9,1
exp004-minilm-v2-n5-s44,5,44,0.5,0.5,cash_withdrawal_not_recognised,10,0,10,0
exp004-minilm-v2-n5-s44,5,44,0.5,0.5,exchange_charge,10,8,2,0
exp004-minilm-v2-n5-s44,5,44,0.5,0.5,top_up_by_card_charge,10,4,6,0
exp004-minilm-v2-n5-s44,5,44,0.5,0.5,activate_my_card,10,8,2,0
exp004-minilm-v2-n5-s44,5,44,0.5,0.5,cash_withdrawal_charge,10,3,7,0
exp004-minilm-v2-n5-s44,5,44,0.5,0.5,card_about_to_expire,10,4,6,0
exp004-minilm-v2-n5-s44,5,44,0.5,0.5,apple_pay_or_google_pay,10,6,4,0
exp004-minilm-v2-n5-s44,5,44,0.5,0.5,verify_my_identity,10,9,1,1
exp004-minilm-v2-n5-s44,5,44,0.5,0.5,country_support,10,4,6,0
exp004-minilm-v2-n5-s44,5,44,0.75,0.7506493506493507,card_arrival,10,3,7,0
exp004-minilm-v2-n5-s44,5,44,0.75,0.7506493506493507,card_linking,10,7,3,1
exp004-minilm-v2-n5-s44,5,44,0.75,0.7506493506493507,exchange_rate,10,10,0,1
exp004-minilm-v2-n5-s44,5,44,0.75,0.7506493506493507,card_payment_wrong_exchange_rate,10,10,0,3
exp004-minilm-v2-n5-s44,5,44,0.75,0.7506493506493507,extra_charge_on_statement,10,7,3,1
exp004-minilm-v2-n5-s44,5,44,0.75,0.7506493506493507,pending_cash_withdrawal,10,10,0,1
exp004-minilm-v2-n5-s44,5,44,0.75,0.7506493506493507,fiat_currency_support,10,9,1,1
exp004-minilm-v2-n5-s44,5,44,0.75,0.7506493506493507,card_delivery_estimate,10,6,4,0
exp004-minilm-v2-n5-s44,5,44,0.75,0.7506493506493507,automatic_top_up,10,9,1,2
exp004-minilm-v2-n5-s44,5,44,0.75,0.7506493506493507,card_not_working,10,4,6,0
exp004-minilm-v2-n5-s44,5,44,0.75,0.7506493506493507,exchange_via_app,10,10,0,0
exp004-minilm-v2-n5-s44,5,44,0.75,0.7506493506493507,lost_or_stolen_card,10,7,3,0
exp004-minilm-v2-n5-s44,5,44,0.75,0.7506493506493507,age_limit,10,10,0,0
exp004-minilm-v2-n5-s44,5,44,0.75,0.7506493506493507,pin_blocked,10,10,0,1
exp004-minilm-v2-n5-s44,5,44,0.75,0.7506493506493507,contactless_not_working,10,8,2,1
exp004-minilm-v2-n5-s44,5,44,0.75,0.7506493506493507,top_up_by_bank_transfer_charge,10,5,5,0
exp004-minilm-v2-n5-s44,5,44,0.75,0.7506493506493507,pending_top_up,10,8,2,3
exp004-minilm-v2-n5-s44,5,44,0.75,0.7506493506493507,cancel_transfer,10,7,3,0
exp004-minilm-v2-n5-s44,5,44,0.75,0.7506493506493507,top_up_limits,10,9,1,1
exp004-minilm-v2-n5-s44,5,44,0.75,0.7506493506493507,wrong_amount_of_cash_received,10,3,7,1
exp004-minilm-v2-n5-s44,5,44,0.75,0.7506493506493507,card_payment_fee_charged,10,8,2,1
exp004-minilm-v2-n5-s44,5,44,0.75,0.7506493506493507,transfer_not_received_by_recipient,10,8,2,7
exp004-minilm-v2-n5-s44,5,44,0.75,0.7506493506493507,supported_cards_and_currencies,10,6,4,6
exp004-minilm-v2-n5-s44,5,44,0.75,0.7506493506493507,getting_virtual_card,10,10,0,2
exp004-minilm-v2-n5-s44,5,44,0.75,0.7506493506493507,card_acceptance,10,7,3,1
exp004-minilm-v2-n5-s44,5,44,0.75,0.7506493506493507,top_up_reverted,10,7,3,6
exp004-minilm-v2-n5-s44,5,44,0.75,0.7506493506493507,balance_not_updated_after_cheque_or_cash_deposit,10,8,2,0
exp004-minilm-v2-n5-s44,5,44,0.75,0.7506493506493507,card_payment_not_recognised,10,4,6,2
exp004-minilm-v2-n5-s44,5,44,0.75,0.7506493506493507,edit_personal_details,10,8,2,0
exp004-minilm-v2-n5-s44,5,44,0.75,0.7506493506493507,why_verify_identity,10,10,0,4
exp004-minilm-v2-n5-s44,5,44,0.75,0.7506493506493507,unable_to_verify_identity,10,10,0,3
exp004-minilm-v2-n5-s44,5,44,0.75,0.7506493506493507,get_physical_card,10,9,1,0
exp004-minilm-v2-n5-s44,5,44,0.75,0.7506493506493507,visa_or_mastercard,10,9,1,0
exp004-minilm-v2-n5-s44,5,44,0.75,0.7506493506493507,topping_up_by_card,10,7,3,7
exp004-minilm-v2-n5-s44,5,44,0.75,0.7506493506493507,disposable_card_limits,10,9,1,0
exp004-minilm-v2-n5-s44,5,44,0.75,0.7506493506493507,compromised_card,10,1,9,0
exp004-minilm-v2-n5-s44,5,44,0.75,0.7506493506493507,atm_support,10,5,5,2
exp004-minilm-v2-n5-s44,5,44,0.75,0.7506493506493507,direct_debit_payment_not_recognised,10,7,3,0
exp004-minilm-v2-n5-s44,5,44,0.75,0.7506493506493507,passcode_forgotten,10,9,1,0
exp004-minilm-v2-n5-s44,5,44,0.75,0.7506493506493507,declined_cash_withdrawal,10,3,7,3
exp004-minilm-v2-n5-s44,5,44,0.75,0.7506493506493507,pending_card_payment,10,9,1,0
exp004-minilm-v2-n5-s44,5,44,0.75,0.7506493506493507,lost_or_stolen_phone,10,9,1,0
exp004-minilm-v2-n5-s44,5,44,0.75,0.7506493506493507,request_refund,10,8,2,4
exp004-minilm-v2-n5-s44,5,44,0.75,0.7506493506493507,declined_transfer,10,8,2,0
exp004-minilm-v2-n5-s44,5,44,0.75,0.7506493506493507,Refund_not_showing_up,10,8,2,0
exp004-minilm-v2-n5-s44,5,44,0.75,0.7506493506493507,declined_card_payment,10,3,7,1
exp004-minilm-v2-n5-s44,5,44,0.75,0.7506493506493507,pending_transfer,10,9,1,2
exp004-minilm-v2-n5-s44,5,44,0.75,0.7506493506493507,terminate_account,10,10,0,0
exp004-minilm-v2-n5-s44,5,44,0.75,0.7506493506493507,card_swallowed,10,8,2,0
exp004-minilm-v2-n5-s44,5,44,0.75,0.7506493506493507,transaction_charged_twice,10,9,1,1
exp004-minilm-v2-n5-s44,5,44,0.75,0.7506493506493507,verify_source_of_funds,10,10,0,0
exp004-minilm-v2-n5-s44,5,44,0.75,0.7506493506493507,transfer_timing,10,7,3,4
exp004-minilm-v2-n5-s44,5,44,0.75,0.7506493506493507,reverted_card_payment?,10,5,5,2
exp004-minilm-v2-n5-s44,5,44,0.75,0.7506493506493507,change_pin,10,10,0,1
exp004-minilm-v2-n5-s44,5,44,0.75,0.7506493506493507,beneficiary_not_allowed,10,9,1,2
exp004-minilm-v2-n5-s44,5,44,0.75,0.7506493506493507,transfer_fee_charged,10,7,3,1
exp004-minilm-v2-n5-s44,5,44,0.75,0.7506493506493507,receiving_money,10,1,9,0
exp004-minilm-v2-n5-s44,5,44,0.75,0.7506493506493507,failed_transfer,10,10,0,0
exp004-minilm-v2-n5-s44,5,44,0.75,0.7506493506493507,transfer_into_account,10,7,3,0
exp004-minilm-v2-n5-s44,5,44,0.75,0.7506493506493507,verify_top_up,10,7,3,0
exp004-minilm-v2-n5-s44,5,44,0.75,0.7506493506493507,getting_spare_card,10,7,3,1
exp004-minilm-v2-n5-s44,5,44,0.75,0.7506493506493507,top_up_by_cash_or_cheque,10,6,4,1
exp004-minilm-v2-n5-s44,5,44,0.75,0.7506493506493507,order_physical_card,10,5,5,0
exp004-minilm-v2-n5-s44,5,44,0.75,0.7506493506493507,virtual_card_not_working,10,10,0,2
exp004-minilm-v2-n5-s44,5,44,0.75,0.7506493506493507,wrong_exchange_rate_for_cash_withdrawal,10,9,1,4
exp004-minilm-v2-n5-s44,5,44,0.75,0.7506493506493507,get_disposable_virtual_card,10,10,0,4
exp004-minilm-v2-n5-s44,5,44,0.75,0.7506493506493507,top_up_failed,10,6,4,0
exp004-minilm-v2-n5-s44,5,44,0.75,0.7506493506493507,balance_not_updated_after_bank_transfer,10,4,6,4
exp004-minilm-v2-n5-s44,5,44,0.75,0.7506493506493507,cash_withdrawal_not_recognised,10,3,7,2
exp004-minilm-v2-n5-s44,5,44,0.75,0.7506493506493507,exchange_charge,10,10,0,1
exp004-minilm-v2-n5-s44,5,44,0.75,0.7506493506493507,top_up_by_card_charge,10,8,2,0
exp004-minilm-v2-n5-s44,5,44,0.75,0.7506493506493507,activate_my_card,10,10,0,0
exp004-minilm-v2-n5-s44,5,44,0.75,0.7506493506493507,cash_withdrawal_charge,10,8,2,1
exp004-minilm-v2-n5-s44,5,44,0.75,0.7506493506493507,card_about_to_expire,10,6,4,0
exp004-minilm-v2-n5-s44,5,44,0.75,0.7506493506493507,apple_pay_or_google_pay,10,8,2,0
exp004-minilm-v2-n5-s44,5,44,0.75,0.7506493506493507,verify_my_identity,10,9,1,1
exp004-minilm-v2-n5-s44,5,44,0.75,0.7506493506493507,country_support,10,8,2,0
exp004-minilm-v2-n5-s44,5,44,0.9,0.9,card_arrival,10,7,3,0
exp004-minilm-v2-n5-s44,5,44,0.9,0.9,card_linking,10,10,0,1
exp004-minilm-v2-n5-s44,5,44,0.9,0.9,exchange_rate,10,10,0,1
exp004-minilm-v2-n5-s44,5,44,0.9,0.9,card_payment_wrong_exchange_rate,10,10,0,3
exp004-minilm-v2-n5-s44,5,44,0.9,0.9,extra_charge_on_statement,10,10,0,2
exp004-minilm-v2-n5-s44,5,44,0.9,0.9,pending_cash_withdrawal,10,10,0,1
exp004-minilm-v2-n5-s44,5,44,0.9,0.9,fiat_currency_support,10,10,0,2
exp004-minilm-v2-n5-s44,5,44,0.9,0.9,card_delivery_estimate,10,9,1,0
exp004-minilm-v2-n5-s44,5,44,0.9,0.9,automatic_top_up,10,10,0,2
exp004-minilm-v2-n5-s44,5,44,0.9,0.9,card_not_working,10,9,1,2
exp004-minilm-v2-n5-s44,5,44,0.9,0.9,exchange_via_app,10,10,0,0
exp004-minilm-v2-n5-s44,5,44,0.9,0.9,lost_or_stolen_card,10,9,1,1
exp004-minilm-v2-n5-s44,5,44,0.9,0.9,age_limit,10,10,0,0
exp004-minilm-v2-n5-s44,5,44,0.9,0.9,pin_blocked,10,10,0,1
exp004-minilm-v2-n5-s44,5,44,0.9,0.9,contactless_not_working,10,9,1,2
exp004-minilm-v2-n5-s44,5,44,0.9,0.9,top_up_by_bank_transfer_charge,10,6,4,1
exp004-minilm-v2-n5-s44,5,44,0.9,0.9,pending_top_up,10,9,1,3
exp004-minilm-v2-n5-s44,5,44,0.9,0.9,cancel_transfer,10,10,0,0
exp004-minilm-v2-n5-s44,5,44,0.9,0.9,top_up_limits,10,9,1,1
exp004-minilm-v2-n5-s44,5,44,0.9,0.9,wrong_amount_of_cash_received,10,8,2,2
exp004-minilm-v2-n5-s44,5,44,0.9,0.9,card_payment_fee_charged,10,9,1,1
exp004-minilm-v2-n5-s44,5,44,0.9,0.9,transfer_not_received_by_recipient,10,10,0,8
exp004-minilm-v2-n5-s44,5,44,0.9,0.9,supported_cards_and_currencies,10,8,2,8
exp004-minilm-v2-n5-s44,5,44,0.9,0.9,getting_virtual_card,10,10,0,2
exp004-minilm-v2-n5-s44,5,44,0.9,0.9,card_acceptance,10,7,3,1
exp004-minilm-v2-n5-s44,5,44,0.9,0.9,top_up_reverted,10,8,2,7
exp004-minilm-v2-n5-s44,5,44,0.9,0.9,balance_not_updated_after_cheque_or_cash_deposit,10,10,0,1
exp004-minilm-v2-n5-s44,5,44,0.9,0.9,card_payment_not_recognised,10,7,3,3
exp004-minilm-v2-n5-s44,5,44,0.9,0.9,edit_personal_details,10,9,1,0
exp004-minilm-v2-n5-s44,5,44,0.9,0.9,why_verify_identity,10,10,0,4
exp004-minilm-v2-n5-s44,5,44,0.9,0.9,unable_to_verify_identity,10,10,0,3
exp004-minilm-v2-n5-s44,5,44,0.9,0.9,get_physical_card,10,10,0,1
exp004-minilm-v2-n5-s44,5,44,0.9,0.9,visa_or_mastercard,10,9,1,0
exp004-minilm-v2-n5-s44,5,44,0.9,0.9,topping_up_by_card,10,10,0,10
exp004-minilm-v2-n5-s44,5,44,0.9,0.9,disposable_card_limits,10,10,0,1
exp004-minilm-v2-n5-s44,5,44,0.9,0.9,compromised_card,10,5,5,0
exp004-minilm-v2-n5-s44,5,44,0.9,0.9,atm_support,10,10,0,5
exp004-minilm-v2-n5-s44,5,44,0.9,0.9,direct_debit_payment_not_recognised,10,9,1,2
exp004-minilm-v2-n5-s44,5,44,0.9,0.9,passcode_forgotten,10,10,0,0
exp004-minilm-v2-n5-s44,5,44,0.9,0.9,declined_cash_withdrawal,10,9,1,9
exp004-minilm-v2-n5-s44,5,44,0.9,0.9,pending_card_payment,10,10,0,0
exp004-minilm-v2-n5-s44,5,44,0.9,0.9,lost_or_stolen_phone,10,10,0,1
exp004-minilm-v2-n5-s44,5,44,0.9,0.9,request_refund,10,9,1,4
exp004-minilm-v2-n5-s44,5,44,0.9,0.9,declined_transfer,10,9,1,0
exp004-minilm-v2-n5-s44,5,44,0.9,0.9,Refund_not_showing_up,10,10,0,0
exp004-minilm-v2-n5-s44,5,44,0.9,0.9,declined_card_payment,10,8,2,3
exp004-minilm-v2-n5-s44,5,44,0.9,0.9,pending_transfer,10,10,0,3
exp004-minilm-v2-n5-s44,5,44,0.9,0.9,terminate_account,10,10,0,0
exp004-minilm-v2-n5-s44,5,44,0.9,0.9,card_swallowed,10,8,2,0
exp004-minilm-v2-n5-s44,5,44,0.9,0.9,transaction_charged_twice,10,9,1,1
exp004-minilm-v2-n5-s44,5,44,0.9,0.9,verify_source_of_funds,10,10,0,0
exp004-minilm-v2-n5-s44,5,44,0.9,0.9,transfer_timing,10,8,2,4
exp004-minilm-v2-n5-s44,5,44,0.9,0.9,reverted_card_payment?,10,6,4,2
exp004-minilm-v2-n5-s44,5,44,0.9,0.9,change_pin,10,10,0,1
exp004-minilm-v2-n5-s44,5,44,0.9,0.9,beneficiary_not_allowed,10,10,0,2
exp004-minilm-v2-n5-s44,5,44,0.9,0.9,transfer_fee_charged,10,9,1,1
exp004-minilm-v2-n5-s44,5,44,0.9,0.9,receiving_money,10,3,7,1
exp004-minilm-v2-n5-s44,5,44,0.9,0.9,failed_transfer,10,10,0,0
exp004-minilm-v2-n5-s44,5,44,0.9,0.9,transfer_into_account,10,9,1,1
exp004-minilm-v2-n5-s44,5,44,0.9,0.9,verify_top_up,10,9,1,1
exp004-minilm-v2-n5-s44,5,44,0.9,0.9,getting_spare_card,10,9,1,1
exp004-minilm-v2-n5-s44,5,44,0.9,0.9,top_up_by_cash_or_cheque,10,9,1,1
exp004-minilm-v2-n5-s44,5,44,0.9,0.9,order_physical_card,10,9,1,2
exp004-minilm-v2-n5-s44,5,44,0.9,0.9,virtual_card_not_working,10,10,0,2
exp004-minilm-v2-n5-s44,5,44,0.9,0.9,wrong_exchange_rate_for_cash_withdrawal,10,10,0,5
exp004-minilm-v2-n5-s44,5,44,0.9,0.9,get_disposable_virtual_card,10,10,0,4
exp004-minilm-v2-n5-s44,5,44,0.9,0.9,top_up_failed,10,6,4,0
exp004-minilm-v2-n5-s44,5,44,0.9,0.9,balance_not_updated_after_bank_transfer,10,7,3,5
exp004-minilm-v2-n5-s44,5,44,0.9,0.9,cash_withdrawal_not_recognised,10,4,6,3
exp004-minilm-v2-n5-s44,5,44,0.9,0.9,exchange_charge,10,10,0,1
exp004-minilm-v2-n5-s44,5,44,0.9,0.9,top_up_by_card_charge,10,10,0,2
exp004-minilm-v2-n5-s44,5,44,0.9,0.9,activate_my_card,10,10,0,0
exp004-minilm-v2-n5-s44,5,44,0.9,0.9,cash_withdrawal_charge,10,9,1,1
exp004-minilm-v2-n5-s44,5,44,0.9,0.9,card_about_to_expire,10,10,0,0
exp004-minilm-v2-n5-s44,5,44,0.9,0.9,apple_pay_or_google_pay,10,8,2,0
exp004-minilm-v2-n5-s44,5,44,0.9,0.9,verify_my_identity,10,10,0,1
exp004-minilm-v2-n5-s44,5,44,0.9,0.9,country_support,10,10,0,1
exp004-minilm-v2-n5-s44,5,44,1.0,1.0,card_arrival,10,10,0,2
exp004-minilm-v2-n5-s44,5,44,1.0,1.0,card_linking,10,10,0,1
exp004-minilm-v2-n5-s44,5,44,1.0,1.0,exchange_rate,10,10,0,1
exp004-minilm-v2-n5-s44,5,44,1.0,1.0,card_payment_wrong_exchange_rate,10,10,0,3
exp004-minilm-v2-n5-s44,5,44,1.0,1.0,extra_charge_on_statement,10,10,0,2
exp004-minilm-v2-n5-s44,5,44,1.0,1.0,pending_cash_withdrawal,10,10,0,1
exp004-minilm-v2-n5-s44,5,44,1.0,1.0,fiat_currency_support,10,10,0,2
exp004-minilm-v2-n5-s44,5,44,1.0,1.0,card_delivery_estimate,10,10,0,1
exp004-minilm-v2-n5-s44,5,44,1.0,1.0,automatic_top_up,10,10,0,2
exp004-minilm-v2-n5-s44,5,44,1.0,1.0,card_not_working,10,10,0,2
exp004-minilm-v2-n5-s44,5,44,1.0,1.0,exchange_via_app,10,10,0,0
exp004-minilm-v2-n5-s44,5,44,1.0,1.0,lost_or_stolen_card,10,10,0,2
exp004-minilm-v2-n5-s44,5,44,1.0,1.0,age_limit,10,10,0,0
exp004-minilm-v2-n5-s44,5,44,1.0,1.0,pin_blocked,10,10,0,1
exp004-minilm-v2-n5-s44,5,44,1.0,1.0,contactless_not_working,10,10,0,3
exp004-minilm-v2-n5-s44,5,44,1.0,1.0,top_up_by_bank_transfer_charge,10,10,0,4
exp004-minilm-v2-n5-s44,5,44,1.0,1.0,pending_top_up,10,10,0,4
exp004-minilm-v2-n5-s44,5,44,1.0,1.0,cancel_transfer,10,10,0,0
exp004-minilm-v2-n5-s44,5,44,1.0,1.0,top_up_limits,10,10,0,2
exp004-minilm-v2-n5-s44,5,44,1.0,1.0,wrong_amount_of_cash_received,10,10,0,2
exp004-minilm-v2-n5-s44,5,44,1.0,1.0,card_payment_fee_charged,10,10,0,2
exp004-minilm-v2-n5-s44,5,44,1.0,1.0,transfer_not_received_by_recipient,10,10,0,8
exp004-minilm-v2-n5-s44,5,44,1.0,1.0,supported_cards_and_currencies,10,10,0,9
exp004-minilm-v2-n5-s44,5,44,1.0,1.0,getting_virtual_card,10,10,0,2
exp004-minilm-v2-n5-s44,5,44,1.0,1.0,card_acceptance,10,10,0,2
exp004-minilm-v2-n5-s44,5,44,1.0,1.0,top_up_reverted,10,10,0,8
exp004-minilm-v2-n5-s44,5,44,1.0,1.0,balance_not_updated_after_cheque_or_cash_deposit,10,10,0,1
exp004-minilm-v2-n5-s44,5,44,1.0,1.0,card_payment_not_recognised,10,10,0,4
exp004-minilm-v2-n5-s44,5,44,1.0,1.0,edit_personal_details,10,10,0,0
exp004-minilm-v2-n5-s44,5,44,1.0,1.0,why_verify_identity,10,10,0,4
exp004-minilm-v2-n5-s44,5,44,1.0,1.0,unable_to_verify_identity,10,10,0,3
exp004-minilm-v2-n5-s44,5,44,1.0,1.0,get_physical_card,10,10,0,1
exp004-minilm-v2-n5-s44,5,44,1.0,1.0,visa_or_mastercard,10,10,0,0
exp004-minilm-v2-n5-s44,5,44,1.0,1.0,topping_up_by_card,10,10,0,10
exp004-minilm-v2-n5-s44,5,44,1.0,1.0,disposable_card_limits,10,10,0,1
exp004-minilm-v2-n5-s44,5,44,1.0,1.0,compromised_card,10,10,0,3
exp004-minilm-v2-n5-s44,5,44,1.0,1.0,atm_support,10,10,0,5
exp004-minilm-v2-n5-s44,5,44,1.0,1.0,direct_debit_payment_not_recognised,10,10,0,2
exp004-minilm-v2-n5-s44,5,44,1.0,1.0,passcode_forgotten,10,10,0,0
exp004-minilm-v2-n5-s44,5,44,1.0,1.0,declined_cash_withdrawal,10,10,0,10
exp004-minilm-v2-n5-s44,5,44,1.0,1.0,pending_card_payment,10,10,0,0
exp004-minilm-v2-n5-s44,5,44,1.0,1.0,lost_or_stolen_phone,10,10,0,1
exp004-minilm-v2-n5-s44,5,44,1.0,1.0,request_refund,10,10,0,5
exp004-minilm-v2-n5-s44,5,44,1.0,1.0,declined_transfer,10,10,0,1
exp004-minilm-v2-n5-s44,5,44,1.0,1.0,Refund_not_showing_up,10,10,0,0
exp004-minilm-v2-n5-s44,5,44,1.0,1.0,declined_card_payment,10,10,0,5
exp004-minilm-v2-n5-s44,5,44,1.0,1.0,pending_transfer,10,10,0,3
exp004-minilm-v2-n5-s44,5,44,1.0,1.0,terminate_account,10,10,0,0
exp004-minilm-v2-n5-s44,5,44,1.0,1.0,card_swallowed,10,10,0,1
exp004-minilm-v2-n5-s44,5,44,1.0,1.0,transaction_charged_twice,10,10,0,2
exp004-minilm-v2-n5-s44,5,44,1.0,1.0,verify_source_of_funds,10,10,0,0
exp004-minilm-v2-n5-s44,5,44,1.0,1.0,transfer_timing,10,10,0,6
exp004-minilm-v2-n5-s44,5,44,1.0,1.0,reverted_card_payment?,10,10,0,6
exp004-minilm-v2-n5-s44,5,44,1.0,1.0,change_pin,10,10,0,1
exp004-minilm-v2-n5-s44,5,44,1.0,1.0,beneficiary_not_allowed,10,10,0,2
exp004-minilm-v2-n5-s44,5,44,1.0,1.0,transfer_fee_charged,10,10,0,2
exp004-minilm-v2-n5-s44,5,44,1.0,1.0,receiving_money,10,10,0,7
exp004-minilm-v2-n5-s44,5,44,1.0,1.0,failed_transfer,10,10,0,0
exp004-minilm-v2-n5-s44,5,44,1.0,1.0,transfer_into_account,10,10,0,1
exp004-minilm-v2-n5-s44,5,44,1.0,1.0,verify_top_up,10,10,0,1
exp004-minilm-v2-n5-s44,5,44,1.0,1.0,getting_spare_card,10,10,0,2
exp004-minilm-v2-n5-s44,5,44,1.0,1.0,top_up_by_cash_or_cheque,10,10,0,2
exp004-minilm-v2-n5-s44,5,44,1.0,1.0,order_physical_card,10,10,0,2
exp004-minilm-v2-n5-s44,5,44,1.0,1.0,virtual_card_not_working,10,10,0,2
exp004-minilm-v2-n5-s44,5,44,1.0,1.0,wrong_exchange_rate_for_cash_withdrawal,10,10,0,5
exp004-minilm-v2-n5-s44,5,44,1.0,1.0,get_disposable_virtual_card,10,10,0,4
exp004-minilm-v2-n5-s44,5,44,1.0,1.0,top_up_failed,10,10,0,4
exp004-minilm-v2-n5-s44,5,44,1.0,1.0,balance_not_updated_after_bank_transfer,10,10,0,7
exp004-minilm-v2-n5-s44,5,44,1.0,1.0,cash_withdrawal_not_recognised,10,10,0,7
exp004-minilm-v2-n5-s44,5,44,1.0,1.0,exchange_charge,10,10,0,1
exp004-minilm-v2-n5-s44,5,44,1.0,1.0,top_up_by_card_charge,10,10,0,2
exp004-minilm-v2-n5-s44,5,44,1.0,1.0,activate_my_card,10,10,0,0
exp004-minilm-v2-n5-s44,5,44,1.0,1.0,cash_withdrawal_charge,10,10,0,2
exp004-minilm-v2-n5-s44,5,44,1.0,1.0,card_about_to_expire,10,10,0,0
exp004-minilm-v2-n5-s44,5,44,1.0,1.0,apple_pay_or_google_pay,10,10,0,1
exp004-minilm-v2-n5-s44,5,44,1.0,1.0,verify_my_identity,10,10,0,1
exp004-minilm-v2-n5-s44,5,44,1.0,1.0,country_support,10,10,0,1
exp004-minilm-v2-n5-s55,5,55,0.25,0.2506493506493506,card_arrival,10,0,10,0
exp004-minilm-v2-n5-s55,5,55,0.25,0.2506493506493506,card_linking,10,0,10,0
exp004-minilm-v2-n5-s55,5,55,0.25,0.2506493506493506,exchange_rate,10,9,1,0
exp004-minilm-v2-n5-s55,5,55,0.25,0.2506493506493506,card_payment_wrong_exchange_rate,10,2,8,1
exp004-minilm-v2-n5-s55,5,55,0.25,0.2506493506493506,extra_charge_on_statement,10,0,10,0
exp004-minilm-v2-n5-s55,5,55,0.25,0.2506493506493506,pending_cash_withdrawal,10,0,10,0
exp004-minilm-v2-n5-s55,5,55,0.25,0.2506493506493506,fiat_currency_support,10,6,4,0
exp004-minilm-v2-n5-s55,5,55,0.25,0.2506493506493506,card_delivery_estimate,10,0,10,0
exp004-minilm-v2-n5-s55,5,55,0.25,0.2506493506493506,automatic_top_up,10,9,1,2
exp004-minilm-v2-n5-s55,5,55,0.25,0.2506493506493506,card_not_working,10,0,10,0
exp004-minilm-v2-n5-s55,5,55,0.25,0.2506493506493506,exchange_via_app,10,0,10,0
exp004-minilm-v2-n5-s55,5,55,0.25,0.2506493506493506,lost_or_stolen_card,10,0,10,0
exp004-minilm-v2-n5-s55,5,55,0.25,0.2506493506493506,age_limit,10,6,4,0
exp004-minilm-v2-n5-s55,5,55,0.25,0.2506493506493506,pin_blocked,10,2,8,0
exp004-minilm-v2-n5-s55,5,55,0.25,0.2506493506493506,contactless_not_working,10,3,7,0
exp004-minilm-v2-n5-s55,5,55,0.25,0.2506493506493506,top_up_by_bank_transfer_charge,10,0,10,0
exp004-minilm-v2-n5-s55,5,55,0.25,0.2506493506493506,pending_top_up,10,1,9,1
exp004-minilm-v2-n5-s55,5,55,0.25,0.2506493506493506,cancel_transfer,10,4,6,0
exp004-minilm-v2-n5-s55,5,55,0.25,0.2506493506493506,top_up_limits,10,8,2,0
exp004-minilm-v2-n5-s55,5,55,0.25,0.2506493506493506,wrong_amount_of_cash_received,10,0,10,0
exp004-minilm-v2-n5-s55,5,55,0.25,0.2506493506493506,card_payment_fee_charged,10,1,9,0
exp004-minilm-v2-n5-s55,5,55,0.25,0.2506493506493506,transfer_not_received_by_recipient,10,0,10,0
exp004-minilm-v2-n5-s55,5,55,0.25,0.2506493506493506,supported_cards_and_currencies,10,1,9,1
exp004-minilm-v2-n5-s55,5,55,0.25,0.2506493506493506,getting_virtual_card,10,5,5,0
exp004-minilm-v2-n5-s55,5,55,0.25,0.2506493506493506,card_acceptance,10,0,10,0
exp004-minilm-v2-n5-s55,5,55,0.25,0.2506493506493506,top_up_reverted,10,1,9,1
exp004-minilm-v2-n5-s55,5,55,0.25,0.2506493506493506,balance_not_updated_after_cheque_or_cash_deposit,10,1,9,0
exp004-minilm-v2-n5-s55,5,55,0.25,0.2506493506493506,card_payment_not_recognised,10,0,10,0
exp004-minilm-v2-n5-s55,5,55,0.25,0.2506493506493506,edit_personal_details,10,3,7,0
exp004-minilm-v2-n5-s55,5,55,0.25,0.2506493506493506,why_verify_identity,10,5,5,5
exp004-minilm-v2-n5-s55,5,55,0.25,0.2506493506493506,unable_to_verify_identity,10,6,4,0
exp004-minilm-v2-n5-s55,5,55,0.25,0.2506493506493506,get_physical_card,10,1,9,0
exp004-minilm-v2-n5-s55,5,55,0.25,0.2506493506493506,visa_or_mastercard,10,4,6,0
exp004-minilm-v2-n5-s55,5,55,0.25,0.2506493506493506,topping_up_by_card,10,0,10,0
exp004-minilm-v2-n5-s55,5,55,0.25,0.2506493506493506,disposable_card_limits,10,8,2,0
exp004-minilm-v2-n5-s55,5,55,0.25,0.2506493506493506,compromised_card,10,0,10,0
exp004-minilm-v2-n5-s55,5,55,0.25,0.2506493506493506,atm_support,10,3,7,0
exp004-minilm-v2-n5-s55,5,55,0.25,0.2506493506493506,direct_debit_payment_not_recognised,10,0,10,0
exp004-minilm-v2-n5-s55,5,55,0.25,0.2506493506493506,passcode_forgotten,10,4,6,0
exp004-minilm-v2-n5-s55,5,55,0.25,0.2506493506493506,declined_cash_withdrawal,10,0,10,0
exp004-minilm-v2-n5-s55,5,55,0.25,0.2506493506493506,pending_card_payment,10,4,6,0
exp004-minilm-v2-n5-s55,5,55,0.25,0.2506493506493506,lost_or_stolen_phone,10,7,3,0
exp004-minilm-v2-n5-s55,5,55,0.25,0.2506493506493506,request_refund,10,2,8,0
exp004-minilm-v2-n5-s55,5,55,0.25,0.2506493506493506,declined_transfer,10,0,10,0
exp004-minilm-v2-n5-s55,5,55,0.25,0.2506493506493506,Refund_not_showing_up,10,0,10,0
exp004-minilm-v2-n5-s55,5,55,0.25,0.2506493506493506,declined_card_payment,10,0,10,0
exp004-minilm-v2-n5-s55,5,55,0.25,0.2506493506493506,pending_transfer,10,2,8,1
exp004-minilm-v2-n5-s55,5,55,0.25,0.2506493506493506,terminate_account,10,10,0,0
exp004-minilm-v2-n5-s55,5,55,0.25,0.2506493506493506,card_swallowed,10,1,9,0
exp004-minilm-v2-n5-s55,5,55,0.25,0.2506493506493506,transaction_charged_twice,10,4,6,0
exp004-minilm-v2-n5-s55,5,55,0.25,0.2506493506493506,verify_source_of_funds,10,7,3,0
exp004-minilm-v2-n5-s55,5,55,0.25,0.2506493506493506,transfer_timing,10,1,9,0
exp004-minilm-v2-n5-s55,5,55,0.25,0.2506493506493506,reverted_card_payment?,10,0,10,0
exp004-minilm-v2-n5-s55,5,55,0.25,0.2506493506493506,change_pin,10,9,1,0
exp004-minilm-v2-n5-s55,5,55,0.25,0.2506493506493506,beneficiary_not_allowed,10,0,10,0
exp004-minilm-v2-n5-s55,5,55,0.25,0.2506493506493506,transfer_fee_charged,10,0,10,0
exp004-minilm-v2-n5-s55,5,55,0.25,0.2506493506493506,receiving_money,10,0,10,0
exp004-minilm-v2-n5-s55,5,55,0.25,0.2506493506493506,failed_transfer,10,6,4,0
exp004-minilm-v2-n5-s55,5,55,0.25,0.2506493506493506,transfer_into_account,10,0,10,0
exp004-minilm-v2-n5-s55,5,55,0.25,0.2506493506493506,verify_top_up,10,4,6,0
exp004-minilm-v2-n5-s55,5,55,0.25,0.2506493506493506,getting_spare_card,10,0,10,0
exp004-minilm-v2-n5-s55,5,55,0.25,0.2506493506493506,top_up_by_cash_or_cheque,10,1,9,0
exp004-minilm-v2-n5-s55,5,55,0.25,0.2506493506493506,order_physical_card,10,0,10,0
exp004-minilm-v2-n5-s55,5,55,0.25,0.2506493506493506,virtual_card_not_working,10,4,6,2
exp004-minilm-v2-n5-s55,5,55,0.25,0.2506493506493506,wrong_exchange_rate_for_cash_withdrawal,10,4,6,2
exp004-minilm-v2-n5-s55,5,55,0.25,0.2506493506493506,get_disposable_virtual_card,10,6,4,0
exp004-minilm-v2-n5-s55,5,55,0.25,0.2506493506493506,top_up_failed,10,0,10,0
exp004-minilm-v2-n5-s55,5,55,0.25,0.2506493506493506,balance_not_updated_after_bank_transfer,10,0,10,0
exp004-minilm-v2-n5-s55,5,55,0.25,0.2506493506493506,cash_withdrawal_not_recognised,10,0,10,0
exp004-minilm-v2-n5-s55,5,55,0.25,0.2506493506493506,exchange_charge,10,6,4,0
exp004-minilm-v2-n5-s55,5,55,0.25,0.2506493506493506,top_up_by_card_charge,10,0,10,0
exp004-minilm-v2-n5-s55,5,55,0.25,0.2506493506493506,activate_my_card,10,3,7,0
exp004-minilm-v2-n5-s55,5,55,0.25,0.2506493506493506,cash_withdrawal_charge,10,0,10,0
exp004-minilm-v2-n5-s55,5,55,0.25,0.2506493506493506,card_about_to_expire,10,2,8,0
exp004-minilm-v2-n5-s55,5,55,0.25,0.2506493506493506,apple_pay_or_google_pay,10,4,6,0
exp004-minilm-v2-n5-s55,5,55,0.25,0.2506493506493506,verify_my_identity,10,7,3,0
exp004-minilm-v2-n5-s55,5,55,0.25,0.2506493506493506,country_support,10,6,4,0
exp004-minilm-v2-n5-s55,5,55,0.5,0.5,card_arrival,10,4,6,0
exp004-minilm-v2-n5-s55,5,55,0.5,0.5,card_linking,10,0,10,0
exp004-minilm-v2-n5-s55,5,55,0.5,0.5,exchange_rate,10,9,1,0
exp004-minilm-v2-n5-s55,5,55,0.5,0.5,card_payment_wrong_exchange_rate,10,7,3,4
exp004-minilm-v2-n5-s55,5,55,0.5,0.5,extra_charge_on_statement,10,2,8,0
exp004-minilm-v2-n5-s55,5,55,0.5,0.5,pending_cash_withdrawal,10,5,5,0
exp004-minilm-v2-n5-s55,5,55,0.5,0.5,fiat_currency_support,10,8,2,0
exp004-minilm-v2-n5-s55,5,55,0.5,0.5,card_delivery_estimate,10,4,6,0
exp004-minilm-v2-n5-s55,5,55,0.5,0.5,automatic_top_up,10,9,1,2
exp004-minilm-v2-n5-s55,5,55,0.5,0.5,card_not_working,10,0,10,0
exp004-minilm-v2-n5-s55,5,55,0.5,0.5,exchange_via_app,10,6,4,1
exp004-minilm-v2-n5-s55,5,55,0.5,0.5,lost_or_stolen_card,10,1,9,0
exp004-minilm-v2-n5-s55,5,55,0.5,0.5,age_limit,10,9,1,0
exp004-minilm-v2-n5-s55,5,55,0.5,0.5,pin_blocked,10,8,2,0
exp004-minilm-v2-n5-s55,5,55,0.5,0.5,contactless_not_working,10,5,5,0
exp004-minilm-v2-n5-s55,5,55,0.5,0.5,top_up_by_bank_transfer_charge,10,0,10,0
exp004-minilm-v2-n5-s55,5,55,0.5,0.5,pending_top_up,10,6,4,2
exp004-minilm-v2-n5-s55,5,55,0.5,0.5,cancel_transfer,10,5,5,0
exp004-minilm-v2-n5-s55,5,55,0.5,0.5,top_up_limits,10,9,1,0
exp004-minilm-v2-n5-s55,5,55,0.5,0.5,wrong_amount_of_cash_received,10,0,10,0
exp004-minilm-v2-n5-s55,5,55,0.5,0.5,card_payment_fee_charged,10,2,8,0
exp004-minilm-v2-n5-s55,5,55,0.5,0.5,transfer_not_received_by_recipient,10,5,5,4
exp004-minilm-v2-n5-s55,5,55,0.5,0.5,supported_cards_and_currencies,10,3,7,3
exp004-minilm-v2-n5-s55,5,55,0.5,0.5,getting_virtual_card,10,8,2,0
exp004-minilm-v2-n5-s55,5,55,0.5,0.5,card_acceptance,10,0,10,0
exp004-minilm-v2-n5-s55,5,55,0.5,0.5,top_up_reverted,10,2,8,1
exp004-minilm-v2-n5-s55,5,55,0.5,0.5,balance_not_updated_after_cheque_or_cash_deposit,10,6,4,0
exp004-minilm-v2-n5-s55,5,55,0.5,0.5,card_payment_not_recognised,10,0,10,0
exp004-minilm-v2-n5-s55,5,55,0.5,0.5,edit_personal_details,10,7,3,0
exp004-minilm-v2-n5-s55,5,55,0.5,0.5,why_verify_identity,10,8,2,5
exp004-minilm-v2-n5-s55,5,55,0.5,0.5,unable_to_verify_identity,10,9,1,1
exp004-minilm-v2-n5-s55,5,55,0.5,0.5,get_physical_card,10,7,3,1
exp004-minilm-v2-n5-s55,5,55,0.5,0.5,visa_or_mastercard,10,6,4,0
exp004-minilm-v2-n5-s55,5,55,0.5,0.5,topping_up_by_card,10,1,9,1
exp004-minilm-v2-n5-s55,5,55,0.5,0.5,disposable_card_limits,10,8,2,0
exp004-minilm-v2-n5-s55,5,55,0.5,0.5,compromised_card,10,3,7,0
exp004-minilm-v2-n5-s55,5,55,0.5,0.5,atm_support,10,8,2,0
exp004-minilm-v2-n5-s55,5,55,0.5,0.5,direct_debit_payment_not_recognised,10,0,10,0
exp004-minilm-v2-n5-s55,5,55,0.5,0.5,passcode_forgotten,10,9,1,0
exp004-minilm-v2-n5-s55,5,55,0.5,0.5,declined_cash_withdrawal,10,1,9,0
exp004-minilm-v2-n5-s55,5,55,0.5,0.5,pending_card_payment,10,10,0,0
exp004-minilm-v2-n5-s55,5,55,0.5,0.5,lost_or_stolen_phone,10,8,2,0
exp004-minilm-v2-n5-s55,5,55,0.5,0.5,request_refund,10,7,3,0
exp004-minilm-v2-n5-s55,5,55,0.5,0.5,declined_transfer,10,1,9,0
exp004-minilm-v2-n5-s55,5,55,0.5,0.5,Refund_not_showing_up,10,5,5,0
exp004-minilm-v2-n5-s55,5,55,0.5,0.5,declined_card_payment,10,1,9,0
exp004-minilm-v2-n5-s55,5,55,0.5,0.5,pending_transfer,10,8,2,2
exp004-minilm-v2-n5-s55,5,55,0.5,0.5,terminate_account,10,10,0,0
exp004-minilm-v2-n5-s55,5,55,0.5,0.5,card_swallowed,10,4,6,0
exp004-minilm-v2-n5-s55,5,55,0.5,0.5,transaction_charged_twice,10,8,2,0
exp004-minilm-v2-n5-s55,5,55,0.5,0.5,verify_source_of_funds,10,8,2,0
exp004-minilm-v2-n5-s55,5,55,0.5,0.5,transfer_timing,10,6,4,0
exp004-minilm-v2-n5-s55,5,55,0.5,0.5,reverted_card_payment?,10,2,8,1
exp004-minilm-v2-n5-s55,5,55,0.5,0.5,change_pin,10,10,0,0
exp004-minilm-v2-n5-s55,5,55,0.5,0.5,beneficiary_not_allowed,10,3,7,3
exp004-minilm-v2-n5-s55,5,55,0.5,0.5,transfer_fee_charged,10,0,10,0
exp004-minilm-v2-n5-s55,5,55,0.5,0.5,receiving_money,10,0,10,0
exp004-minilm-v2-n5-s55,5,55,0.5,0.5,failed_transfer,10,9,1,0
exp004-minilm-v2-n5-s55,5,55,0.5,0.5,transfer_into_account,10,0,10,0
exp004-minilm-v2-n5-s55,5,55,0.5,0.5,verify_top_up,10,8,2,0
exp004-minilm-v2-n5-s55,5,55,0.5,0.5,getting_spare_card,10,1,9,1
exp004-minilm-v2-n5-s55,5,55,0.5,0.5,top_up_by_cash_or_cheque,10,4,6,1
exp004-minilm-v2-n5-s55,5,55,0.5,0.5,order_physical_card,10,3,7,0
exp004-minilm-v2-n5-s55,5,55,0.5,0.5,virtual_card_not_working,10,8,2,3
exp004-minilm-v2-n5-s55,5,55,0.5,0.5,wrong_exchange_rate_for_cash_withdrawal,10,6,4,2
exp004-minilm-v2-n5-s55,5,55,0.5,0.5,get_disposable_virtual_card,10,9,1,0
exp004-minilm-v2-n5-s55,5,55,0.5,0.5,top_up_failed,10,3,7,2
exp004-minilm-v2-n5-s55,5,55,0.5,0.5,balance_not_updated_after_bank_transfer,10,2,8,1
exp004-minilm-v2-n5-s55,5,55,0.5,0.5,cash_withdrawal_not_recognised,10,0,10,0
exp004-minilm-v2-n5-s55,5,55,0.5,0.5,exchange_charge,10,9,1,0
exp004-minilm-v2-n5-s55,5,55,0.5,0.5,top_up_by_card_charge,10,4,6,0
exp004-minilm-v2-n5-s55,5,55,0.5,0.5,activate_my_card,10,9,1,0
exp004-minilm-v2-n5-s55,5,55,0.5,0.5,cash_withdrawal_charge,10,2,8,0
exp004-minilm-v2-n5-s55,5,55,0.5,0.5,card_about_to_expire,10,6,4,0
exp004-minilm-v2-n5-s55,5,55,0.5,0.5,apple_pay_or_google_pay,10,6,4,0
exp004-minilm-v2-n5-s55,5,55,0.5,0.5,verify_my_identity,10,9,1,0
exp004-minilm-v2-n5-s55,5,55,0.5,0.5,country_support,10,6,4,0
exp004-minilm-v2-n5-s55,5,55,0.75,0.7506493506493507,card_arrival,10,8,2,1
exp004-minilm-v2-n5-s55,5,55,0.75,0.7506493506493507,card_linking,10,7,3,2
exp004-minilm-v2-n5-s55,5,55,0.75,0.7506493506493507,exchange_rate,10,10,0,1
exp004-minilm-v2-n5-s55,5,55,0.75,0.7506493506493507,card_payment_wrong_exchange_rate,10,8,2,4
exp004-minilm-v2-n5-s55,5,55,0.75,0.7506493506493507,extra_charge_on_statement,10,7,3,3
exp004-minilm-v2-n5-s55,5,55,0.75,0.7506493506493507,pending_cash_withdrawal,10,7,3,0
exp004-minilm-v2-n5-s55,5,55,0.75,0.7506493506493507,fiat_currency_support,10,9,1,0
exp004-minilm-v2-n5-s55,5,55,0.75,0.7506493506493507,card_delivery_estimate,10,7,3,1
exp004-minilm-v2-n5-s55,5,55,0.75,0.7506493506493507,automatic_top_up,10,9,1,2
exp004-minilm-v2-n5-s55,5,55,0.75,0.7506493506493507,card_not_working,10,2,8,0
exp004-minilm-v2-n5-s55,5,55,0.75,0.7506493506493507,exchange_via_app,10,10,0,3
exp004-minilm-v2-n5-s55,5,55,0.75,0.7506493506493507,lost_or_stolen_card,10,6,4,1
exp004-minilm-v2-n5-s55,5,55,0.75,0.7506493506493507,age_limit,10,10,0,0
exp004-minilm-v2-n5-s55,5,55,0.75,0.7506493506493507,pin_blocked,10,10,0,1
exp004-minilm-v2-n5-s55,5,55,0.75,0.7506493506493507,contactless_not_working,10,7,3,0
exp004-minilm-v2-n5-s55,5,55,0.75,0.7506493506493507,top_up_by_bank_transfer_charge,10,4,6,1
exp004-minilm-v2-n5-s55,5,55,0.75,0.7506493506493507,pending_top_up,10,8,2,4
exp004-minilm-v2-n5-s55,5,55,0.75,0.7506493506493507,cancel_transfer,10,7,3,0
exp004-minilm-v2-n5-s55,5,55,0.75,0.7506493506493507,top_up_limits,10,9,1,0
exp004-minilm-v2-n5-s55,5,55,0.75,0.7506493506493507,wrong_amount_of_cash_received,10,4,6,2
exp004-minilm-v2-n5-s55,5,55,0.75,0.7506493506493507,card_payment_fee_charged,10,8,2,2
exp004-minilm-v2-n5-s55,5,55,0.75,0.7506493506493507,transfer_not_received_by_recipient,10,8,2,7
exp004-minilm-v2-n5-s55,5,55,0.75,0.7506493506493507,supported_cards_and_currencies,10,4,6,4
exp004-minilm-v2-n5-s55,5,55,0.75,0.7506493506493507,getting_virtual_card,10,10,0,0
exp004-minilm-v2-n5-s55,5,55,0.75,0.7506493506493507,card_acceptance,10,2,8,0
exp004-minilm-v2-n5-s55,5,55,0.75,0.7506493506493507,top_up_reverted,10,7,3,2
exp004-minilm-v2-n5-s55,5,55,0.75,0.7506493506493507,balance_not_updated_after_cheque_or_cash_deposit,10,9,1,0
exp004-minilm-v2-n5-s55,5,55,0.75,0.7506493506493507,card_payment_not_recognised,10,0,10,0
exp004-minilm-v2-n5-s55,5,55,0.75,0.7506493506493507,edit_personal_details,10,9,1,0
exp004-minilm-v2-n5-s55,5,55,0.75,0.7506493506493507,why_verify_identity,10,10,0,6
exp004-minilm-v2-n5-s55,5,55,0.75,0.7506493506493507,unable_to_verify_identity,10,10,0,1
exp004-minilm-v2-n5-s55,5,55,0.75,0.7506493506493507,get_physical_card,10,10,0,3
exp004-minilm-v2-n5-s55,5,55,0.75,0.7506493506493507,visa_or_mastercard,10,8,2,0
exp004-minilm-v2-n5-s55,5,55,0.75,0.7506493506493507,topping_up_by_card,10,7,3,6
exp004-minilm-v2-n5-s55,5,55,0.75,0.7506493506493507,disposable_card_limits,10,10,0,0
exp004-minilm-v2-n5-s55,5,55,0.75,0.7506493506493507,compromised_card,10,5,5,0
exp004-minilm-v2-n5-s55,5,55,0.75,0.7506493506493507,atm_support,10,9,1,0
exp004-minilm-v2-n5-s55,5,55,0.75,0.7506493506493507,direct_debit_payment_not_recognised,10,3,7,0
exp004-minilm-v2-n5-s55,5,55,0.75,0.7506493506493507,passcode_forgotten,10,9,1,0
exp004-minilm-v2-n5-s55,5,55,0.75,0.7506493506493507,declined_cash_withdrawal,10,5,5,1
exp004-minilm-v2-n5-s55,5,55,0.75,0.7506493506493507,pending_card_payment,10,10,0,0
exp004-minilm-v2-n5-s55,5,55,0.75,0.7506493506493507,lost_or_stolen_phone,10,9,1,0
exp004-minilm-v2-n5-s55,5,55,0.75,0.7506493506493507,request_refund,10,9,1,0
exp004-minilm-v2-n5-s55,5,55,0.75,0.7506493506493507,declined_transfer,10,9,1,2
exp004-minilm-v2-n5-s55,5,55,0.75,0.7506493506493507,Refund_not_showing_up,10,9,1,1
exp004-minilm-v2-n5-s55,5,55,0.75,0.7506493506493507,declined_card_payment,10,2,8,1
exp004-minilm-v2-n5-s55,5,55,0.75,0.7506493506493507,pending_transfer,10,10,0,4
exp004-minilm-v2-n5-s55,5,55,0.75,0.7506493506493507,terminate_account,10,10,0,0
exp004-minilm-v2-n5-s55,5,55,0.75,0.7506493506493507,card_swallowed,10,8,2,1
exp004-minilm-v2-n5-s55,5,55,0.75,0.7506493506493507,transaction_charged_twice,10,9,1,0
exp004-minilm-v2-n5-s55,5,55,0.75,0.7506493506493507,verify_source_of_funds,10,8,2,0
exp004-minilm-v2-n5-s55,5,55,0.75,0.7506493506493507,transfer_timing,10,9,1,1
exp004-minilm-v2-n5-s55,5,55,0.75,0.7506493506493507,reverted_card_payment?,10,4,6,1
exp004-minilm-v2-n5-s55,5,55,0.75,0.7506493506493507,change_pin,10,10,0,0
exp004-minilm-v2-n5-s55,5,55,0.75,0.7506493506493507,beneficiary_not_allowed,10,9,1,4
exp004-minilm-v2-n5-s55,5,55,0.75,0.7506493506493507,transfer_fee_charged,10,6,4,1
exp004-minilm-v2-n5-s55,5,55,0.75,0.7506493506493507,receiving_money,10,2,8,1
exp004-minilm-v2-n5-s55,5,55,0.75,0.7506493506493507,failed_transfer,10,10,0,0
exp004-minilm-v2-n5-s55,5,55,0.75,0.7506493506493507,transfer_into_account,10,8,2,1
exp004-minilm-v2-n5-s55,5,55,0.75,0.7506493506493507,verify_top_up,10,8,2,0
exp004-minilm-v2-n5-s55,5,55,0.75,0.7506493506493507,getting_spare_card,10,5,5,3
exp004-minilm-v2-n5-s55,5,55,0.75,0.7506493506493507,top_up_by_cash_or_cheque,10,8,2,1
exp004-minilm-v2-n5-s55,5,55,0.75,0.7506493506493507,order_physical_card,10,5,5,0
exp004-minilm-v2-n5-s55,5,55,0.75,0.7506493506493507,virtual_card_not_working,10,9,1,3
exp004-minilm-v2-n5-s55,5,55,0.75,0.7506493506493507,wrong_exchange_rate_for_cash_withdrawal,10,9,1,3
exp004-minilm-v2-n5-s55,5,55,0.75,0.7506493506493507,get_disposable_virtual_card,10,10,0,1
exp004-minilm-v2-n5-s55,5,55,0.75,0.7506493506493507,top_up_failed,10,5,5,4
exp004-minilm-v2-n5-s55,5,55,0.75,0.7506493506493507,balance_not_updated_after_bank_transfer,10,6,4,3
exp004-minilm-v2-n5-s55,5,55,0.75,0.7506493506493507,cash_withdrawal_not_recognised,10,3,7,2
exp004-minilm-v2-n5-s55,5,55,0.75,0.7506493506493507,exchange_charge,10,9,1,0
exp004-minilm-v2-n5-s55,5,55,0.75,0.7506493506493507,top_up_by_card_charge,10,7,3,0
exp004-minilm-v2-n5-s55,5,55,0.75,0.7506493506493507,activate_my_card,10,10,0,0
exp004-minilm-v2-n5-s55,5,55,0.75,0.7506493506493507,cash_withdrawal_charge,10,7,3,2
exp004-minilm-v2-n5-s55,5,55,0.75,0.7506493506493507,card_about_to_expire,10,10,0,0
exp004-minilm-v2-n5-s55,5,55,0.75,0.7506493506493507,apple_pay_or_google_pay,10,8,2,0
exp004-minilm-v2-n5-s55,5,55,0.75,0.7506493506493507,verify_my_identity,10,9,1,0
exp004-minilm-v2-n5-s55,5,55,0.75,0.7506493506493507,country_support,10,7,3,1
exp004-minilm-v2-n5-s55,5,55,0.9,0.9,card_arrival,10,10,0,2
exp004-minilm-v2-n5-s55,5,55,0.9,0.9,card_linking,10,10,0,4
exp004-minilm-v2-n5-s55,5,55,0.9,0.9,exchange_rate,10,10,0,1
exp004-minilm-v2-n5-s55,5,55,0.9,0.9,card_payment_wrong_exchange_rate,10,10,0,4
exp004-minilm-v2-n5-s55,5,55,0.9,0.9,extra_charge_on_statement,10,9,1,3
exp004-minilm-v2-n5-s55,5,55,0.9,0.9,pending_cash_withdrawal,10,10,0,1
exp004-minilm-v2-n5-s55,5,55,0.9,0.9,fiat_currency_support,10,10,0,0
exp004-minilm-v2-n5-s55,5,55,0.9,0.9,card_delivery_estimate,10,10,0,2
exp004-minilm-v2-n5-s55,5,55,0.9,0.9,automatic_top_up,10,10,0,2
exp004-minilm-v2-n5-s55,5,55,0.9,0.9,card_not_working,10,8,2,1
exp004-minilm-v2-n5-s55,5,55,0.9,0.9,exchange_via_app,10,10,0,3
exp004-minilm-v2-n5-s55,5,55,0.9,0.9,lost_or_stolen_card,10,9,1,2
exp004-minilm-v2-n5-s55,5,55,0.9,0.9,age_limit,10,10,0,0
exp004-minilm-v2-n5-s55,5,55,0.9,0.9,pin_blocked,10,10,0,1
exp004-minilm-v2-n5-s55,5,55,0.9,0.9,contactless_not_working,10,7,3,0
exp004-minilm-v2-n5-s55,5,55,0.9,0.9,top_up_by_bank_transfer_charge,10,7,3,4
exp004-minilm-v2-n5-s55,5,55,0.9,0.9,pending_top_up,10,9,1,4
exp004-minilm-v2-n5-s55,5,55,0.9,0.9,cancel_transfer,10,9,1,0
exp004-minilm-v2-n5-s55,5,55,0.9,0.9,top_up_limits,10,9,1,0
exp004-minilm-v2-n5-s55,5,55,0.9,0.9,wrong_amount_of_cash_received,10,6,4,3
exp004-minilm-v2-n5-s55,5,55,0.9,0.9,card_payment_fee_charged,10,10,0,2
exp004-minilm-v2-n5-s55,5,55,0.9,0.9,transfer_not_received_by_recipient,10,9,1,7
exp004-minilm-v2-n5-s55,5,55,0.9,0.9,supported_cards_and_currencies,10,8,2,8
exp004-minilm-v2-n5-s55,5,55,0.9,0.9,getting_virtual_card,10,10,0,0
exp004-minilm-v2-n5-s55,5,55,0.9,0.9,card_acceptance,10,5,5,3
exp004-minilm-v2-n5-s55,5,55,0.9,0.9,top_up_reverted,10,7,3,2
exp004-minilm-v2-n5-s55,5,55,0.9,0.9,balance_not_updated_after_cheque_or_cash_deposit,10,10,0,0
exp004-minilm-v2-n5-s55,5,55,0.9,0.9,card_payment_not_recognised,10,5,5,1
exp004-minilm-v2-n5-s55,5,55,0.9,0.9,edit_personal_details,10,10,0,0
exp004-minilm-v2-n5-s55,5,55,0.9,0.9,why_verify_identity,10,10,0,6
exp004-minilm-v2-n5-s55,5,55,0.9,0.9,unable_to_verify_identity,10,10,0,1
exp004-minilm-v2-n5-s55,5,55,0.9,0.9,get_physical_card,10,10,0,3
exp004-minilm-v2-n5-s55,5,55,0.9,0.9,visa_or_mastercard,10,9,1,0
exp004-minilm-v2-n5-s55,5,55,0.9,0.9,topping_up_by_card,10,9,1,8
exp004-minilm-v2-n5-s55,5,55,0.9,0.9,disposable_card_limits,10,10,0,0
exp004-minilm-v2-n5-s55,5,55,0.9,0.9,compromised_card,10,6,4,0
exp004-minilm-v2-n5-s55,5,55,0.9,0.9,atm_support,10,10,0,1
exp004-minilm-v2-n5-s55,5,55,0.9,0.9,direct_debit_payment_not_recognised,10,7,3,0
exp004-minilm-v2-n5-s55,5,55,0.9,0.9,passcode_forgotten,10,10,0,0
exp004-minilm-v2-n5-s55,5,55,0.9,0.9,declined_cash_withdrawal,10,9,1,5
exp004-minilm-v2-n5-s55,5,55,0.9,0.9,pending_card_payment,10,10,0,0
exp004-minilm-v2-n5-s55,5,55,0.9,0.9,lost_or_stolen_phone,10,10,0,1
exp004-minilm-v2-n5-s55,5,55,0.9,0.9,request_refund,10,9,1,0
exp004-minilm-v2-n5-s55,5,55,0.9,0.9,declined_transfer,10,9,1,2
exp004-minilm-v2-n5-s55,5,55,0.9,0.9,Refund_not_showing_up,10,10,0,2
exp004-minilm-v2-n5-s55,5,55,0.9,0.9,declined_card_payment,10,7,3,3
exp004-minilm-v2-n5-s55,5,55,0.9,0.9,pending_transfer,10,10,0,4
exp004-minilm-v2-n5-s55,5,55,0.9,0.9,terminate_account,10,10,0,0
exp004-minilm-v2-n5-s55,5,55,0.9,0.9,card_swallowed,10,10,0,2
exp004-minilm-v2-n5-s55,5,55,0.9,0.9,transaction_charged_twice,10,9,1,0
exp004-minilm-v2-n5-s55,5,55,0.9,0.9,verify_source_of_funds,10,10,0,0
exp004-minilm-v2-n5-s55,5,55,0.9,0.9,transfer_timing,10,9,1,1
exp004-minilm-v2-n5-s55,5,55,0.9,0.9,reverted_card_payment?,10,7,3,2
exp004-minilm-v2-n5-s55,5,55,0.9,0.9,change_pin,10,10,0,0
exp004-minilm-v2-n5-s55,5,55,0.9,0.9,beneficiary_not_allowed,10,10,0,4
exp004-minilm-v2-n5-s55,5,55,0.9,0.9,transfer_fee_charged,10,9,1,1
exp004-minilm-v2-n5-s55,5,55,0.9,0.9,receiving_money,10,3,7,2
exp004-minilm-v2-n5-s55,5,55,0.9,0.9,failed_transfer,10,10,0,0
exp004-minilm-v2-n5-s55,5,55,0.9,0.9,transfer_into_account,10,9,1,1
exp004-minilm-v2-n5-s55,5,55,0.9,0.9,verify_top_up,10,10,0,0
exp004-minilm-v2-n5-s55,5,55,0.9,0.9,getting_spare_card,10,9,1,3
exp004-minilm-v2-n5-s55,5,55,0.9,0.9,top_up_by_cash_or_cheque,10,9,1,2
exp004-minilm-v2-n5-s55,5,55,0.9,0.9,order_physical_card,10,8,2,1
exp004-minilm-v2-n5-s55,5,55,0.9,0.9,virtual_card_not_working,10,10,0,4
exp004-minilm-v2-n5-s55,5,55,0.9,0.9,wrong_exchange_rate_for_cash_withdrawal,10,9,1,3
exp004-minilm-v2-n5-s55,5,55,0.9,0.9,get_disposable_virtual_card,10,10,0,1
exp004-minilm-v2-n5-s55,5,55,0.9,0.9,top_up_failed,10,8,2,5
exp004-minilm-v2-n5-s55,5,55,0.9,0.9,balance_not_updated_after_bank_transfer,10,8,2,5
exp004-minilm-v2-n5-s55,5,55,0.9,0.9,cash_withdrawal_not_recognised,10,6,4,4
exp004-minilm-v2-n5-s55,5,55,0.9,0.9,exchange_charge,10,10,0,0
exp004-minilm-v2-n5-s55,5,55,0.9,0.9,top_up_by_card_charge,10,9,1,0
exp004-minilm-v2-n5-s55,5,55,0.9,0.9,activate_my_card,10,10,0,0
exp004-minilm-v2-n5-s55,5,55,0.9,0.9,cash_withdrawal_charge,10,10,0,3
exp004-minilm-v2-n5-s55,5,55,0.9,0.9,card_about_to_expire,10,10,0,0
exp004-minilm-v2-n5-s55,5,55,0.9,0.9,apple_pay_or_google_pay,10,9,1,1
exp004-minilm-v2-n5-s55,5,55,0.9,0.9,verify_my_identity,10,10,0,0
exp004-minilm-v2-n5-s55,5,55,0.9,0.9,country_support,10,10,0,4
exp004-minilm-v2-n5-s55,5,55,1.0,1.0,card_arrival,10,10,0,2
exp004-minilm-v2-n5-s55,5,55,1.0,1.0,card_linking,10,10,0,4
exp004-minilm-v2-n5-s55,5,55,1.0,1.0,exchange_rate,10,10,0,1
exp004-minilm-v2-n5-s55,5,55,1.0,1.0,card_payment_wrong_exchange_rate,10,10,0,4
exp004-minilm-v2-n5-s55,5,55,1.0,1.0,extra_charge_on_statement,10,10,0,4
exp004-minilm-v2-n5-s55,5,55,1.0,1.0,pending_cash_withdrawal,10,10,0,1
exp004-minilm-v2-n5-s55,5,55,1.0,1.0,fiat_currency_support,10,10,0,0
exp004-minilm-v2-n5-s55,5,55,1.0,1.0,card_delivery_estimate,10,10,0,2
exp004-minilm-v2-n5-s55,5,55,1.0,1.0,automatic_top_up,10,10,0,2
exp004-minilm-v2-n5-s55,5,55,1.0,1.0,card_not_working,10,10,0,1
exp004-minilm-v2-n5-s55,5,55,1.0,1.0,exchange_via_app,10,10,0,3
exp004-minilm-v2-n5-s55,5,55,1.0,1.0,lost_or_stolen_card,10,10,0,3
exp004-minilm-v2-n5-s55,5,55,1.0,1.0,age_limit,10,10,0,0
exp004-minilm-v2-n5-s55,5,55,1.0,1.0,pin_blocked,10,10,0,1
exp004-minilm-v2-n5-s55,5,55,1.0,1.0,contactless_not_working,10,10,0,3
exp004-minilm-v2-n5-s55,5,55,1.0,1.0,top_up_by_bank_transfer_charge,10,10,0,7
exp004-minilm-v2-n5-s55,5,55,1.0,1.0,pending_top_up,10,10,0,5
exp004-minilm-v2-n5-s55,5,55,1.0,1.0,cancel_transfer,10,10,0,0
exp004-minilm-v2-n5-s55,5,55,1.0,1.0,top_up_limits,10,10,0,1
exp004-minilm-v2-n5-s55,5,55,1.0,1.0,wrong_amount_of_cash_received,10,10,0,6
exp004-minilm-v2-n5-s55,5,55,1.0,1.0,card_payment_fee_charged,10,10,0,2
exp004-minilm-v2-n5-s55,5,55,1.0,1.0,transfer_not_received_by_recipient,10,10,0,8
exp004-minilm-v2-n5-s55,5,55,1.0,1.0,supported_cards_and_currencies,10,10,0,9
exp004-minilm-v2-n5-s55,5,55,1.0,1.0,getting_virtual_card,10,10,0,0
exp004-minilm-v2-n5-s55,5,55,1.0,1.0,card_acceptance,10,10,0,6
exp004-minilm-v2-n5-s55,5,55,1.0,1.0,top_up_reverted,10,10,0,3
exp004-minilm-v2-n5-s55,5,55,1.0,1.0,balance_not_updated_after_cheque_or_cash_deposit,10,10,0,0
exp004-minilm-v2-n5-s55,5,55,1.0,1.0,card_payment_not_recognised,10,10,0,2
exp004-minilm-v2-n5-s55,5,55,1.0,1.0,edit_personal_details,10,10,0,0
exp004-minilm-v2-n5-s55,5,55,1.0,1.0,why_verify_identity,10,10,0,6
exp004-minilm-v2-n5-s55,5,55,1.0,1.0,unable_to_verify_identity,10,10,0,1
exp004-minilm-v2-n5-s55,5,55,1.0,1.0,get_physical_card,10,10,0,3
exp004-minilm-v2-n5-s55,5,55,1.0,1.0,visa_or_mastercard,10,10,0,1
exp004-minilm-v2-n5-s55,5,55,1.0,1.0,topping_up_by_card,10,10,0,9
exp004-minilm-v2-n5-s55,5,55,1.0,1.0,disposable_card_limits,10,10,0,0
exp004-minilm-v2-n5-s55,5,55,1.0,1.0,compromised_card,10,10,0,4
exp004-minilm-v2-n5-s55,5,55,1.0,1.0,atm_support,10,10,0,1
exp004-minilm-v2-n5-s55,5,55,1.0,1.0,direct_debit_payment_not_recognised,10,10,0,3
exp004-minilm-v2-n5-s55,5,55,1.0,1.0,passcode_forgotten,10,10,0,0
exp004-minilm-v2-n5-s55,5,55,1.0,1.0,declined_cash_withdrawal,10,10,0,6
exp004-minilm-v2-n5-s55,5,55,1.0,1.0,pending_card_payment,10,10,0,0
exp004-minilm-v2-n5-s55,5,55,1.0,1.0,lost_or_stolen_phone,10,10,0,1
exp004-minilm-v2-n5-s55,5,55,1.0,1.0,request_refund,10,10,0,1
exp004-minilm-v2-n5-s55,5,55,1.0,1.0,declined_transfer,10,10,0,3
exp004-minilm-v2-n5-s55,5,55,1.0,1.0,Refund_not_showing_up,10,10,0,2
exp004-minilm-v2-n5-s55,5,55,1.0,1.0,declined_card_payment,10,10,0,6
exp004-minilm-v2-n5-s55,5,55,1.0,1.0,pending_transfer,10,10,0,4
exp004-minilm-v2-n5-s55,5,55,1.0,1.0,terminate_account,10,10,0,0
exp004-minilm-v2-n5-s55,5,55,1.0,1.0,card_swallowed,10,10,0,2
exp004-minilm-v2-n5-s55,5,55,1.0,1.0,transaction_charged_twice,10,10,0,1
exp004-minilm-v2-n5-s55,5,55,1.0,1.0,verify_source_of_funds,10,10,0,0
exp004-minilm-v2-n5-s55,5,55,1.0,1.0,transfer_timing,10,10,0,2
exp004-minilm-v2-n5-s55,5,55,1.0,1.0,reverted_card_payment?,10,10,0,2
exp004-minilm-v2-n5-s55,5,55,1.0,1.0,change_pin,10,10,0,0
exp004-minilm-v2-n5-s55,5,55,1.0,1.0,beneficiary_not_allowed,10,10,0,4
exp004-minilm-v2-n5-s55,5,55,1.0,1.0,transfer_fee_charged,10,10,0,2
exp004-minilm-v2-n5-s55,5,55,1.0,1.0,receiving_money,10,10,0,5
exp004-minilm-v2-n5-s55,5,55,1.0,1.0,failed_transfer,10,10,0,0
exp004-minilm-v2-n5-s55,5,55,1.0,1.0,transfer_into_account,10,10,0,1
exp004-minilm-v2-n5-s55,5,55,1.0,1.0,verify_top_up,10,10,0,0
exp004-minilm-v2-n5-s55,5,55,1.0,1.0,getting_spare_card,10,10,0,4
exp004-minilm-v2-n5-s55,5,55,1.0,1.0,top_up_by_cash_or_cheque,10,10,0,2
exp004-minilm-v2-n5-s55,5,55,1.0,1.0,order_physical_card,10,10,0,2
exp004-minilm-v2-n5-s55,5,55,1.0,1.0,virtual_card_not_working,10,10,0,4
exp004-minilm-v2-n5-s55,5,55,1.0,1.0,wrong_exchange_rate_for_cash_withdrawal,10,10,0,4
exp004-minilm-v2-n5-s55,5,55,1.0,1.0,get_disposable_virtual_card,10,10,0,1
exp004-minilm-v2-n5-s55,5,55,1.0,1.0,top_up_failed,10,10,0,7
exp004-minilm-v2-n5-s55,5,55,1.0,1.0,balance_not_updated_after_bank_transfer,10,10,0,6
exp004-minilm-v2-n5-s55,5,55,1.0,1.0,cash_withdrawal_not_recognised,10,10,0,8
exp004-minilm-v2-n5-s55,5,55,1.0,1.0,exchange_charge,10,10,0,0
exp004-minilm-v2-n5-s55,5,55,1.0,1.0,top_up_by_card_charge,10,10,0,0
exp004-minilm-v2-n5-s55,5,55,1.0,1.0,activate_my_card,10,10,0,0
exp004-minilm-v2-n5-s55,5,55,1.0,1.0,cash_withdrawal_charge,10,10,0,3
exp004-minilm-v2-n5-s55,5,55,1.0,1.0,card_about_to_expire,10,10,0,0
exp004-minilm-v2-n5-s55,5,55,1.0,1.0,apple_pay_or_google_pay,10,10,0,1
exp004-minilm-v2-n5-s55,5,55,1.0,1.0,verify_my_identity,10,10,0,0
exp004-minilm-v2-n5-s55,5,55,1.0,1.0,country_support,10,10,0,4
exp004-minilm-v2-n10-s11,10,11,0.25,0.2506493506493506,card_arrival,10,0,10,0
exp004-minilm-v2-n10-s11,10,11,0.25,0.2506493506493506,card_linking,10,0,10,0
exp004-minilm-v2-n10-s11,10,11,0.25,0.2506493506493506,exchange_rate,10,9,1,0
exp004-minilm-v2-n10-s11,10,11,0.25,0.2506493506493506,card_payment_wrong_exchange_rate,10,3,7,0
exp004-minilm-v2-n10-s11,10,11,0.25,0.2506493506493506,extra_charge_on_statement,10,0,10,0
exp004-minilm-v2-n10-s11,10,11,0.25,0.2506493506493506,pending_cash_withdrawal,10,5,5,0
exp004-minilm-v2-n10-s11,10,11,0.25,0.2506493506493506,fiat_currency_support,10,5,5,0
exp004-minilm-v2-n10-s11,10,11,0.25,0.2506493506493506,card_delivery_estimate,10,2,8,0
exp004-minilm-v2-n10-s11,10,11,0.25,0.2506493506493506,automatic_top_up,10,9,1,2
exp004-minilm-v2-n10-s11,10,11,0.25,0.2506493506493506,card_not_working,10,0,10,0
exp004-minilm-v2-n10-s11,10,11,0.25,0.2506493506493506,exchange_via_app,10,5,5,0
exp004-minilm-v2-n10-s11,10,11,0.25,0.2506493506493506,lost_or_stolen_card,10,0,10,0
exp004-minilm-v2-n10-s11,10,11,0.25,0.2506493506493506,age_limit,10,9,1,0
exp004-minilm-v2-n10-s11,10,11,0.25,0.2506493506493506,pin_blocked,10,2,8,0
exp004-minilm-v2-n10-s11,10,11,0.25,0.2506493506493506,contactless_not_working,10,3,7,0
exp004-minilm-v2-n10-s11,10,11,0.25,0.2506493506493506,top_up_by_bank_transfer_charge,10,0,10,0
exp004-minilm-v2-n10-s11,10,11,0.25,0.2506493506493506,pending_top_up,10,4,6,0
exp004-minilm-v2-n10-s11,10,11,0.25,0.2506493506493506,cancel_transfer,10,2,8,0
exp004-minilm-v2-n10-s11,10,11,0.25,0.2506493506493506,top_up_limits,10,7,3,0
exp004-minilm-v2-n10-s11,10,11,0.25,0.2506493506493506,wrong_amount_of_cash_received,10,0,10,0
exp004-minilm-v2-n10-s11,10,11,0.25,0.2506493506493506,card_payment_fee_charged,10,1,9,0
exp004-minilm-v2-n10-s11,10,11,0.25,0.2506493506493506,transfer_not_received_by_recipient,10,0,10,0
exp004-minilm-v2-n10-s11,10,11,0.25,0.2506493506493506,supported_cards_and_currencies,10,0,10,0
exp004-minilm-v2-n10-s11,10,11,0.25,0.2506493506493506,getting_virtual_card,10,3,7,0
exp004-minilm-v2-n10-s11,10,11,0.25,0.2506493506493506,card_acceptance,10,0,10,0
exp004-minilm-v2-n10-s11,10,11,0.25,0.2506493506493506,top_up_reverted,10,1,9,0
exp004-minilm-v2-n10-s11,10,11,0.25,0.2506493506493506,balance_not_updated_after_cheque_or_cash_deposit,10,0,10,0
exp004-minilm-v2-n10-s11,10,11,0.25,0.2506493506493506,card_payment_not_recognised,10,0,10,0
exp004-minilm-v2-n10-s11,10,11,0.25,0.2506493506493506,edit_personal_details,10,4,6,0
exp004-minilm-v2-n10-s11,10,11,0.25,0.2506493506493506,why_verify_identity,10,3,7,0
exp004-minilm-v2-n10-s11,10,11,0.25,0.2506493506493506,unable_to_verify_identity,10,0,10,0
exp004-minilm-v2-n10-s11,10,11,0.25,0.2506493506493506,get_physical_card,10,1,9,0
exp004-minilm-v2-n10-s11,10,11,0.25,0.2506493506493506,visa_or_mastercard,10,5,5,0
exp004-minilm-v2-n10-s11,10,11,0.25,0.2506493506493506,topping_up_by_card,10,0,10,0
exp004-minilm-v2-n10-s11,10,11,0.25,0.2506493506493506,disposable_card_limits,10,8,2,0
exp004-minilm-v2-n10-s11,10,11,0.25,0.2506493506493506,compromised_card,10,0,10,0
exp004-minilm-v2-n10-s11,10,11,0.25,0.2506493506493506,atm_support,10,5,5,0
exp004-minilm-v2-n10-s11,10,11,0.25,0.2506493506493506,direct_debit_payment_not_recognised,10,0,10,0
exp004-minilm-v2-n10-s11,10,11,0.25,0.2506493506493506,passcode_forgotten,10,8,2,0
exp004-minilm-v2-n10-s11,10,11,0.25,0.2506493506493506,declined_cash_withdrawal,10,0,10,0
exp004-minilm-v2-n10-s11,10,11,0.25,0.2506493506493506,pending_card_payment,10,3,7,0
exp004-minilm-v2-n10-s11,10,11,0.25,0.2506493506493506,lost_or_stolen_phone,10,5,5,0
exp004-minilm-v2-n10-s11,10,11,0.25,0.2506493506493506,request_refund,10,4,6,2
exp004-minilm-v2-n10-s11,10,11,0.25,0.2506493506493506,declined_transfer,10,4,6,0
exp004-minilm-v2-n10-s11,10,11,0.25,0.2506493506493506,Refund_not_showing_up,10,5,5,0
exp004-minilm-v2-n10-s11,10,11,0.25,0.2506493506493506,declined_card_payment,10,0,10,0
exp004-minilm-v2-n10-s11,10,11,0.25,0.2506493506493506,pending_transfer,10,0,10,0
exp004-minilm-v2-n10-s11,10,11,0.25,0.2506493506493506,terminate_account,10,6,4,0
exp004-minilm-v2-n10-s11,10,11,0.25,0.2506493506493506,card_swallowed,10,2,8,0
exp004-minilm-v2-n10-s11,10,11,0.25,0.2506493506493506,transaction_charged_twice,10,4,6,0
exp004-minilm-v2-n10-s11,10,11,0.25,0.2506493506493506,verify_source_of_funds,10,7,3,0
exp004-minilm-v2-n10-s11,10,11,0.25,0.2506493506493506,transfer_timing,10,1,9,0
exp004-minilm-v2-n10-s11,10,11,0.25,0.2506493506493506,reverted_card_payment?,10,0,10,0
exp004-minilm-v2-n10-s11,10,11,0.25,0.2506493506493506,change_pin,10,7,3,0
exp004-minilm-v2-n10-s11,10,11,0.25,0.2506493506493506,beneficiary_not_allowed,10,0,10,0
exp004-minilm-v2-n10-s11,10,11,0.25,0.2506493506493506,transfer_fee_charged,10,0,10,0
exp004-minilm-v2-n10-s11,10,11,0.25,0.2506493506493506,receiving_money,10,1,9,0
exp004-minilm-v2-n10-s11,10,11,0.25,0.2506493506493506,failed_transfer,10,0,10,0
exp004-minilm-v2-n10-s11,10,11,0.25,0.2506493506493506,transfer_into_account,10,0,10,0
exp004-minilm-v2-n10-s11,10,11,0.25,0.2506493506493506,verify_top_up,10,6,4,0
exp004-minilm-v2-n10-s11,10,11,0.25,0.2506493506493506,getting_spare_card,10,0,10,0
exp004-minilm-v2-n10-s11,10,11,0.25,0.2506493506493506,top_up_by_cash_or_cheque,10,2,8,0
exp004-minilm-v2-n10-s11,10,11,0.25,0.2506493506493506,order_physical_card,10,0,10,0
exp004-minilm-v2-n10-s11,10,11,0.25,0.2506493506493506,virtual_card_not_working,10,5,5,0
exp004-minilm-v2-n10-s11,10,11,0.25,0.2506493506493506,wrong_exchange_rate_for_cash_withdrawal,10,3,7,2
exp004-minilm-v2-n10-s11,10,11,0.25,0.2506493506493506,get_disposable_virtual_card,10,4,6,0
exp004-minilm-v2-n10-s11,10,11,0.25,0.2506493506493506,top_up_failed,10,0,10,0
exp004-minilm-v2-n10-s11,10,11,0.25,0.2506493506493506,balance_not_updated_after_bank_transfer,10,0,10,0
exp004-minilm-v2-n10-s11,10,11,0.25,0.2506493506493506,cash_withdrawal_not_recognised,10,0,10,0
exp004-minilm-v2-n10-s11,10,11,0.25,0.2506493506493506,exchange_charge,10,1,9,0
exp004-minilm-v2-n10-s11,10,11,0.25,0.2506493506493506,top_up_by_card_charge,10,0,10,0
exp004-minilm-v2-n10-s11,10,11,0.25,0.2506493506493506,activate_my_card,10,7,3,0
exp004-minilm-v2-n10-s11,10,11,0.25,0.2506493506493506,cash_withdrawal_charge,10,0,10,0
exp004-minilm-v2-n10-s11,10,11,0.25,0.2506493506493506,card_about_to_expire,10,0,10,0
exp004-minilm-v2-n10-s11,10,11,0.25,0.2506493506493506,apple_pay_or_google_pay,10,3,7,0
exp004-minilm-v2-n10-s11,10,11,0.25,0.2506493506493506,verify_my_identity,10,7,3,0
exp004-minilm-v2-n10-s11,10,11,0.25,0.2506493506493506,country_support,10,2,8,0
exp004-minilm-v2-n10-s11,10,11,0.5,0.5,card_arrival,10,0,10,0
exp004-minilm-v2-n10-s11,10,11,0.5,0.5,card_linking,10,3,7,0
exp004-minilm-v2-n10-s11,10,11,0.5,0.5,exchange_rate,10,9,1,0
exp004-minilm-v2-n10-s11,10,11,0.5,0.5,card_payment_wrong_exchange_rate,10,6,4,1
exp004-minilm-v2-n10-s11,10,11,0.5,0.5,extra_charge_on_statement,10,4,6,0
exp004-minilm-v2-n10-s11,10,11,0.5,0.5,pending_cash_withdrawal,10,6,4,0
exp004-minilm-v2-n10-s11,10,11,0.5,0.5,fiat_currency_support,10,6,4,0
exp004-minilm-v2-n10-s11,10,11,0.5,0.5,card_delivery_estimate,10,5,5,0
exp004-minilm-v2-n10-s11,10,11,0.5,0.5,automatic_top_up,10,9,1,2
exp004-minilm-v2-n10-s11,10,11,0.5,0.5,card_not_working,10,4,6,0
exp004-minilm-v2-n10-s11,10,11,0.5,0.5,exchange_via_app,10,6,4,0
exp004-minilm-v2-n10-s11,10,11,0.5,0.5,lost_or_stolen_card,10,1,9,0
exp004-minilm-v2-n10-s11,10,11,0.5,0.5,age_limit,10,10,0,0
exp004-minilm-v2-n10-s11,10,11,0.5,0.5,pin_blocked,10,8,2,0
exp004-minilm-v2-n10-s11,10,11,0.5,0.5,contactless_not_working,10,3,7,0
exp004-minilm-v2-n10-s11,10,11,0.5,0.5,top_up_by_bank_transfer_charge,10,4,6,0
exp004-minilm-v2-n10-s11,10,11,0.5,0.5,pending_top_up,10,7,3,3
exp004-minilm-v2-n10-s11,10,11,0.5,0.5,cancel_transfer,10,4,6,0
exp004-minilm-v2-n10-s11,10,11,0.5,0.5,top_up_limits,10,8,2,0
exp004-minilm-v2-n10-s11,10,11,0.5,0.5,wrong_amount_of_cash_received,10,1,9,0
exp004-minilm-v2-n10-s11,10,11,0.5,0.5,card_payment_fee_charged,10,5,5,0
exp004-minilm-v2-n10-s11,10,11,0.5,0.5,transfer_not_received_by_recipient,10,1,9,0
exp004-minilm-v2-n10-s11,10,11,0.5,0.5,supported_cards_and_currencies,10,2,8,2
exp004-minilm-v2-n10-s11,10,11,0.5,0.5,getting_virtual_card,10,10,0,3
exp004-minilm-v2-n10-s11,10,11,0.5,0.5,card_acceptance,10,0,10,0
exp004-minilm-v2-n10-s11,10,11,0.5,0.5,top_up_reverted,10,2,8,0
exp004-minilm-v2-n10-s11,10,11,0.5,0.5,balance_not_updated_after_cheque_or_cash_deposit,10,3,7,0
exp004-minilm-v2-n10-s11,10,11,0.5,0.5,card_payment_not_recognised,10,0,10,0
exp004-minilm-v2-n10-s11,10,11,0.5,0.5,edit_personal_details,10,8,2,0
exp004-minilm-v2-n10-s11,10,11,0.5,0.5,why_verify_identity,10,5,5,1
exp004-minilm-v2-n10-s11,10,11,0.5,0.5,unable_to_verify_identity,10,6,4,2
exp004-minilm-v2-n10-s11,10,11,0.5,0.5,get_physical_card,10,7,3,0
exp004-minilm-v2-n10-s11,10,11,0.5,0.5,visa_or_mastercard,10,9,1,0
exp004-minilm-v2-n10-s11,10,11,0.5,0.5,topping_up_by_card,10,1,9,1
exp004-minilm-v2-n10-s11,10,11,0.5,0.5,disposable_card_limits,10,8,2,0
exp004-minilm-v2-n10-s11,10,11,0.5,0.5,compromised_card,10,0,10,0
exp004-minilm-v2-n10-s11,10,11,0.5,0.5,atm_support,10,9,1,0
exp004-minilm-v2-n10-s11,10,11,0.5,0.5,direct_debit_payment_not_recognised,10,1,9,0
exp004-minilm-v2-n10-s11,10,11,0.5,0.5,passcode_forgotten,10,8,2,0
exp004-minilm-v2-n10-s11,10,11,0.5,0.5,declined_cash_withdrawal,10,2,8,0
exp004-minilm-v2-n10-s11,10,11,0.5,0.5,pending_card_payment,10,9,1,0
exp004-minilm-v2-n10-s11,10,11,0.5,0.5,lost_or_stolen_phone,10,8,2,0
exp004-minilm-v2-n10-s11,10,11,0.5,0.5,request_refund,10,8,2,3
exp004-minilm-v2-n10-s11,10,11,0.5,0.5,declined_transfer,10,6,4,0
exp004-minilm-v2-n10-s11,10,11,0.5,0.5,Refund_not_showing_up,10,6,4,0
exp004-minilm-v2-n10-s11,10,11,0.5,0.5,declined_card_payment,10,2,8,0
exp004-minilm-v2-n10-s11,10,11,0.5,0.5,pending_transfer,10,1,9,1
exp004-minilm-v2-n10-s11,10,11,0.5,0.5,terminate_account,10,10,0,0
exp004-minilm-v2-n10-s11,10,11,0.5,0.5,card_swallowed,10,7,3,0
exp004-minilm-v2-n10-s11,10,11,0.5,0.5,transaction_charged_twice,10,6,4,0
exp004-minilm-v2-n10-s11,10,11,0.5,0.5,verify_source_of_funds,10,9,1,0
exp004-minilm-v2-n10-s11,10,11,0.5,0.5,transfer_timing,10,5,5,0
exp004-minilm-v2-n10-s11,10,11,0.5,0.5,reverted_card_payment?,10,1,9,1
exp004-minilm-v2-n10-s11,10,11,0.5,0.5,change_pin,10,9,1,1
exp004-minilm-v2-n10-s11,10,11,0.5,0.5,beneficiary_not_allowed,10,2,8,0
exp004-minilm-v2-n10-s11,10,11,0.5,0.5,transfer_fee_charged,10,3,7,0
exp004-minilm-v2-n10-s11,10,11,0.5,0.5,receiving_money,10,1,9,0
exp004-minilm-v2-n10-s11,10,11,0.5,0.5,failed_transfer,10,2,8,0
exp004-minilm-v2-n10-s11,10,11,0.5,0.5,transfer_into_account,10,5,5,0
exp004-minilm-v2-n10-s11,10,11,0.5,0.5,verify_top_up,10,8,2,0
exp004-minilm-v2-n10-s11,10,11,0.5,0.5,getting_spare_card,10,1,9,0
exp004-minilm-v2-n10-s11,10,11,0.5,0.5,top_up_by_cash_or_cheque,10,4,6,0
exp004-minilm-v2-n10-s11,10,11,0.5,0.5,order_physical_card,10,3,7,0
exp004-minilm-v2-n10-s11,10,11,0.5,0.5,virtual_card_not_working,10,7,3,0
exp004-minilm-v2-n10-s11,10,11,0.5,0.5,wrong_exchange_rate_for_cash_withdrawal,10,6,4,2
exp004-minilm-v2-n10-s11,10,11,0.5,0.5,get_disposable_virtual_card,10,9,1,0
exp004-minilm-v2-n10-s11,10,11,0.5,0.5,top_up_failed,10,4,6,0
exp004-minilm-v2-n10-s11,10,11,0.5,0.5,balance_not_updated_after_bank_transfer,10,0,10,0
exp004-minilm-v2-n10-s11,10,11,0.5,0.5,cash_withdrawal_not_recognised,10,0,10,0
exp004-minilm-v2-n10-s11,10,11,0.5,0.5,exchange_charge,10,8,2,0
exp004-minilm-v2-n10-s11,10,11,0.5,0.5,top_up_by_card_charge,10,4,6,0
exp004-minilm-v2-n10-s11,10,11,0.5,0.5,activate_my_card,10,8,2,0
exp004-minilm-v2-n10-s11,10,11,0.5,0.5,cash_withdrawal_charge,10,2,8,0
exp004-minilm-v2-n10-s11,10,11,0.5,0.5,card_about_to_expire,10,8,2,0
exp004-minilm-v2-n10-s11,10,11,0.5,0.5,apple_pay_or_google_pay,10,6,4,0
exp004-minilm-v2-n10-s11,10,11,0.5,0.5,verify_my_identity,10,9,1,2
exp004-minilm-v2-n10-s11,10,11,0.5,0.5,country_support,10,7,3,0
exp004-minilm-v2-n10-s11,10,11,0.75,0.7506493506493507,card_arrival,10,2,8,0
exp004-minilm-v2-n10-s11,10,11,0.75,0.7506493506493507,card_linking,10,6,4,0
exp004-minilm-v2-n10-s11,10,11,0.75,0.7506493506493507,exchange_rate,10,9,1,0
exp004-minilm-v2-n10-s11,10,11,0.75,0.7506493506493507,card_payment_wrong_exchange_rate,10,8,2,1
exp004-minilm-v2-n10-s11,10,11,0.75,0.7506493506493507,extra_charge_on_statement,10,8,2,0
exp004-minilm-v2-n10-s11,10,11,0.75,0.7506493506493507,pending_cash_withdrawal,10,9,1,0
exp004-minilm-v2-n10-s11,10,11,0.75,0.7506493506493507,fiat_currency_support,10,8,2,0
exp004-minilm-v2-n10-s11,10,11,0.75,0.7506493506493507,card_delivery_estimate,10,8,2,0
exp004-minilm-v2-n10-s11,10,11,0.75,0.7506493506493507,automatic_top_up,10,10,0,2
exp004-minilm-v2-n10-s11,10,11,0.75,0.7506493506493507,card_not_working,10,8,2,2
exp004-minilm-v2-n10-s11,10,11,0.75,0.7506493506493507,exchange_via_app,10,7,3,0
exp004-minilm-v2-n10-s11,10,11,0.75,0.7506493506493507,lost_or_stolen_card,10,7,3,0
exp004-minilm-v2-n10-s11,10,11,0.75,0.7506493506493507,age_limit,10,10,0,0
exp004-minilm-v2-n10-s11,10,11,0.75,0.7506493506493507,pin_blocked,10,10,0,1
exp004-minilm-v2-n10-s11,10,11,0.75,0.7506493506493507,contactless_not_working,10,6,4,0
exp004-minilm-v2-n10-s11,10,11,0.75,0.7506493506493507,top_up_by_bank_transfer_charge,10,5,5,0
exp004-minilm-v2-n10-s11,10,11,0.75,0.7506493506493507,pending_top_up,10,8,2,4
exp004-minilm-v2-n10-s11,10,11,0.75,0.7506493506493507,cancel_transfer,10,7,3,0
exp004-minilm-v2-n10-s11,10,11,0.75,0.7506493506493507,top_up_limits,10,9,1,0
exp004-minilm-v2-n10-s11,10,11,0.75,0.7506493506493507,wrong_amount_of_cash_received,10,5,5,2
exp004-minilm-v2-n10-s11,10,11,0.75,0.7506493506493507,card_payment_fee_charged,10,9,1,0
exp004-minilm-v2-n10-s11,10,11,0.75,0.7506493506493507,transfer_not_received_by_recipient,10,7,3,5
exp004-minilm-v2-n10-s11,10,11,0.75,0.7506493506493507,supported_cards_and_currencies,10,4,6,4
exp004-minilm-v2-n10-s11,10,11,0.75,0.7506493506493507,getting_virtual_card,10,10,0,3
exp004-minilm-v2-n10-s11,10,11,0.75,0.7506493506493507,card_acceptance,10,6,4,1
exp004-minilm-v2-n10-s11,10,11,0.75,0.7506493506493507,top_up_reverted,10,5,5,2
exp004-minilm-v2-n10-s11,10,11,0.75,0.7506493506493507,balance_not_updated_after_cheque_or_cash_deposit,10,9,1,0
exp004-minilm-v2-n10-s11,10,11,0.75,0.7506493506493507,card_payment_not_recognised,10,3,7,0
exp004-minilm-v2-n10-s11,10,11,0.75,0.7506493506493507,edit_personal_details,10,9,1,0
exp004-minilm-v2-n10-s11,10,11,0.75,0.7506493506493507,why_verify_identity,10,10,0,1
exp004-minilm-v2-n10-s11,10,11,0.75,0.7506493506493507,unable_to_verify_identity,10,8,2,4
exp004-minilm-v2-n10-s11,10,11,0.75,0.7506493506493507,get_physical_card,10,9,1,0
exp004-minilm-v2-n10-s11,10,11,0.75,0.7506493506493507,visa_or_mastercard,10,9,1,0
exp004-minilm-v2-n10-s11,10,11,0.75,0.7506493506493507,topping_up_by_card,10,3,7,3
exp004-minilm-v2-n10-s11,10,11,0.75,0.7506493506493507,disposable_card_limits,10,8,2,0
exp004-minilm-v2-n10-s11,10,11,0.75,0.7506493506493507,compromised_card,10,4,6,0
exp004-minilm-v2-n10-s11,10,11,0.75,0.7506493506493507,atm_support,10,9,1,0
exp004-minilm-v2-n10-s11,10,11,0.75,0.7506493506493507,direct_debit_payment_not_recognised,10,7,3,0
exp004-minilm-v2-n10-s11,10,11,0.75,0.7506493506493507,passcode_forgotten,10,9,1,0
exp004-minilm-v2-n10-s11,10,11,0.75,0.7506493506493507,declined_cash_withdrawal,10,5,5,3
exp004-minilm-v2-n10-s11,10,11,0.75,0.7506493506493507,pending_card_payment,10,10,0,0
exp004-minilm-v2-n10-s11,10,11,0.75,0.7506493506493507,lost_or_stolen_phone,10,9,1,0
exp004-minilm-v2-n10-s11,10,11,0.75,0.7506493506493507,request_refund,10,9,1,3
exp004-minilm-v2-n10-s11,10,11,0.75,0.7506493506493507,declined_transfer,10,8,2,0
exp004-minilm-v2-n10-s11,10,11,0.75,0.7506493506493507,Refund_not_showing_up,10,9,1,1
exp004-minilm-v2-n10-s11,10,11,0.75,0.7506493506493507,declined_card_payment,10,4,6,0
exp004-minilm-v2-n10-s11,10,11,0.75,0.7506493506493507,pending_transfer,10,7,3,2
exp004-minilm-v2-n10-s11,10,11,0.75,0.7506493506493507,terminate_account,10,10,0,0
exp004-minilm-v2-n10-s11,10,11,0.75,0.7506493506493507,card_swallowed,10,8,2,0
exp004-minilm-v2-n10-s11,10,11,0.75,0.7506493506493507,transaction_charged_twice,10,8,2,0
exp004-minilm-v2-n10-s11,10,11,0.75,0.7506493506493507,verify_source_of_funds,10,10,0,0
exp004-minilm-v2-n10-s11,10,11,0.75,0.7506493506493507,transfer_timing,10,7,3,0
exp004-minilm-v2-n10-s11,10,11,0.75,0.7506493506493507,reverted_card_payment?,10,3,7,1
exp004-minilm-v2-n10-s11,10,11,0.75,0.7506493506493507,change_pin,10,10,0,2
exp004-minilm-v2-n10-s11,10,11,0.75,0.7506493506493507,beneficiary_not_allowed,10,4,6,0
exp004-minilm-v2-n10-s11,10,11,0.75,0.7506493506493507,transfer_fee_charged,10,9,1,1
exp004-minilm-v2-n10-s11,10,11,0.75,0.7506493506493507,receiving_money,10,3,7,0
exp004-minilm-v2-n10-s11,10,11,0.75,0.7506493506493507,failed_transfer,10,10,0,5
exp004-minilm-v2-n10-s11,10,11,0.75,0.7506493506493507,transfer_into_account,10,9,1,1
exp004-minilm-v2-n10-s11,10,11,0.75,0.7506493506493507,verify_top_up,10,8,2,0
exp004-minilm-v2-n10-s11,10,11,0.75,0.7506493506493507,getting_spare_card,10,4,6,1
exp004-minilm-v2-n10-s11,10,11,0.75,0.7506493506493507,top_up_by_cash_or_cheque,10,7,3,1
exp004-minilm-v2-n10-s11,10,11,0.75,0.7506493506493507,order_physical_card,10,7,3,0
exp004-minilm-v2-n10-s11,10,11,0.75,0.7506493506493507,virtual_card_not_working,10,9,1,0
exp004-minilm-v2-n10-s11,10,11,0.75,0.7506493506493507,wrong_exchange_rate_for_cash_withdrawal,10,7,3,2
exp004-minilm-v2-n10-s11,10,11,0.75,0.7506493506493507,get_disposable_virtual_card,10,10,0,1
exp004-minilm-v2-n10-s11,10,11,0.75,0.7506493506493507,top_up_failed,10,7,3,0
exp004-minilm-v2-n10-s11,10,11,0.75,0.7506493506493507,balance_not_updated_after_bank_transfer,10,3,7,2
exp004-minilm-v2-n10-s11,10,11,0.75,0.7506493506493507,cash_withdrawal_not_recognised,10,3,7,0
exp004-minilm-v2-n10-s11,10,11,0.75,0.7506493506493507,exchange_charge,10,9,1,0
exp004-minilm-v2-n10-s11,10,11,0.75,0.7506493506493507,top_up_by_card_charge,10,10,0,0
exp004-minilm-v2-n10-s11,10,11,0.75,0.7506493506493507,activate_my_card,10,10,0,0
exp004-minilm-v2-n10-s11,10,11,0.75,0.7506493506493507,cash_withdrawal_charge,10,9,1,1
exp004-minilm-v2-n10-s11,10,11,0.75,0.7506493506493507,card_about_to_expire,10,9,1,0
exp004-minilm-v2-n10-s11,10,11,0.75,0.7506493506493507,apple_pay_or_google_pay,10,7,3,0
exp004-minilm-v2-n10-s11,10,11,0.75,0.7506493506493507,verify_my_identity,10,9,1,2
exp004-minilm-v2-n10-s11,10,11,0.75,0.7506493506493507,country_support,10,10,0,0
exp004-minilm-v2-n10-s11,10,11,0.9,0.9,card_arrival,10,8,2,3
exp004-minilm-v2-n10-s11,10,11,0.9,0.9,card_linking,10,9,1,1
exp004-minilm-v2-n10-s11,10,11,0.9,0.9,exchange_rate,10,10,0,1
exp004-minilm-v2-n10-s11,10,11,0.9,0.9,card_payment_wrong_exchange_rate,10,10,0,1
exp004-minilm-v2-n10-s11,10,11,0.9,0.9,extra_charge_on_statement,10,10,0,2
exp004-minilm-v2-n10-s11,10,11,0.9,0.9,pending_cash_withdrawal,10,10,0,1
exp004-minilm-v2-n10-s11,10,11,0.9,0.9,fiat_currency_support,10,10,0,0
exp004-minilm-v2-n10-s11,10,11,0.9,0.9,card_delivery_estimate,10,10,0,1
exp004-minilm-v2-n10-s11,10,11,0.9,0.9,automatic_top_up,10,10,0,2
exp004-minilm-v2-n10-s11,10,11,0.9,0.9,card_not_working,10,10,0,2
exp004-minilm-v2-n10-s11,10,11,0.9,0.9,exchange_via_app,10,8,2,0
exp004-minilm-v2-n10-s11,10,11,0.9,0.9,lost_or_stolen_card,10,9,1,1
exp004-minilm-v2-n10-s11,10,11,0.9,0.9,age_limit,10,10,0,0
exp004-minilm-v2-n10-s11,10,11,0.9,0.9,pin_blocked,10,10,0,1
exp004-minilm-v2-n10-s11,10,11,0.9,0.9,contactless_not_working,10,7,3,0
exp004-minilm-v2-n10-s11,10,11,0.9,0.9,top_up_by_bank_transfer_charge,10,6,4,0
exp004-minilm-v2-n10-s11,10,11,0.9,0.9,pending_top_up,10,9,1,4
exp004-minilm-v2-n10-s11,10,11,0.9,0.9,cancel_transfer,10,7,3,0
exp004-minilm-v2-n10-s11,10,11,0.9,0.9,top_up_limits,10,9,1,0
exp004-minilm-v2-n10-s11,10,11,0.9,0.9,wrong_amount_of_cash_received,10,7,3,2
exp004-minilm-v2-n10-s11,10,11,0.9,0.9,card_payment_fee_charged,10,9,1,0
exp004-minilm-v2-n10-s11,10,11,0.9,0.9,transfer_not_received_by_recipient,10,10,0,8
exp004-minilm-v2-n10-s11,10,11,0.9,0.9,supported_cards_and_currencies,10,7,3,6
exp004-minilm-v2-n10-s11,10,11,0.9,0.9,getting_virtual_card,10,10,0,3
exp004-minilm-v2-n10-s11,10,11,0.9,0.9,card_acceptance,10,9,1,1
exp004-minilm-v2-n10-s11,10,11,0.9,0.9,top_up_reverted,10,8,2,4
exp004-minilm-v2-n10-s11,10,11,0.9,0.9,balance_not_updated_after_cheque_or_cash_deposit,10,10,0,0
exp004-minilm-v2-n10-s11,10,11,0.9,0.9,card_payment_not_recognised,10,8,2,1
exp004-minilm-v2-n10-s11,10,11,0.9,0.9,edit_personal_details,10,9,1,0
exp004-minilm-v2-n10-s11,10,11,0.9,0.9,why_verify_identity,10,10,0,1
exp004-minilm-v2-n10-s11,10,11,0.9,0.9,unable_to_verify_identity,10,10,0,4
exp004-minilm-v2-n10-s11,10,11,0.9,0.9,get_physical_card,10,10,0,1
exp004-minilm-v2-n10-s11,10,11,0.9,0.9,visa_or_mastercard,10,9,1,0
exp004-minilm-v2-n10-s11,10,11,0.9,0.9,topping_up_by_card,10,8,2,8
exp004-minilm-v2-n10-s11,10,11,0.9,0.9,disposable_card_limits,10,10,0,1
exp004-minilm-v2-n10-s11,10,11,0.9,0.9,compromised_card,10,7,3,0
exp004-minilm-v2-n10-s11,10,11,0.9,0.9,atm_support,10,9,1,0
exp004-minilm-v2-n10-s11,10,11,0.9,0.9,direct_debit_payment_not_recognised,10,9,1,1
exp004-minilm-v2-n10-s11,10,11,0.9,0.9,passcode_forgotten,10,10,0,0
exp004-minilm-v2-n10-s11,10,11,0.9,0.9,declined_cash_withdrawal,10,10,0,7
exp004-minilm-v2-n10-s11,10,11,0.9,0.9,pending_card_payment,10,10,0,0
exp004-minilm-v2-n10-s11,10,11,0.9,0.9,lost_or_stolen_phone,10,10,0,1
exp004-minilm-v2-n10-s11,10,11,0.9,0.9,request_refund,10,9,1,3
exp004-minilm-v2-n10-s11,10,11,0.9,0.9,declined_transfer,10,9,1,1
exp004-minilm-v2-n10-s11,10,11,0.9,0.9,Refund_not_showing_up,10,10,0,1
exp004-minilm-v2-n10-s11,10,11,0.9,0.9,declined_card_payment,10,7,3,2
exp004-minilm-v2-n10-s11,10,11,0.9,0.9,pending_transfer,10,10,0,4
exp004-minilm-v2-n10-s11,10,11,0.9,0.9,terminate_account,10,10,0,0
exp004-minilm-v2-n10-s11,10,11,0.9,0.9,card_swallowed,10,9,1,1
exp004-minilm-v2-n10-s11,10,11,0.9,0.9,transaction_charged_twice,10,9,1,0
exp004-minilm-v2-n10-s11,10,11,0.9,0.9,verify_source_of_funds,10,10,0,0
exp004-minilm-v2-n10-s11,10,11,0.9,0.9,transfer_timing,10,8,2,1
exp004-minilm-v2-n10-s11,10,11,0.9,0.9,reverted_card_payment?,10,6,4,1
exp004-minilm-v2-n10-s11,10,11,0.9,0.9,change_pin,10,10,0,2
exp004-minilm-v2-n10-s11,10,11,0.9,0.9,beneficiary_not_allowed,10,5,5,0
exp004-minilm-v2-n10-s11,10,11,0.9,0.9,transfer_fee_charged,10,9,1,1
exp004-minilm-v2-n10-s11,10,11,0.9,0.9,receiving_money,10,8,2,0
exp004-minilm-v2-n10-s11,10,11,0.9,0.9,failed_transfer,10,10,0,5
exp004-minilm-v2-n10-s11,10,11,0.9,0.9,transfer_into_account,10,10,0,1
exp004-minilm-v2-n10-s11,10,11,0.9,0.9,verify_top_up,10,8,2,0
exp004-minilm-v2-n10-s11,10,11,0.9,0.9,getting_spare_card,10,9,1,3
exp004-minilm-v2-n10-s11,10,11,0.9,0.9,top_up_by_cash_or_cheque,10,9,1,1
exp004-minilm-v2-n10-s11,10,11,0.9,0.9,order_physical_card,10,8,2,1
exp004-minilm-v2-n10-s11,10,11,0.9,0.9,virtual_card_not_working,10,10,0,1
exp004-minilm-v2-n10-s11,10,11,0.9,0.9,wrong_exchange_rate_for_cash_withdrawal,10,9,1,3
exp004-minilm-v2-n10-s11,10,11,0.9,0.9,get_disposable_virtual_card,10,10,0,1
exp004-minilm-v2-n10-s11,10,11,0.9,0.9,top_up_failed,10,9,1,1
exp004-minilm-v2-n10-s11,10,11,0.9,0.9,balance_not_updated_after_bank_transfer,10,8,2,2
exp004-minilm-v2-n10-s11,10,11,0.9,0.9,cash_withdrawal_not_recognised,10,5,5,1
exp004-minilm-v2-n10-s11,10,11,0.9,0.9,exchange_charge,10,10,0,0
exp004-minilm-v2-n10-s11,10,11,0.9,0.9,top_up_by_card_charge,10,10,0,0
exp004-minilm-v2-n10-s11,10,11,0.9,0.9,activate_my_card,10,10,0,0
exp004-minilm-v2-n10-s11,10,11,0.9,0.9,cash_withdrawal_charge,10,10,0,2
exp004-minilm-v2-n10-s11,10,11,0.9,0.9,card_about_to_expire,10,9,1,0
exp004-minilm-v2-n10-s11,10,11,0.9,0.9,apple_pay_or_google_pay,10,10,0,0
exp004-minilm-v2-n10-s11,10,11,0.9,0.9,verify_my_identity,10,9,1,2
exp004-minilm-v2-n10-s11,10,11,0.9,0.9,country_support,10,10,0,0
exp004-minilm-v2-n10-s11,10,11,1.0,1.0,card_arrival,10,10,0,4
exp004-minilm-v2-n10-s11,10,11,1.0,1.0,card_linking,10,10,0,1
exp004-minilm-v2-n10-s11,10,11,1.0,1.0,exchange_rate,10,10,0,1
exp004-minilm-v2-n10-s11,10,11,1.0,1.0,card_payment_wrong_exchange_rate,10,10,0,1
exp004-minilm-v2-n10-s11,10,11,1.0,1.0,extra_charge_on_statement,10,10,0,2
exp004-minilm-v2-n10-s11,10,11,1.0,1.0,pending_cash_withdrawal,10,10,0,1
exp004-minilm-v2-n10-s11,10,11,1.0,1.0,fiat_currency_support,10,10,0,0
exp004-minilm-v2-n10-s11,10,11,1.0,1.0,card_delivery_estimate,10,10,0,1
exp004-minilm-v2-n10-s11,10,11,1.0,1.0,automatic_top_up,10,10,0,2
exp004-minilm-v2-n10-s11,10,11,1.0,1.0,card_not_working,10,10,0,2
exp004-minilm-v2-n10-s11,10,11,1.0,1.0,exchange_via_app,10,10,0,2
exp004-minilm-v2-n10-s11,10,11,1.0,1.0,lost_or_stolen_card,10,10,0,2
exp004-minilm-v2-n10-s11,10,11,1.0,1.0,age_limit,10,10,0,0
exp004-minilm-v2-n10-s11,10,11,1.0,1.0,pin_blocked,10,10,0,1
exp004-minilm-v2-n10-s11,10,11,1.0,1.0,contactless_not_working,10,10,0,3
exp004-minilm-v2-n10-s11,10,11,1.0,1.0,top_up_by_bank_transfer_charge,10,10,0,0
exp004-minilm-v2-n10-s11,10,11,1.0,1.0,pending_top_up,10,10,0,5
exp004-minilm-v2-n10-s11,10,11,1.0,1.0,cancel_transfer,10,10,0,0
exp004-minilm-v2-n10-s11,10,11,1.0,1.0,top_up_limits,10,10,0,1
exp004-minilm-v2-n10-s11,10,11,1.0,1.0,wrong_amount_of_cash_received,10,10,0,3
exp004-minilm-v2-n10-s11,10,11,1.0,1.0,card_payment_fee_charged,10,10,0,1
exp004-minilm-v2-n10-s11,10,11,1.0,1.0,transfer_not_received_by_recipient,10,10,0,8
exp004-minilm-v2-n10-s11,10,11,1.0,1.0,supported_cards_and_currencies,10,10,0,7
exp004-minilm-v2-n10-s11,10,11,1.0,1.0,getting_virtual_card,10,10,0,3
exp004-minilm-v2-n10-s11,10,11,1.0,1.0,card_acceptance,10,10,0,2
exp004-minilm-v2-n10-s11,10,11,1.0,1.0,top_up_reverted,10,10,0,4
exp004-minilm-v2-n10-s11,10,11,1.0,1.0,balance_not_updated_after_cheque_or_cash_deposit,10,10,0,0
exp004-minilm-v2-n10-s11,10,11,1.0,1.0,card_payment_not_recognised,10,10,0,2
exp004-minilm-v2-n10-s11,10,11,1.0,1.0,edit_personal_details,10,10,0,0
exp004-minilm-v2-n10-s11,10,11,1.0,1.0,why_verify_identity,10,10,0,1
exp004-minilm-v2-n10-s11,10,11,1.0,1.0,unable_to_verify_identity,10,10,0,4
exp004-minilm-v2-n10-s11,10,11,1.0,1.0,get_physical_card,10,10,0,1
exp004-minilm-v2-n10-s11,10,11,1.0,1.0,visa_or_mastercard,10,10,0,1
exp004-minilm-v2-n10-s11,10,11,1.0,1.0,topping_up_by_card,10,10,0,9
exp004-minilm-v2-n10-s11,10,11,1.0,1.0,disposable_card_limits,10,10,0,1
exp004-minilm-v2-n10-s11,10,11,1.0,1.0,compromised_card,10,10,0,1
exp004-minilm-v2-n10-s11,10,11,1.0,1.0,atm_support,10,10,0,1
exp004-minilm-v2-n10-s11,10,11,1.0,1.0,direct_debit_payment_not_recognised,10,10,0,2
exp004-minilm-v2-n10-s11,10,11,1.0,1.0,passcode_forgotten,10,10,0,0
exp004-minilm-v2-n10-s11,10,11,1.0,1.0,declined_cash_withdrawal,10,10,0,7
exp004-minilm-v2-n10-s11,10,11,1.0,1.0,pending_card_payment,10,10,0,0
exp004-minilm-v2-n10-s11,10,11,1.0,1.0,lost_or_stolen_phone,10,10,0,1
exp004-minilm-v2-n10-s11,10,11,1.0,1.0,request_refund,10,10,0,3
exp004-minilm-v2-n10-s11,10,11,1.0,1.0,declined_transfer,10,10,0,1
exp004-minilm-v2-n10-s11,10,11,1.0,1.0,Refund_not_showing_up,10,10,0,1
exp004-minilm-v2-n10-s11,10,11,1.0,1.0,declined_card_payment,10,10,0,3
exp004-minilm-v2-n10-s11,10,11,1.0,1.0,pending_transfer,10,10,0,4
exp004-minilm-v2-n10-s11,10,11,1.0,1.0,terminate_account,10,10,0,0
exp004-minilm-v2-n10-s11,10,11,1.0,1.0,card_swallowed,10,10,0,1
exp004-minilm-v2-n10-s11,10,11,1.0,1.0,transaction_charged_twice,10,10,0,1
exp004-minilm-v2-n10-s11,10,11,1.0,1.0,verify_source_of_funds,10,10,0,0
exp004-minilm-v2-n10-s11,10,11,1.0,1.0,transfer_timing,10,10,0,2
exp004-minilm-v2-n10-s11,10,11,1.0,1.0,reverted_card_payment?,10,10,0,4
exp004-minilm-v2-n10-s11,10,11,1.0,1.0,change_pin,10,10,0,2
exp004-minilm-v2-n10-s11,10,11,1.0,1.0,beneficiary_not_allowed,10,10,0,1
exp004-minilm-v2-n10-s11,10,11,1.0,1.0,transfer_fee_charged,10,10,0,2
exp004-minilm-v2-n10-s11,10,11,1.0,1.0,receiving_money,10,10,0,2
exp004-minilm-v2-n10-s11,10,11,1.0,1.0,failed_transfer,10,10,0,5
exp004-minilm-v2-n10-s11,10,11,1.0,1.0,transfer_into_account,10,10,0,1
exp004-minilm-v2-n10-s11,10,11,1.0,1.0,verify_top_up,10,10,0,1
exp004-minilm-v2-n10-s11,10,11,1.0,1.0,getting_spare_card,10,10,0,3
exp004-minilm-v2-n10-s11,10,11,1.0,1.0,top_up_by_cash_or_cheque,10,10,0,1
exp004-minilm-v2-n10-s11,10,11,1.0,1.0,order_physical_card,10,10,0,3
exp004-minilm-v2-n10-s11,10,11,1.0,1.0,virtual_card_not_working,10,10,0,1
exp004-minilm-v2-n10-s11,10,11,1.0,1.0,wrong_exchange_rate_for_cash_withdrawal,10,10,0,4
exp004-minilm-v2-n10-s11,10,11,1.0,1.0,get_disposable_virtual_card,10,10,0,1
exp004-minilm-v2-n10-s11,10,11,1.0,1.0,top_up_failed,10,10,0,2
exp004-minilm-v2-n10-s11,10,11,1.0,1.0,balance_not_updated_after_bank_transfer,10,10,0,4
exp004-minilm-v2-n10-s11,10,11,1.0,1.0,cash_withdrawal_not_recognised,10,10,0,5
exp004-minilm-v2-n10-s11,10,11,1.0,1.0,exchange_charge,10,10,0,0
exp004-minilm-v2-n10-s11,10,11,1.0,1.0,top_up_by_card_charge,10,10,0,0
exp004-minilm-v2-n10-s11,10,11,1.0,1.0,activate_my_card,10,10,0,0
exp004-minilm-v2-n10-s11,10,11,1.0,1.0,cash_withdrawal_charge,10,10,0,2
exp004-minilm-v2-n10-s11,10,11,1.0,1.0,card_about_to_expire,10,10,0,1
exp004-minilm-v2-n10-s11,10,11,1.0,1.0,apple_pay_or_google_pay,10,10,0,0
exp004-minilm-v2-n10-s11,10,11,1.0,1.0,verify_my_identity,10,10,0,2
exp004-minilm-v2-n10-s11,10,11,1.0,1.0,country_support,10,10,0,0
exp004-minilm-v2-n10-s22,10,22,0.25,0.2506493506493506,card_arrival,10,0,10,0
exp004-minilm-v2-n10-s22,10,22,0.25,0.2506493506493506,card_linking,10,0,10,0
exp004-minilm-v2-n10-s22,10,22,0.25,0.2506493506493506,exchange_rate,10,9,1,0
exp004-minilm-v2-n10-s22,10,22,0.25,0.2506493506493506,card_payment_wrong_exchange_rate,10,3,7,0
exp004-minilm-v2-n10-s22,10,22,0.25,0.2506493506493506,extra_charge_on_statement,10,1,9,0
exp004-minilm-v2-n10-s22,10,22,0.25,0.2506493506493506,pending_cash_withdrawal,10,4,6,0
exp004-minilm-v2-n10-s22,10,22,0.25,0.2506493506493506,fiat_currency_support,10,6,4,0
exp004-minilm-v2-n10-s22,10,22,0.25,0.2506493506493506,card_delivery_estimate,10,0,10,0
exp004-minilm-v2-n10-s22,10,22,0.25,0.2506493506493506,automatic_top_up,10,9,1,2
exp004-minilm-v2-n10-s22,10,22,0.25,0.2506493506493506,card_not_working,10,0,10,0
exp004-minilm-v2-n10-s22,10,22,0.25,0.2506493506493506,exchange_via_app,10,3,7,0
exp004-minilm-v2-n10-s22,10,22,0.25,0.2506493506493506,lost_or_stolen_card,10,0,10,0
exp004-minilm-v2-n10-s22,10,22,0.25,0.2506493506493506,age_limit,10,9,1,0
exp004-minilm-v2-n10-s22,10,22,0.25,0.2506493506493506,pin_blocked,10,2,8,0
exp004-minilm-v2-n10-s22,10,22,0.25,0.2506493506493506,contactless_not_working,10,4,6,0
exp004-minilm-v2-n10-s22,10,22,0.25,0.2506493506493506,top_up_by_bank_transfer_charge,10,1,9,0
exp004-minilm-v2-n10-s22,10,22,0.25,0.2506493506493506,pending_top_up,10,2,8,0
exp004-minilm-v2-n10-s22,10,22,0.25,0.2506493506493506,cancel_transfer,10,0,10,0
exp004-minilm-v2-n10-s22,10,22,0.25,0.2506493506493506,top_up_limits,10,7,3,0
exp004-minilm-v2-n10-s22,10,22,0.25,0.2506493506493506,wrong_amount_of_cash_received,10,0,10,0
exp004-minilm-v2-n10-s22,10,22,0.25,0.2506493506493506,card_payment_fee_charged,10,1,9,0
exp004-minilm-v2-n10-s22,10,22,0.25,0.2506493506493506,transfer_not_received_by_recipient,10,0,10,0
exp004-minilm-v2-n10-s22,10,22,0.25,0.2506493506493506,supported_cards_and_currencies,10,0,10,0
exp004-minilm-v2-n10-s22,10,22,0.25,0.2506493506493506,getting_virtual_card,10,8,2,0
exp004-minilm-v2-n10-s22,10,22,0.25,0.2506493506493506,card_acceptance,10,0,10,0
exp004-minilm-v2-n10-s22,10,22,0.25,0.2506493506493506,top_up_reverted,10,1,9,0
exp004-minilm-v2-n10-s22,10,22,0.25,0.2506493506493506,balance_not_updated_after_cheque_or_cash_deposit,10,0,10,0
exp004-minilm-v2-n10-s22,10,22,0.25,0.2506493506493506,card_payment_not_recognised,10,0,10,0
exp004-minilm-v2-n10-s22,10,22,0.25,0.2506493506493506,edit_personal_details,10,4,6,0
exp004-minilm-v2-n10-s22,10,22,0.25,0.2506493506493506,why_verify_identity,10,3,7,0
exp004-minilm-v2-n10-s22,10,22,0.25,0.2506493506493506,unable_to_verify_identity,10,3,7,1
exp004-minilm-v2-n10-s22,10,22,0.25,0.2506493506493506,get_physical_card,10,1,9,0
exp004-minilm-v2-n10-s22,10,22,0.25,0.2506493506493506,visa_or_mastercard,10,5,5,0
exp004-minilm-v2-n10-s22,10,22,0.25,0.2506493506493506,topping_up_by_card,10,0,10,0
exp004-minilm-v2-n10-s22,10,22,0.25,0.2506493506493506,disposable_card_limits,10,8,2,0
exp004-minilm-v2-n10-s22,10,22,0.25,0.2506493506493506,compromised_card,10,0,10,0
exp004-minilm-v2-n10-s22,10,22,0.25,0.2506493506493506,atm_support,10,1,9,0
exp004-minilm-v2-n10-s22,10,22,0.25,0.2506493506493506,direct_debit_payment_not_recognised,10,0,10,0
exp004-minilm-v2-n10-s22,10,22,0.25,0.2506493506493506,passcode_forgotten,10,7,3,0
exp004-minilm-v2-n10-s22,10,22,0.25,0.2506493506493506,declined_cash_withdrawal,10,0,10,0
exp004-minilm-v2-n10-s22,10,22,0.25,0.2506493506493506,pending_card_payment,10,3,7,0
exp004-minilm-v2-n10-s22,10,22,0.25,0.2506493506493506,lost_or_stolen_phone,10,6,4,0
exp004-minilm-v2-n10-s22,10,22,0.25,0.2506493506493506,request_refund,10,3,7,0
exp004-minilm-v2-n10-s22,10,22,0.25,0.2506493506493506,declined_transfer,10,5,5,0
exp004-minilm-v2-n10-s22,10,22,0.25,0.2506493506493506,Refund_not_showing_up,10,3,7,0
exp004-minilm-v2-n10-s22,10,22,0.25,0.2506493506493506,declined_card_payment,10,0,10,0
exp004-minilm-v2-n10-s22,10,22,0.25,0.2506493506493506,pending_transfer,10,1,9,0
exp004-minilm-v2-n10-s22,10,22,0.25,0.2506493506493506,terminate_account,10,6,4,0
exp004-minilm-v2-n10-s22,10,22,0.25,0.2506493506493506,card_swallowed,10,1,9,0
exp004-minilm-v2-n10-s22,10,22,0.25,0.2506493506493506,transaction_charged_twice,10,2,8,0
exp004-minilm-v2-n10-s22,10,22,0.25,0.2506493506493506,verify_source_of_funds,10,6,4,0
exp004-minilm-v2-n10-s22,10,22,0.25,0.2506493506493506,transfer_timing,10,1,9,0
exp004-minilm-v2-n10-s22,10,22,0.25,0.2506493506493506,reverted_card_payment?,10,0,10,0
exp004-minilm-v2-n10-s22,10,22,0.25,0.2506493506493506,change_pin,10,7,3,0
exp004-minilm-v2-n10-s22,10,22,0.25,0.2506493506493506,beneficiary_not_allowed,10,0,10,0
exp004-minilm-v2-n10-s22,10,22,0.25,0.2506493506493506,transfer_fee_charged,10,0,10,0
exp004-minilm-v2-n10-s22,10,22,0.25,0.2506493506493506,receiving_money,10,1,9,0
exp004-minilm-v2-n10-s22,10,22,0.25,0.2506493506493506,failed_transfer,10,1,9,0
exp004-minilm-v2-n10-s22,10,22,0.25,0.2506493506493506,transfer_into_account,10,1,9,0
exp004-minilm-v2-n10-s22,10,22,0.25,0.2506493506493506,verify_top_up,10,6,4,0
exp004-minilm-v2-n10-s22,10,22,0.25,0.2506493506493506,getting_spare_card,10,1,9,0
exp004-minilm-v2-n10-s22,10,22,0.25,0.2506493506493506,top_up_by_cash_or_cheque,10,2,8,0
exp004-minilm-v2-n10-s22,10,22,0.25,0.2506493506493506,order_physical_card,10,0,10,0
exp004-minilm-v2-n10-s22,10,22,0.25,0.2506493506493506,virtual_card_not_working,10,5,5,0
exp004-minilm-v2-n10-s22,10,22,0.25,0.2506493506493506,wrong_exchange_rate_for_cash_withdrawal,10,2,8,2
exp004-minilm-v2-n10-s22,10,22,0.25,0.2506493506493506,get_disposable_virtual_card,10,6,4,0
exp004-minilm-v2-n10-s22,10,22,0.25,0.2506493506493506,top_up_failed,10,0,10,0
exp004-minilm-v2-n10-s22,10,22,0.25,0.2506493506493506,balance_not_updated_after_bank_transfer,10,0,10,0
exp004-minilm-v2-n10-s22,10,22,0.25,0.2506493506493506,cash_withdrawal_not_recognised,10,0,10,0
exp004-minilm-v2-n10-s22,10,22,0.25,0.2506493506493506,exchange_charge,10,6,4,0
exp004-minilm-v2-n10-s22,10,22,0.25,0.2506493506493506,top_up_by_card_charge,10,0,10,0
exp004-minilm-v2-n10-s22,10,22,0.25,0.2506493506493506,activate_my_card,10,5,5,0
exp004-minilm-v2-n10-s22,10,22,0.25,0.2506493506493506,cash_withdrawal_charge,10,0,10,0
exp004-minilm-v2-n10-s22,10,22,0.25,0.2506493506493506,card_about_to_expire,10,0,10,0
exp004-minilm-v2-n10-s22,10,22,0.25,0.2506493506493506,apple_pay_or_google_pay,10,4,6,0
exp004-minilm-v2-n10-s22,10,22,0.25,0.2506493506493506,verify_my_identity,10,7,3,0
exp004-minilm-v2-n10-s22,10,22,0.25,0.2506493506493506,country_support,10,0,10,0
exp004-minilm-v2-n10-s22,10,22,0.5,0.5,card_arrival,10,0,10,0
exp004-minilm-v2-n10-s22,10,22,0.5,0.5,card_linking,10,2,8,1
exp004-minilm-v2-n10-s22,10,22,0.5,0.5,exchange_rate,10,9,1,0
exp004-minilm-v2-n10-s22,10,22,0.5,0.5,card_payment_wrong_exchange_rate,10,7,3,2
exp004-minilm-v2-n10-s22,10,22,0.5,0.5,extra_charge_on_statement,10,5,5,0
exp004-minilm-v2-n10-s22,10,22,0.5,0.5,pending_cash_withdrawal,10,6,4,0
exp004-minilm-v2-n10-s22,10,22,0.5,0.5,fiat_currency_support,10,6,4,0
exp004-minilm-v2-n10-s22,10,22,0.5,0.5,card_delivery_estimate,10,5,5,0
exp004-minilm-v2-n10-s22,10,22,0.5,0.5,automatic_top_up,10,9,1,2
exp004-minilm-v2-n10-s22,10,22,0.5,0.5,card_not_working,10,3,7,0
exp004-minilm-v2-n10-s22,10,22,0.5,0.5,exchange_via_app,10,6,4,0
exp004-minilm-v2-n10-s22,10,22,0.5,0.5,lost_or_stolen_card,10,4,6,0
exp004-minilm-v2-n10-s22,10,22,0.5,0.5,age_limit,10,10,0,0
exp004-minilm-v2-n10-s22,10,22,0.5,0.5,pin_blocked,10,7,3,0
exp004-minilm-v2-n10-s22,10,22,0.5,0.5,contactless_not_working,10,5,5,0
exp004-minilm-v2-n10-s22,10,22,0.5,0.5,top_up_by_bank_transfer_charge,10,5,5,0
exp004-minilm-v2-n10-s22,10,22,0.5,0.5,pending_top_up,10,6,4,0
exp004-minilm-v2-n10-s22,10,22,0.5,0.5,cancel_transfer,10,2,8,0
exp004-minilm-v2-n10-s22,10,22,0.5,0.5,top_up_limits,10,9,1,0
exp004-minilm-v2-n10-s22,10,22,0.5,0.5,wrong_amount_of_cash_received,10,1,9,0
exp004-minilm-v2-n10-s22,10,22,0.5,0.5,card_payment_fee_charged,10,5,5,0
exp004-minilm-v2-n10-s22,10,22,0.5,0.5,transfer_not_received_by_recipient,10,4,6,4
exp004-minilm-v2-n10-s22,10,22,0.5,0.5,supported_cards_and_currencies,10,2,8,2
exp004-minilm-v2-n10-s22,10,22,0.5,0.5,getting_virtual_card,10,10,0,0
exp004-minilm-v2-n10-s22,10,22,0.5,0.5,card_acceptance,10,1,9,0
exp004-minilm-v2-n10-s22,10,22,0.5,0.5,top_up_reverted,10,3,7,2
exp004-minilm-v2-n10-s22,10,22,0.5,0.5,balance_not_updated_after_cheque_or_cash_deposit,10,4,6,0
exp004-minilm-v2-n10-s22,10,22,0.5,0.5,card_payment_not_recognised,10,0,10,0
exp004-minilm-v2-n10-s22,10,22,0.5,0.5,edit_personal_details,10,8,2,0
exp004-minilm-v2-n10-s22,10,22,0.5,0.5,why_verify_identity,10,9,1,0
exp004-minilm-v2-n10-s22,10,22,0.5,0.5,unable_to_verify_identity,10,5,5,1
exp004-minilm-v2-n10-s22,10,22,0.5,0.5,get_physical_card,10,5,5,0
exp004-minilm-v2-n10-s22,10,22,0.5,0.5,visa_or_mastercard,10,9,1,0
exp004-minilm-v2-n10-s22,10,22,0.5,0.5,topping_up_by_card,10,0,10,0
exp004-minilm-v2-n10-s22,10,22,0.5,0.5,disposable_card_limits,10,8,2,0
exp004-minilm-v2-n10-s22,10,22,0.5,0.5,compromised_card,10,0,10,0
exp004-minilm-v2-n10-s22,10,22,0.5,0.5,atm_support,10,7,3,0
exp004-minilm-v2-n10-s22,10,22,0.5,0.5,direct_debit_payment_not_recognised,10,0,10,0
exp004-minilm-v2-n10-s22,10,22,0.5,0.5,passcode_forgotten,10,8,2,0
exp004-minilm-v2-n10-s22,10,22,0.5,0.5,declined_cash_withdrawal,10,0,10,0
exp004-minilm-v2-n10-s22,10,22,0.5,0.5,pending_card_payment,10,9,1,0
exp004-minilm-v2-n10-s22,10,22,0.5,0.5,lost_or_stolen_phone,10,9,1,0
exp004-minilm-v2-n10-s22,10,22,0.5,0.5,request_refund,10,6,4,1
exp004-minilm-v2-n10-s22,10,22,0.5,0.5,declined_transfer,10,6,4,0
exp004-minilm-v2-n10-s22,10,22,0.5,0.5,Refund_not_showing_up,10,6,4,0
exp004-minilm-v2-n10-s22,10,22,0.5,0.5,declined_card_payment,10,1,9,0
exp004-minilm-v2-n10-s22,10,22,0.5,0.5,pending_transfer,10,4,6,0
exp004-minilm-v2-n10-s22,10,22,0.5,0.5,terminate_account,10,10,0,0
exp004-minilm-v2-n10-s22,10,22,0.5,0.5,card_swallowed,10,5,5,0
exp004-minilm-v2-n10-s22,10,22,0.5,0.5,transaction_charged_twice,10,7,3,0
exp004-minilm-v2-n10-s22,10,22,0.5,0.5,verify_source_of_funds,10,10,0,0
exp004-minilm-v2-n10-s22,10,22,0.5,0.5,transfer_timing,10,3,7,2
exp004-minilm-v2-n10-s22,10,22,0.5,0.5,reverted_card_payment?,10,2,8,1
exp004-minilm-v2-n10-s22,10,22,0.5,0.5,change_pin,10,9,1,0
exp004-minilm-v2-n10-s22,10,22,0.5,0.5,beneficiary_not_allowed,10,4,6,2
exp004-minilm-v2-n10-s22,10,22,0.5,0.5,transfer_fee_charged,10,1,9,0
exp004-minilm-v2-n10-s22,10,22,0.5,0.5,receiving_money,10,3,7,0
exp004-minilm-v2-n10-s22,10,22,0.5,0.5,failed_transfer,10,7,3,0
exp004-minilm-v2-n10-s22,10,22,0.5,0.5,transfer_into_account,10,4,6,0
exp004-minilm-v2-n10-s22,10,22,0.5,0.5,verify_top_up,10,7,3,0
exp004-minilm-v2-n10-s22,10,22,0.5,0.5,getting_spare_card,10,1,9,0
exp004-minilm-v2-n10-s22,10,22,0.5,0.5,top_up_by_cash_or_cheque,10,2,8,0
exp004-minilm-v2-n10-s22,10,22,0.5,0.5,order_physical_card,10,0,10,0
exp004-minilm-v2-n10-s22,10,22,0.5,0.5,virtual_card_not_working,10,6,4,1
exp004-minilm-v2-n10-s22,10,22,0.5,0.5,wrong_exchange_rate_for_cash_withdrawal,10,4,6,3
exp004-minilm-v2-n10-s22,10,22,0.5,0.5,get_disposable_virtual_card,10,8,2,0
exp004-minilm-v2-n10-s22,10,22,0.5,0.5,top_up_failed,10,4,6,0
exp004-minilm-v2-n10-s22,10,22,0.5,0.5,balance_not_updated_after_bank_transfer,10,2,8,0
exp004-minilm-v2-n10-s22,10,22,0.5,0.5,cash_withdrawal_not_recognised,10,0,10,0
exp004-minilm-v2-n10-s22,10,22,0.5,0.5,exchange_charge,10,9,1,0
exp004-minilm-v2-n10-s22,10,22,0.5,0.5,top_up_by_card_charge,10,5,5,0
exp004-minilm-v2-n10-s22,10,22,0.5,0.5,activate_my_card,10,9,1,0
exp004-minilm-v2-n10-s22,10,22,0.5,0.5,cash_withdrawal_charge,10,4,6,1
exp004-minilm-v2-n10-s22,10,22,0.5,0.5,card_about_to_expire,10,4,6,0
exp004-minilm-v2-n10-s22,10,22,0.5,0.5,apple_pay_or_google_pay,10,6,4,0
exp004-minilm-v2-n10-s22,10,22,0.5,0.5,verify_my_identity,10,7,3,0
exp004-minilm-v2-n10-s22,10,22,0.5,0.5,country_support,10,6,4,0
exp004-minilm-v2-n10-s22,10,22,0.75,0.7506493506493507,card_arrival,10,0,10,0
exp004-minilm-v2-n10-s22,10,22,0.75,0.7506493506493507,card_linking,10,6,4,2
exp004-minilm-v2-n10-s22,10,22,0.75,0.7506493506493507,exchange_rate,10,9,1,0
exp004-minilm-v2-n10-s22,10,22,0.75,0.7506493506493507,card_payment_wrong_exchange_rate,10,9,1,2
exp004-minilm-v2-n10-s22,10,22,0.75,0.7506493506493507,extra_charge_on_statement,10,8,2,0
exp004-minilm-v2-n10-s22,10,22,0.75,0.7506493506493507,pending_cash_withdrawal,10,8,2,0
exp004-minilm-v2-n10-s22,10,22,0.75,0.7506493506493507,fiat_currency_support,10,9,1,1
exp004-minilm-v2-n10-s22,10,22,0.75,0.7506493506493507,card_delivery_estimate,10,9,1,0
exp004-minilm-v2-n10-s22,10,22,0.75,0.7506493506493507,automatic_top_up,10,10,0,2
exp004-minilm-v2-n10-s22,10,22,0.75,0.7506493506493507,card_not_working,10,6,4,1
exp004-minilm-v2-n10-s22,10,22,0.75,0.7506493506493507,exchange_via_app,10,7,3,0
exp004-minilm-v2-n10-s22,10,22,0.75,0.7506493506493507,lost_or_stolen_card,10,8,2,0
exp004-minilm-v2-n10-s22,10,22,0.75,0.7506493506493507,age_limit,10,10,0,0
exp004-minilm-v2-n10-s22,10,22,0.75,0.7506493506493507,pin_blocked,10,10,0,1
exp004-minilm-v2-n10-s22,10,22,0.75,0.7506493506493507,contactless_not_working,10,7,3,0
exp004-minilm-v2-n10-s22,10,22,0.75,0.7506493506493507,top_up_by_bank_transfer_charge,10,5,5,0
exp004-minilm-v2-n10-s22,10,22,0.75,0.7506493506493507,pending_top_up,10,8,2,1
exp004-minilm-v2-n10-s22,10,22,0.75,0.7506493506493507,cancel_transfer,10,6,4,1
exp004-minilm-v2-n10-s22,10,22,0.75,0.7506493506493507,top_up_limits,10,9,1,0
exp004-minilm-v2-n10-s22,10,22,0.75,0.7506493506493507,wrong_amount_of_cash_received,10,5,5,1
exp004-minilm-v2-n10-s22,10,22,0.75,0.7506493506493507,card_payment_fee_charged,10,10,0,1
exp004-minilm-v2-n10-s22,10,22,0.75,0.7506493506493507,transfer_not_received_by_recipient,10,8,2,8
exp004-minilm-v2-n10-s22,10,22,0.75,0.7506493506493507,supported_cards_and_currencies,10,6,4,6
exp004-minilm-v2-n10-s22,10,22,0.75,0.7506493506493507,getting_virtual_card,10,10,0,0
exp004-minilm-v2-n10-s22,10,22,0.75,0.7506493506493507,card_acceptance,10,4,6,1
exp004-minilm-v2-n10-s22,10,22,0.75,0.7506493506493507,top_up_reverted,10,6,4,2
exp004-minilm-v2-n10-s22,10,22,0.75,0.7506493506493507,balance_not_updated_after_cheque_or_cash_deposit,10,8,2,0
exp004-minilm-v2-n10-s22,10,22,0.75,0.7506493506493507,card_payment_not_recognised,10,0,10,0
exp004-minilm-v2-n10-s22,10,22,0.75,0.7506493506493507,edit_personal_details,10,9,1,0
exp004-minilm-v2-n10-s22,10,22,0.75,0.7506493506493507,why_verify_identity,10,9,1,0
exp004-minilm-v2-n10-s22,10,22,0.75,0.7506493506493507,unable_to_verify_identity,10,10,0,3
exp004-minilm-v2-n10-s22,10,22,0.75,0.7506493506493507,get_physical_card,10,9,1,1
exp004-minilm-v2-n10-s22,10,22,0.75,0.7506493506493507,visa_or_mastercard,10,9,1,0
exp004-minilm-v2-n10-s22,10,22,0.75,0.7506493506493507,topping_up_by_card,10,6,4,5
exp004-minilm-v2-n10-s22,10,22,0.75,0.7506493506493507,disposable_card_limits,10,9,1,0
exp004-minilm-v2-n10-s22,10,22,0.75,0.7506493506493507,compromised_card,10,3,7,0
exp004-minilm-v2-n10-s22,10,22,0.75,0.7506493506493507,atm_support,10,8,2,0
exp004-minilm-v2-n10-s22,10,22,0.75,0.7506493506493507,direct_debit_payment_not_recognised,10,0,10,0
exp004-minilm-v2-n10-s22,10,22,0.75,0.7506493506493507,passcode_forgotten,10,10,0,0
exp004-minilm-v2-n10-s22,10,22,0.75,0.7506493506493507,declined_cash_withdrawal,10,5,5,2
exp004-minilm-v2-n10-s22,10,22,0.75,0.7506493506493507,pending_card_payment,10,10,0,0
exp004-minilm-v2-n10-s22,10,22,0.75,0.7506493506493507,lost_or_stolen_phone,10,9,1,0
exp004-minilm-v2-n10-s22,10,22,0.75,0.7506493506493507,request_refund,10,9,1,1
exp004-minilm-v2-n10-s22,10,22,0.75,0.7506493506493507,declined_transfer,10,8,2,0
exp004-minilm-v2-n10-s22,10,22,0.75,0.7506493506493507,Refund_not_showing_up,10,9,1,0
exp004-minilm-v2-n10-s22,10,22,0.75,0.7506493506493507,declined_card_payment,10,3,7,0
exp004-minilm-v2-n10-s22,10,22,0.75,0.7506493506493507,pending_transfer,10,10,0,3
exp004-minilm-v2-n10-s22,10,22,0.75,0.7506493506493507,terminate_account,10,10,0,0
exp004-minilm-v2-n10-s22,10,22,0.75,0.7506493506493507,card_swallowed,10,8,2,0
exp004-minilm-v2-n10-s22,10,22,0.75,0.7506493506493507,transaction_charged_twice,10,9,1,1
exp004-minilm-v2-n10-s22,10,22,0.75,0.7506493506493507,verify_source_of_funds,10,10,0,0
exp004-minilm-v2-n10-s22,10,22,0.75,0.7506493506493507,transfer_timing,10,8,2,2
exp004-minilm-v2-n10-s22,10,22,0.75,0.7506493506493507,reverted_card_payment?,10,4,6,1
exp004-minilm-v2-n10-s22,10,22,0.75,0.7506493506493507,change_pin,10,10,0,1
exp004-minilm-v2-n10-s22,10,22,0.75,0.7506493506493507,beneficiary_not_allowed,10,7,3,2
exp004-minilm-v2-n10-s22,10,22,0.75,0.7506493506493507,transfer_fee_charged,10,6,4,2
exp004-minilm-v2-n10-s22,10,22,0.75,0.7506493506493507,receiving_money,10,5,5,0
exp004-minilm-v2-n10-s22,10,22,0.75,0.7506493506493507,failed_transfer,10,10,0,1
exp004-minilm-v2-n10-s22,10,22,0.75,0.7506493506493507,transfer_into_account,10,7,3,0
exp004-minilm-v2-n10-s22,10,22,0.75,0.7506493506493507,verify_top_up,10,8,2,0
exp004-minilm-v2-n10-s22,10,22,0.75,0.7506493506493507,getting_spare_card,10,4,6,1
exp004-minilm-v2-n10-s22,10,22,0.75,0.7506493506493507,top_up_by_cash_or_cheque,10,6,4,2
exp004-minilm-v2-n10-s22,10,22,0.75,0.7506493506493507,order_physical_card,10,3,7,0
exp004-minilm-v2-n10-s22,10,22,0.75,0.7506493506493507,virtual_card_not_working,10,10,0,1
exp004-minilm-v2-n10-s22,10,22,0.75,0.7506493506493507,wrong_exchange_rate_for_cash_withdrawal,10,7,3,4
exp004-minilm-v2-n10-s22,10,22,0.75,0.7506493506493507,get_disposable_virtual_card,10,10,0,1
exp004-minilm-v2-n10-s22,10,22,0.75,0.7506493506493507,top_up_failed,10,8,2,2
exp004-minilm-v2-n10-s22,10,22,0.75,0.7506493506493507,balance_not_updated_after_bank_transfer,10,6,4,1
exp004-minilm-v2-n10-s22,10,22,0.75,0.7506493506493507,cash_withdrawal_not_recognised,10,3,7,0
exp004-minilm-v2-n10-s22,10,22,0.75,0.7506493506493507,exchange_charge,10,9,1,0
exp004-minilm-v2-n10-s22,10,22,0.75,0.7506493506493507,top_up_by_card_charge,10,9,1,0
exp004-minilm-v2-n10-s22,10,22,0.75,0.7506493506493507,activate_my_card,10,10,0,0
exp004-minilm-v2-n10-s22,10,22,0.75,0.7506493506493507,cash_withdrawal_charge,10,9,1,1
exp004-minilm-v2-n10-s22,10,22,0.75,0.7506493506493507,card_about_to_expire,10,10,0,0
exp004-minilm-v2-n10-s22,10,22,0.75,0.7506493506493507,apple_pay_or_google_pay,10,7,3,0
exp004-minilm-v2-n10-s22,10,22,0.75,0.7506493506493507,verify_my_identity,10,9,1,1
exp004-minilm-v2-n10-s22,10,22,0.75,0.7506493506493507,country_support,10,10,0,0
exp004-minilm-v2-n10-s22,10,22,0.9,0.9,card_arrival,10,6,4,2
exp004-minilm-v2-n10-s22,10,22,0.9,0.9,card_linking,10,9,1,4
exp004-minilm-v2-n10-s22,10,22,0.9,0.9,exchange_rate,10,10,0,1
exp004-minilm-v2-n10-s22,10,22,0.9,0.9,card_payment_wrong_exchange_rate,10,10,0,2
exp004-minilm-v2-n10-s22,10,22,0.9,0.9,extra_charge_on_statement,10,10,0,1
exp004-minilm-v2-n10-s22,10,22,0.9,0.9,pending_cash_withdrawal,10,9,1,1
exp004-minilm-v2-n10-s22,10,22,0.9,0.9,fiat_currency_support,10,10,0,2
exp004-minilm-v2-n10-s22,10,22,0.9,0.9,card_delivery_estimate,10,10,0,1
exp004-minilm-v2-n10-s22,10,22,0.9,0.9,automatic_top_up,10,10,0,2
exp004-minilm-v2-n10-s22,10,22,0.9,0.9,card_not_working,10,9,1,2
exp004-minilm-v2-n10-s22,10,22,0.9,0.9,exchange_via_app,10,10,0,0
exp004-minilm-v2-n10-s22,10,22,0.9,0.9,lost_or_stolen_card,10,9,1,0
exp004-minilm-v2-n10-s22,10,22,0.9,0.9,age_limit,10,10,0,0
exp004-minilm-v2-n10-s22,10,22,0.9,0.9,pin_blocked,10,10,0,1
exp004-minilm-v2-n10-s22,10,22,0.9,0.9,contactless_not_working,10,8,2,1
exp004-minilm-v2-n10-s22,10,22,0.9,0.9,top_up_by_bank_transfer_charge,10,7,3,0
exp004-minilm-v2-n10-s22,10,22,0.9,0.9,pending_top_up,10,9,1,1
exp004-minilm-v2-n10-s22,10,22,0.9,0.9,cancel_transfer,10,10,0,1
exp004-minilm-v2-n10-s22,10,22,0.9,0.9,top_up_limits,10,9,1,0
exp004-minilm-v2-n10-s22,10,22,0.9,0.9,wrong_amount_of_cash_received,10,9,1,1
exp004-minilm-v2-n10-s22,10,22,0.9,0.9,card_payment_fee_charged,10,10,0,1
exp004-minilm-v2-n10-s22,10,22,0.9,0.9,transfer_not_received_by_recipient,10,10,0,8
exp004-minilm-v2-n10-s22,10,22,0.9,0.9,supported_cards_and_currencies,10,7,3,7
exp004-minilm-v2-n10-s22,10,22,0.9,0.9,getting_virtual_card,10,10,0,0
exp004-minilm-v2-n10-s22,10,22,0.9,0.9,card_acceptance,10,8,2,1
exp004-minilm-v2-n10-s22,10,22,0.9,0.9,top_up_reverted,10,8,2,3
exp004-minilm-v2-n10-s22,10,22,0.9,0.9,balance_not_updated_after_cheque_or_cash_deposit,10,9,1,0
exp004-minilm-v2-n10-s22,10,22,0.9,0.9,card_payment_not_recognised,10,4,6,1
exp004-minilm-v2-n10-s22,10,22,0.9,0.9,edit_personal_details,10,9,1,0
exp004-minilm-v2-n10-s22,10,22,0.9,0.9,why_verify_identity,10,9,1,0
exp004-minilm-v2-n10-s22,10,22,0.9,0.9,unable_to_verify_identity,10,10,0,3
exp004-minilm-v2-n10-s22,10,22,0.9,0.9,get_physical_card,10,10,0,2
exp004-minilm-v2-n10-s22,10,22,0.9,0.9,visa_or_mastercard,10,9,1,0
exp004-minilm-v2-n10-s22,10,22,0.9,0.9,topping_up_by_card,10,9,1,8
exp004-minilm-v2-n10-s22,10,22,0.9,0.9,disposable_card_limits,10,10,0,1
exp004-minilm-v2-n10-s22,10,22,0.9,0.9,compromised_card,10,8,2,0
exp004-minilm-v2-n10-s22,10,22,0.9,0.9,atm_support,10,9,1,0
exp004-minilm-v2-n10-s22,10,22,0.9,0.9,direct_debit_payment_not_recognised,10,6,4,1
exp004-minilm-v2-n10-s22,10,22,0.9,0.9,passcode_forgotten,10,10,0,0
exp004-minilm-v2-n10-s22,10,22,0.9,0.9,declined_cash_withdrawal,10,8,2,5
exp004-minilm-v2-n10-s22,10,22,0.9,0.9,pending_card_payment,10,10,0,0
exp004-minilm-v2-n10-s22,10,22,0.9,0.9,lost_or_stolen_phone,10,10,0,0
exp004-minilm-v2-n10-s22,10,22,0.9,0.9,request_refund,10,9,1,1
exp004-minilm-v2-n10-s22,10,22,0.9,0.9,declined_transfer,10,9,1,1
exp004-minilm-v2-n10-s22,10,22,0.9,0.9,Refund_not_showing_up,10,10,0,0
exp004-minilm-v2-n10-s22,10,22,0.9,0.9,declined_card_payment,10,6,4,1
exp004-minilm-v2-n10-s22,10,22,0.9,0.9,pending_transfer,10,10,0,3
exp004-minilm-v2-n10-s22,10,22,0.9,0.9,terminate_account,10,10,0,0
exp004-minilm-v2-n10-s22,10,22,0.9,0.9,card_swallowed,10,9,1,1
exp004-minilm-v2-n10-s22,10,22,0.9,0.9,transaction_charged_twice,10,9,1,1
exp004-minilm-v2-n10-s22,10,22,0.9,0.9,verify_source_of_funds,10,10,0,0
exp004-minilm-v2-n10-s22,10,22,0.9,0.9,transfer_timing,10,9,1,3
exp004-minilm-v2-n10-s22,10,22,0.9,0.9,reverted_card_payment?,10,6,4,1
exp004-minilm-v2-n10-s22,10,22,0.9,0.9,change_pin,10,10,0,1
exp004-minilm-v2-n10-s22,10,22,0.9,0.9,beneficiary_not_allowed,10,8,2,2
exp004-minilm-v2-n10-s22,10,22,0.9,0.9,transfer_fee_charged,10,9,1,3
exp004-minilm-v2-n10-s22,10,22,0.9,0.9,receiving_money,10,7,3,0
exp004-minilm-v2-n10-s22,10,22,0.9,0.9,failed_transfer,10,10,0,1
exp004-minilm-v2-n10-s22,10,22,0.9,0.9,transfer_into_account,10,10,0,1
exp004-minilm-v2-n10-s22,10,22,0.9,0.9,verify_top_up,10,8,2,0
exp004-minilm-v2-n10-s22,10,22,0.9,0.9,getting_spare_card,10,9,1,5
exp004-minilm-v2-n10-s22,10,22,0.9,0.9,top_up_by_cash_or_cheque,10,9,1,3
exp004-minilm-v2-n10-s22,10,22,0.9,0.9,order_physical_card,10,8,2,1
exp004-minilm-v2-n10-s22,10,22,0.9,0.9,virtual_card_not_working,10,10,0,1
exp004-minilm-v2-n10-s22,10,22,0.9,0.9,wrong_exchange_rate_for_cash_withdrawal,10,10,0,6
exp004-minilm-v2-n10-s22,10,22,0.9,0.9,get_disposable_virtual_card,10,10,0,1
exp004-minilm-v2-n10-s22,10,22,0.9,0.9,top_up_failed,10,9,1,2
exp004-minilm-v2-n10-s22,10,22,0.9,0.9,balance_not_updated_after_bank_transfer,10,8,2,3
exp004-minilm-v2-n10-s22,10,22,0.9,0.9,cash_withdrawal_not_recognised,10,5,5,1
exp004-minilm-v2-n10-s22,10,22,0.9,0.9,exchange_charge,10,10,0,0
exp004-minilm-v2-n10-s22,10,22,0.9,0.9,top_up_by_card_charge,10,10,0,0
exp004-minilm-v2-n10-s22,10,22,0.9,0.9,activate_my_card,10,10,0,0
exp004-minilm-v2-n10-s22,10,22,0.9,0.9,cash_withdrawal_charge,10,10,0,2
exp004-minilm-v2-n10-s22,10,22,0.9,0.9,card_about_to_expire,10,10,0,0
exp004-minilm-v2-n10-s22,10,22,0.9,0.9,apple_pay_or_google_pay,10,10,0,0
exp004-minilm-v2-n10-s22,10,22,0.9,0.9,verify_my_identity,10,9,1,1
exp004-minilm-v2-n10-s22,10,22,0.9,0.9,country_support,10,10,0,0
exp004-minilm-v2-n10-s22,10,22,1.0,1.0,card_arrival,10,10,0,5
exp004-minilm-v2-n10-s22,10,22,1.0,1.0,card_linking,10,10,0,5
exp004-minilm-v2-n10-s22,10,22,1.0,1.0,exchange_rate,10,10,0,1
exp004-minilm-v2-n10-s22,10,22,1.0,1.0,card_payment_wrong_exchange_rate,10,10,0,2
exp004-minilm-v2-n10-s22,10,22,1.0,1.0,extra_charge_on_statement,10,10,0,1
exp004-minilm-v2-n10-s22,10,22,1.0,1.0,pending_cash_withdrawal,10,10,0,2
exp004-minilm-v2-n10-s22,10,22,1.0,1.0,fiat_currency_support,10,10,0,2
exp004-minilm-v2-n10-s22,10,22,1.0,1.0,card_delivery_estimate,10,10,0,1
exp004-minilm-v2-n10-s22,10,22,1.0,1.0,automatic_top_up,10,10,0,2
exp004-minilm-v2-n10-s22,10,22,1.0,1.0,card_not_working,10,10,0,2
exp004-minilm-v2-n10-s22,10,22,1.0,1.0,exchange_via_app,10,10,0,0
exp004-minilm-v2-n10-s22,10,22,1.0,1.0,lost_or_stolen_card,10,10,0,1
exp004-minilm-v2-n10-s22,10,22,1.0,1.0,age_limit,10,10,0,0
exp004-minilm-v2-n10-s22,10,22,1.0,1.0,pin_blocked,10,10,0,1
exp004-minilm-v2-n10-s22,10,22,1.0,1.0,contactless_not_working,10,10,0,3
exp004-minilm-v2-n10-s22,10,22,1.0,1.0,top_up_by_bank_transfer_charge,10,10,0,1
exp004-minilm-v2-n10-s22,10,22,1.0,1.0,pending_top_up,10,10,0,2
exp004-minilm-v2-n10-s22,10,22,1.0,1.0,cancel_transfer,10,10,0,1
exp004-minilm-v2-n10-s22,10,22,1.0,1.0,top_up_limits,10,10,0,1
exp004-minilm-v2-n10-s22,10,22,1.0,1.0,wrong_amount_of_cash_received,10,10,0,2
exp004-minilm-v2-n10-s22,10,22,1.0,1.0,card_payment_fee_charged,10,10,0,1
exp004-minilm-v2-n10-s22,10,22,1.0,1.0,transfer_not_received_by_recipient,10,10,0,8
exp004-minilm-v2-n10-s22,10,22,1.0,1.0,supported_cards_and_currencies,10,10,0,9
exp004-minilm-v2-n10-s22,10,22,1.0,1.0,getting_virtual_card,10,10,0,0
exp004-minilm-v2-n10-s22,10,22,1.0,1.0,card_acceptance,10,10,0,2
exp004-minilm-v2-n10-s22,10,22,1.0,1.0,top_up_reverted,10,10,0,4
exp004-minilm-v2-n10-s22,10,22,1.0,1.0,balance_not_updated_after_cheque_or_cash_deposit,10,10,0,0
exp004-minilm-v2-n10-s22,10,22,1.0,1.0,card_payment_not_recognised,10,10,0,4
exp004-minilm-v2-n10-s22,10,22,1.0,1.0,edit_personal_details,10,10,0,0
exp004-minilm-v2-n10-s22,10,22,1.0,1.0,why_verify_identity,10,10,0,1
exp004-minilm-v2-n10-s22,10,22,1.0,1.0,unable_to_verify_identity,10,10,0,3
exp004-minilm-v2-n10-s22,10,22,1.0,1.0,get_physical_card,10,10,0,2
exp004-minilm-v2-n10-s22,10,22,1.0,1.0,visa_or_mastercard,10,10,0,0
exp004-minilm-v2-n10-s22,10,22,1.0,1.0,topping_up_by_card,10,10,0,9
exp004-minilm-v2-n10-s22,10,22,1.0,1.0,disposable_card_limits,10,10,0,1
exp004-minilm-v2-n10-s22,10,22,1.0,1.0,compromised_card,10,10,0,0
exp004-minilm-v2-n10-s22,10,22,1.0,1.0,atm_support,10,10,0,1
exp004-minilm-v2-n10-s22,10,22,1.0,1.0,direct_debit_payment_not_recognised,10,10,0,3
exp004-minilm-v2-n10-s22,10,22,1.0,1.0,passcode_forgotten,10,10,0,0
exp004-minilm-v2-n10-s22,10,22,1.0,1.0,declined_cash_withdrawal,10,10,0,7
exp004-minilm-v2-n10-s22,10,22,1.0,1.0,pending_card_payment,10,10,0,0
exp004-minilm-v2-n10-s22,10,22,1.0,1.0,lost_or_stolen_phone,10,10,0,0
exp004-minilm-v2-n10-s22,10,22,1.0,1.0,request_refund,10,10,0,1
exp004-minilm-v2-n10-s22,10,22,1.0,1.0,declined_transfer,10,10,0,2
exp004-minilm-v2-n10-s22,10,22,1.0,1.0,Refund_not_showing_up,10,10,0,0
exp004-minilm-v2-n10-s22,10,22,1.0,1.0,declined_card_payment,10,10,0,5
exp004-minilm-v2-n10-s22,10,22,1.0,1.0,pending_transfer,10,10,0,3
exp004-minilm-v2-n10-s22,10,22,1.0,1.0,terminate_account,10,10,0,0
exp004-minilm-v2-n10-s22,10,22,1.0,1.0,card_swallowed,10,10,0,2
exp004-minilm-v2-n10-s22,10,22,1.0,1.0,transaction_charged_twice,10,10,0,2
exp004-minilm-v2-n10-s22,10,22,1.0,1.0,verify_source_of_funds,10,10,0,0
exp004-minilm-v2-n10-s22,10,22,1.0,1.0,transfer_timing,10,10,0,4
exp004-minilm-v2-n10-s22,10,22,1.0,1.0,reverted_card_payment?,10,10,0,3
exp004-minilm-v2-n10-s22,10,22,1.0,1.0,change_pin,10,10,0,1
exp004-minilm-v2-n10-s22,10,22,1.0,1.0,beneficiary_not_allowed,10,10,0,2
exp004-minilm-v2-n10-s22,10,22,1.0,1.0,transfer_fee_charged,10,10,0,4
exp004-minilm-v2-n10-s22,10,22,1.0,1.0,receiving_money,10,10,0,1
exp004-minilm-v2-n10-s22,10,22,1.0,1.0,failed_transfer,10,10,0,1
exp004-minilm-v2-n10-s22,10,22,1.0,1.0,transfer_into_account,10,10,0,1
exp004-minilm-v2-n10-s22,10,22,1.0,1.0,verify_top_up,10,10,0,1
exp004-minilm-v2-n10-s22,10,22,1.0,1.0,getting_spare_card,10,10,0,5
exp004-minilm-v2-n10-s22,10,22,1.0,1.0,top_up_by_cash_or_cheque,10,10,0,4
exp004-minilm-v2-n10-s22,10,22,1.0,1.0,order_physical_card,10,10,0,2
exp004-minilm-v2-n10-s22,10,22,1.0,1.0,virtual_card_not_working,10,10,0,1
exp004-minilm-v2-n10-s22,10,22,1.0,1.0,wrong_exchange_rate_for_cash_withdrawal,10,10,0,6
exp004-minilm-v2-n10-s22,10,22,1.0,1.0,get_disposable_virtual_card,10,10,0,1
exp004-minilm-v2-n10-s22,10,22,1.0,1.0,top_up_failed,10,10,0,3
exp004-minilm-v2-n10-s22,10,22,1.0,1.0,balance_not_updated_after_bank_transfer,10,10,0,5
exp004-minilm-v2-n10-s22,10,22,1.0,1.0,cash_withdrawal_not_recognised,10,10,0,6
exp004-minilm-v2-n10-s22,10,22,1.0,1.0,exchange_charge,10,10,0,0
exp004-minilm-v2-n10-s22,10,22,1.0,1.0,top_up_by_card_charge,10,10,0,0
exp004-minilm-v2-n10-s22,10,22,1.0,1.0,activate_my_card,10,10,0,0
exp004-minilm-v2-n10-s22,10,22,1.0,1.0,cash_withdrawal_charge,10,10,0,2
exp004-minilm-v2-n10-s22,10,22,1.0,1.0,card_about_to_expire,10,10,0,0
exp004-minilm-v2-n10-s22,10,22,1.0,1.0,apple_pay_or_google_pay,10,10,0,0
exp004-minilm-v2-n10-s22,10,22,1.0,1.0,verify_my_identity,10,10,0,1
exp004-minilm-v2-n10-s22,10,22,1.0,1.0,country_support,10,10,0,0
exp004-minilm-v2-n10-s33,10,33,0.25,0.2506493506493506,card_arrival,10,0,10,0
exp004-minilm-v2-n10-s33,10,33,0.25,0.2506493506493506,card_linking,10,0,10,0
exp004-minilm-v2-n10-s33,10,33,0.25,0.2506493506493506,exchange_rate,10,8,2,0
exp004-minilm-v2-n10-s33,10,33,0.25,0.2506493506493506,card_payment_wrong_exchange_rate,10,2,8,0
exp004-minilm-v2-n10-s33,10,33,0.25,0.2506493506493506,extra_charge_on_statement,10,0,10,0
exp004-minilm-v2-n10-s33,10,33,0.25,0.2506493506493506,pending_cash_withdrawal,10,4,6,0
exp004-minilm-v2-n10-s33,10,33,0.25,0.2506493506493506,fiat_currency_support,10,1,9,0
exp004-minilm-v2-n10-s33,10,33,0.25,0.2506493506493506,card_delivery_estimate,10,2,8,0
exp004-minilm-v2-n10-s33,10,33,0.25,0.2506493506493506,automatic_top_up,10,7,3,2
exp004-minilm-v2-n10-s33,10,33,0.25,0.2506493506493506,card_not_working,10,0,10,0
exp004-minilm-v2-n10-s33,10,33,0.25,0.2506493506493506,exchange_via_app,10,1,9,0
exp004-minilm-v2-n10-s33,10,33,0.25,0.2506493506493506,lost_or_stolen_card,10,0,10,0
exp004-minilm-v2-n10-s33,10,33,0.25,0.2506493506493506,age_limit,10,10,0,0
exp004-minilm-v2-n10-s33,10,33,0.25,0.2506493506493506,pin_blocked,10,4,6,0
exp004-minilm-v2-n10-s33,10,33,0.25,0.2506493506493506,contactless_not_working,10,3,7,0
exp004-minilm-v2-n10-s33,10,33,0.25,0.2506493506493506,top_up_by_bank_transfer_charge,10,0,10,0
exp004-minilm-v2-n10-s33,10,33,0.25,0.2506493506493506,pending_top_up,10,5,5,0
exp004-minilm-v2-n10-s33,10,33,0.25,0.2506493506493506,cancel_transfer,10,2,8,0
exp004-minilm-v2-n10-s33,10,33,0.25,0.2506493506493506,top_up_limits,10,7,3,0
exp004-minilm-v2-n10-s33,10,33,0.25,0.2506493506493506,wrong_amount_of_cash_received,10,0,10,0
exp004-minilm-v2-n10-s33,10,33,0.25,0.2506493506493506,card_payment_fee_charged,10,0,10,0
exp004-minilm-v2-n10-s33,10,33,0.25,0.2506493506493506,transfer_not_received_by_recipient,10,1,9,0
exp004-minilm-v2-n10-s33,10,33,0.25,0.2506493506493506,supported_cards_and_currencies,10,0,10,0
exp004-minilm-v2-n10-s33,10,33,0.25,0.2506493506493506,getting_virtual_card,10,5,5,0
exp004-minilm-v2-n10-s33,10,33,0.25,0.2506493506493506,card_acceptance,10,0,10,0
exp004-minilm-v2-n10-s33,10,33,0.25,0.2506493506493506,top_up_reverted,10,1,9,0
exp004-minilm-v2-n10-s33,10,33,0.25,0.2506493506493506,balance_not_updated_after_cheque_or_cash_deposit,10,0,10,0
exp004-minilm-v2-n10-s33,10,33,0.25,0.2506493506493506,card_payment_not_recognised,10,0,10,0
exp004-minilm-v2-n10-s33,10,33,0.25,0.2506493506493506,edit_personal_details,10,4,6,0
exp004-minilm-v2-n10-s33,10,33,0.25,0.2506493506493506,why_verify_identity,10,2,8,0
exp004-minilm-v2-n10-s33,10,33,0.25,0.2506493506493506,unable_to_verify_identity,10,4,6,0
exp004-minilm-v2-n10-s33,10,33,0.25,0.2506493506493506,get_physical_card,10,1,9,0
exp004-minilm-v2-n10-s33,10,33,0.25,0.2506493506493506,visa_or_mastercard,10,4,6,0
exp004-minilm-v2-n10-s33,10,33,0.25,0.2506493506493506,topping_up_by_card,10,0,10,0
exp004-minilm-v2-n10-s33,10,33,0.25,0.2506493506493506,disposable_card_limits,10,8,2,0
exp004-minilm-v2-n10-s33,10,33,0.25,0.2506493506493506,compromised_card,10,0,10,0
exp004-minilm-v2-n10-s33,10,33,0.25,0.2506493506493506,atm_support,10,5,5,0
exp004-minilm-v2-n10-s33,10,33,0.25,0.2506493506493506,direct_debit_payment_not_recognised,10,0,10,0
exp004-minilm-v2-n10-s33,10,33,0.25,0.2506493506493506,passcode_forgotten,10,5,5,0
exp004-minilm-v2-n10-s33,10,33,0.25,0.2506493506493506,declined_cash_withdrawal,10,0,10,0
exp004-minilm-v2-n10-s33,10,33,0.25,0.2506493506493506,pending_card_payment,10,2,8,0
exp004-minilm-v2-n10-s33,10,33,0.25,0.2506493506493506,lost_or_stolen_phone,10,6,4,0
exp004-minilm-v2-n10-s33,10,33,0.25,0.2506493506493506,request_refund,10,2,8,0
exp004-minilm-v2-n10-s33,10,33,0.25,0.2506493506493506,declined_transfer,10,4,6,0
exp004-minilm-v2-n10-s33,10,33,0.25,0.2506493506493506,Refund_not_showing_up,10,4,6,0
exp004-minilm-v2-n10-s33,10,33,0.25,0.2506493506493506,declined_card_payment,10,0,10,0
exp004-minilm-v2-n10-s33,10,33,0.25,0.2506493506493506,pending_transfer,10,0,10,0
exp004-minilm-v2-n10-s33,10,33,0.25,0.2506493506493506,terminate_account,10,10,0,0
exp004-minilm-v2-n10-s33,10,33,0.25,0.2506493506493506,card_swallowed,10,1,9,0
exp004-minilm-v2-n10-s33,10,33,0.25,0.2506493506493506,transaction_charged_twice,10,4,6,0
exp004-minilm-v2-n10-s33,10,33,0.25,0.2506493506493506,verify_source_of_funds,10,7,3,0
exp004-minilm-v2-n10-s33,10,33,0.25,0.2506493506493506,transfer_timing,10,1,9,0
exp004-minilm-v2-n10-s33,10,33,0.25,0.2506493506493506,reverted_card_payment?,10,0,10,0
exp004-minilm-v2-n10-s33,10,33,0.25,0.2506493506493506,change_pin,10,8,2,0
exp004-minilm-v2-n10-s33,10,33,0.25,0.2506493506493506,beneficiary_not_allowed,10,4,6,0
exp004-minilm-v2-n10-s33,10,33,0.25,0.2506493506493506,transfer_fee_charged,10,0,10,0
exp004-minilm-v2-n10-s33,10,33,0.25,0.2506493506493506,receiving_money,10,0,10,0
exp004-minilm-v2-n10-s33,10,33,0.25,0.2506493506493506,failed_transfer,10,2,8,0
exp004-minilm-v2-n10-s33,10,33,0.25,0.2506493506493506,transfer_into_account,10,3,7,0
exp004-minilm-v2-n10-s33,10,33,0.25,0.2506493506493506,verify_top_up,10,4,6,0
exp004-minilm-v2-n10-s33,10,33,0.25,0.2506493506493506,getting_spare_card,10,0,10,0
exp004-minilm-v2-n10-s33,10,33,0.25,0.2506493506493506,top_up_by_cash_or_cheque,10,2,8,0
exp004-minilm-v2-n10-s33,10,33,0.25,0.2506493506493506,order_physical_card,10,0,10,0
exp004-minilm-v2-n10-s33,10,33,0.25,0.2506493506493506,virtual_card_not_working,10,5,5,0
exp004-minilm-v2-n10-s33,10,33,0.25,0.2506493506493506,wrong_exchange_rate_for_cash_withdrawal,10,1,9,0
exp004-minilm-v2-n10-s33,10,33,0.25,0.2506493506493506,get_disposable_virtual_card,10,3,7,0
exp004-minilm-v2-n10-s33,10,33,0.25,0.2506493506493506,top_up_failed,10,0,10,0
exp004-minilm-v2-n10-s33,10,33,0.25,0.2506493506493506,balance_not_updated_after_bank_transfer,10,0,10,0
exp004-minilm-v2-n10-s33,10,33,0.25,0.2506493506493506,cash_withdrawal_not_recognised,10,0,10,0
exp004-minilm-v2-n10-s33,10,33,0.25,0.2506493506493506,exchange_charge,10,3,7,0
exp004-minilm-v2-n10-s33,10,33,0.25,0.2506493506493506,top_up_by_card_charge,10,0,10,0
exp004-minilm-v2-n10-s33,10,33,0.25,0.2506493506493506,activate_my_card,10,5,5,0
exp004-minilm-v2-n10-s33,10,33,0.25,0.2506493506493506,cash_withdrawal_charge,10,0,10,0
exp004-minilm-v2-n10-s33,10,33,0.25,0.2506493506493506,card_about_to_expire,10,1,9,0
exp004-minilm-v2-n10-s33,10,33,0.25,0.2506493506493506,apple_pay_or_google_pay,10,4,6,0
exp004-minilm-v2-n10-s33,10,33,0.25,0.2506493506493506,verify_my_identity,10,7,3,1
exp004-minilm-v2-n10-s33,10,33,0.25,0.2506493506493506,country_support,10,4,6,0
exp004-minilm-v2-n10-s33,10,33,0.5,0.5,card_arrival,10,0,10,0
exp004-minilm-v2-n10-s33,10,33,0.5,0.5,card_linking,10,0,10,0
exp004-minilm-v2-n10-s33,10,33,0.5,0.5,exchange_rate,10,9,1,0
exp004-minilm-v2-n10-s33,10,33,0.5,0.5,card_payment_wrong_exchange_rate,10,6,4,2
exp004-minilm-v2-n10-s33,10,33,0.5,0.5,extra_charge_on_statement,10,4,6,0
exp004-minilm-v2-n10-s33,10,33,0.5,0.5,pending_cash_withdrawal,10,6,4,0
exp004-minilm-v2-n10-s33,10,33,0.5,0.5,fiat_currency_support,10,6,4,0
exp004-minilm-v2-n10-s33,10,33,0.5,0.5,card_delivery_estimate,10,2,8,0
exp004-minilm-v2-n10-s33,10,33,0.5,0.5,automatic_top_up,10,9,1,2
exp004-minilm-v2-n10-s33,10,33,0.5,0.5,card_not_working,10,3,7,0
exp004-minilm-v2-n10-s33,10,33,0.5,0.5,exchange_via_app,10,7,3,0
exp004-minilm-v2-n10-s33,10,33,0.5,0.5,lost_or_stolen_card,10,2,8,0
exp004-minilm-v2-n10-s33,10,33,0.5,0.5,age_limit,10,10,0,0
exp004-minilm-v2-n10-s33,10,33,0.5,0.5,pin_blocked,10,9,1,0
exp004-minilm-v2-n10-s33,10,33,0.5,0.5,contactless_not_working,10,3,7,0
exp004-minilm-v2-n10-s33,10,33,0.5,0.5,top_up_by_bank_transfer_charge,10,2,8,0
exp004-minilm-v2-n10-s33,10,33,0.5,0.5,pending_top_up,10,6,4,0
exp004-minilm-v2-n10-s33,10,33,0.5,0.5,cancel_transfer,10,5,5,0
exp004-minilm-v2-n10-s33,10,33,0.5,0.5,top_up_limits,10,8,2,0
exp004-minilm-v2-n10-s33,10,33,0.5,0.5,wrong_amount_of_cash_received,10,1,9,0
exp004-minilm-v2-n10-s33,10,33,0.5,0.5,card_payment_fee_charged,10,6,4,0
exp004-minilm-v2-n10-s33,10,33,0.5,0.5,transfer_not_received_by_recipient,10,1,9,0
exp004-minilm-v2-n10-s33,10,33,0.5,0.5,supported_cards_and_currencies,10,2,8,2
exp004-minilm-v2-n10-s33,10,33,0.5,0.5,getting_virtual_card,10,9,1,2
exp004-minilm-v2-n10-s33,10,33,0.5,0.5,card_acceptance,10,0,10,0
exp004-minilm-v2-n10-s33,10,33,0.5,0.5,top_up_reverted,10,2,8,1
exp004-minilm-v2-n10-s33,10,33,0.5,0.5,balance_not_updated_after_cheque_or_cash_deposit,10,5,5,0
exp004-minilm-v2-n10-s33,10,33,0.5,0.5,card_payment_not_recognised,10,1,9,0
exp004-minilm-v2-n10-s33,10,33,0.5,0.5,edit_personal_details,10,7,3,0
exp004-minilm-v2-n10-s33,10,33,0.5,0.5,why_verify_identity,10,7,3,1
exp004-minilm-v2-n10-s33,10,33,0.5,0.5,unable_to_verify_identity,10,7,3,2
exp004-minilm-v2-n10-s33,10,33,0.5,0.5,get_physical_card,10,8,2,0
exp004-minilm-v2-n10-s33,10,33,0.5,0.5,visa_or_mastercard,10,9,1,0
exp004-minilm-v2-n10-s33,10,33,0.5,0.5,topping_up_by_card,10,1,9,1
exp004-minilm-v2-n10-s33,10,33,0.5,0.5,disposable_card_limits,10,8,2,0
exp004-minilm-v2-n10-s33,10,33,0.5,0.5,compromised_card,10,0,10,0
exp004-minilm-v2-n10-s33,10,33,0.5,0.5,atm_support,10,7,3,0
exp004-minilm-v2-n10-s33,10,33,0.5,0.5,direct_debit_payment_not_recognised,10,1,9,0
exp004-minilm-v2-n10-s33,10,33,0.5,0.5,passcode_forgotten,10,9,1,0
exp004-minilm-v2-n10-s33,10,33,0.5,0.5,declined_cash_withdrawal,10,2,8,0
exp004-minilm-v2-n10-s33,10,33,0.5,0.5,pending_card_payment,10,9,1,0
exp004-minilm-v2-n10-s33,10,33,0.5,0.5,lost_or_stolen_phone,10,9,1,0
exp004-minilm-v2-n10-s33,10,33,0.5,0.5,request_refund,10,7,3,0
exp004-minilm-v2-n10-s33,10,33,0.5,0.5,declined_transfer,10,6,4,0
exp004-minilm-v2-n10-s33,10,33,0.5,0.5,Refund_not_showing_up,10,6,4,0
exp004-minilm-v2-n10-s33,10,33,0.5,0.5,declined_card_payment,10,2,8,0
exp004-minilm-v2-n10-s33,10,33,0.5,0.5,pending_transfer,10,2,8,2
exp004-minilm-v2-n10-s33,10,33,0.5,0.5,terminate_account,10,10,0,0
exp004-minilm-v2-n10-s33,10,33,0.5,0.5,card_swallowed,10,7,3,0
exp004-minilm-v2-n10-s33,10,33,0.5,0.5,transaction_charged_twice,10,7,3,0
exp004-minilm-v2-n10-s33,10,33,0.5,0.5,verify_source_of_funds,10,10,0,0
exp004-minilm-v2-n10-s33,10,33,0.5,0.5,transfer_timing,10,5,5,0
exp004-minilm-v2-n10-s33,10,33,0.5,0.5,reverted_card_payment?,10,1,9,1
exp004-minilm-v2-n10-s33,10,33,0.5,0.5,change_pin,10,10,0,2
exp004-minilm-v2-n10-s33,10,33,0.5,0.5,beneficiary_not_allowed,10,7,3,1
exp004-minilm-v2-n10-s33,10,33,0.5,0.5,transfer_fee_charged,10,1,9,1
exp004-minilm-v2-n10-s33,10,33,0.5,0.5,receiving_money,10,0,10,0
exp004-minilm-v2-n10-s33,10,33,0.5,0.5,failed_transfer,10,8,2,0
exp004-minilm-v2-n10-s33,10,33,0.5,0.5,transfer_into_account,10,5,5,0
exp004-minilm-v2-n10-s33,10,33,0.5,0.5,verify_top_up,10,6,4,0
exp004-minilm-v2-n10-s33,10,33,0.5,0.5,getting_spare_card,10,0,10,0
exp004-minilm-v2-n10-s33,10,33,0.5,0.5,top_up_by_cash_or_cheque,10,4,6,0
exp004-minilm-v2-n10-s33,10,33,0.5,0.5,order_physical_card,10,0,10,0
exp004-minilm-v2-n10-s33,10,33,0.5,0.5,virtual_card_not_working,10,7,3,0
exp004-minilm-v2-n10-s33,10,33,0.5,0.5,wrong_exchange_rate_for_cash_withdrawal,10,6,4,3
exp004-minilm-v2-n10-s33,10,33,0.5,0.5,get_disposable_virtual_card,10,8,2,3
exp004-minilm-v2-n10-s33,10,33,0.5,0.5,top_up_failed,10,5,5,5
exp004-minilm-v2-n10-s33,10,33,0.5,0.5,balance_not_updated_after_bank_transfer,10,2,8,1
exp004-minilm-v2-n10-s33,10,33,0.5,0.5,cash_withdrawal_not_recognised,10,0,10,0
exp004-minilm-v2-n10-s33,10,33,0.5,0.5,exchange_charge,10,6,4,0
exp004-minilm-v2-n10-s33,10,33,0.5,0.5,top_up_by_card_charge,10,0,10,0
exp004-minilm-v2-n10-s33,10,33,0.5,0.5,activate_my_card,10,8,2,0
exp004-minilm-v2-n10-s33,10,33,0.5,0.5,cash_withdrawal_charge,10,3,7,1
exp004-minilm-v2-n10-s33,10,33,0.5,0.5,card_about_to_expire,10,7,3,0
exp004-minilm-v2-n10-s33,10,33,0.5,0.5,apple_pay_or_google_pay,10,6,4,0
exp004-minilm-v2-n10-s33,10,33,0.5,0.5,verify_my_identity,10,7,3,1
exp004-minilm-v2-n10-s33,10,33,0.5,0.5,country_support,10,8,2,0
exp004-minilm-v2-n10-s33,10,33,0.75,0.7506493506493507,card_arrival,10,0,10,0
exp004-minilm-v2-n10-s33,10,33,0.75,0.7506493506493507,card_linking,10,7,3,1
exp004-minilm-v2-n10-s33,10,33,0.75,0.7506493506493507,exchange_rate,10,9,1,0
exp004-minilm-v2-n10-s33,10,33,0.75,0.7506493506493507,card_payment_wrong_exchange_rate,10,9,1,2
exp004-minilm-v2-n10-s33,10,33,0.75,0.7506493506493507,extra_charge_on_statement,10,6,4,0
exp004-minilm-v2-n10-s33,10,33,0.75,0.7506493506493507,pending_cash_withdrawal,10,8,2,0
exp004-minilm-v2-n10-s33,10,33,0.75,0.7506493506493507,fiat_currency_support,10,9,1,0
exp004-minilm-v2-n10-s33,10,33,0.75,0.7506493506493507,card_delivery_estimate,10,6,4,0
exp004-minilm-v2-n10-s33,10,33,0.75,0.7506493506493507,automatic_top_up,10,10,0,2
exp004-minilm-v2-n10-s33,10,33,0.75,0.7506493506493507,card_not_working,10,8,2,2
exp004-minilm-v2-n10-s33,10,33,0.75,0.7506493506493507,exchange_via_app,10,10,0,0
exp004-minilm-v2-n10-s33,10,33,0.75,0.7506493506493507,lost_or_stolen_card,10,8,2,2
exp004-minilm-v2-n10-s33,10,33,0.75,0.7506493506493507,age_limit,10,10,0,0
exp004-minilm-v2-n10-s33,10,33,0.75,0.7506493506493507,pin_blocked,10,10,0,0
exp004-minilm-v2-n10-s33,10,33,0.75,0.7506493506493507,contactless_not_working,10,6,4,0
exp004-minilm-v2-n10-s33,10,33,0.75,0.7506493506493507,top_up_by_bank_transfer_charge,10,5,5,0
exp004-minilm-v2-n10-s33,10,33,0.75,0.7506493506493507,pending_top_up,10,7,3,0
exp004-minilm-v2-n10-s33,10,33,0.75,0.7506493506493507,cancel_transfer,10,7,3,0
exp004-minilm-v2-n10-s33,10,33,0.75,0.7506493506493507,top_up_limits,10,9,1,0
exp004-minilm-v2-n10-s33,10,33,0.75,0.7506493506493507,wrong_amount_of_cash_received,10,5,5,1
exp004-minilm-v2-n10-s33,10,33,0.75,0.7506493506493507,card_payment_fee_charged,10,7,3,0
exp004-minilm-v2-n10-s33,10,33,0.75,0.7506493506493507,transfer_not_received_by_recipient,10,8,2,5
exp004-minilm-v2-n10-s33,10,33,0.75,0.7506493506493507,supported_cards_and_currencies,10,3,7,3
exp004-minilm-v2-n10-s33,10,33,0.75,0.7506493506493507,getting_virtual_card,10,10,0,3
exp004-minilm-v2-n10-s33,10,33,0.75,0.7506493506493507,card_acceptance,10,3,7,1
exp004-minilm-v2-n10-s33,10,33,0.75,0.7506493506493507,top_up_reverted,10,6,4,2
exp004-minilm-v2-n10-s33,10,33,0.75,0.7506493506493507,balance_not_updated_after_cheque_or_cash_deposit,10,9,1,0
exp004-minilm-v2-n10-s33,10,33,0.75,0.7506493506493507,card_payment_not_recognised,10,3,7,0
exp004-minilm-v2-n10-s33,10,33,0.75,0.7506493506493507,edit_personal_details,10,9,1,0
exp004-minilm-v2-n10-s33,10,33,0.75,0.7506493506493507,why_verify_identity,10,10,0,2
exp004-minilm-v2-n10-s33,10,33,0.75,0.7506493506493507,unable_to_verify_identity,10,10,0,3
exp004-minilm-v2-n10-s33,10,33,0.75,0.7506493506493507,get_physical_card,10,9,1,0
exp004-minilm-v2-n10-s33,10,33,0.75,0.7506493506493507,visa_or_mastercard,10,9,1,0
exp004-minilm-v2-n10-s33,10,33,0.75,0.7506493506493507,topping_up_by_card,10,4,6,3
exp004-minilm-v2-n10-s33,10,33,0.75,0.7506493506493507,disposable_card_limits,10,9,1,0
exp004-minilm-v2-n10-s33,10,33,0.75,0.7506493506493507,compromised_card,10,2,8,0
exp004-minilm-v2-n10-s33,10,33,0.75,0.7506493506493507,atm_support,10,8,2,0
exp004-minilm-v2-n10-s33,10,33,0.75,0.7506493506493507,direct_debit_payment_not_recognised,10,7,3,0
exp004-minilm-v2-n10-s33,10,33,0.75,0.7506493506493507,passcode_forgotten,10,10,0,0
exp004-minilm-v2-n10-s33,10,33,0.75,0.7506493506493507,declined_cash_withdrawal,10,4,6,1
exp004-minilm-v2-n10-s33,10,33,0.75,0.7506493506493507,pending_card_payment,10,10,0,0
exp004-minilm-v2-n10-s33,10,33,0.75,0.7506493506493507,lost_or_stolen_phone,10,9,1,0
exp004-minilm-v2-n10-s33,10,33,0.75,0.7506493506493507,request_refund,10,9,1,1
exp004-minilm-v2-n10-s33,10,33,0.75,0.7506493506493507,declined_transfer,10,8,2,0
exp004-minilm-v2-n10-s33,10,33,0.75,0.7506493506493507,Refund_not_showing_up,10,10,0,4
exp004-minilm-v2-n10-s33,10,33,0.75,0.7506493506493507,declined_card_payment,10,2,8,0
exp004-minilm-v2-n10-s33,10,33,0.75,0.7506493506493507,pending_transfer,10,9,1,3
exp004-minilm-v2-n10-s33,10,33,0.75,0.7506493506493507,terminate_account,10,10,0,0
exp004-minilm-v2-n10-s33,10,33,0.75,0.7506493506493507,card_swallowed,10,9,1,1
exp004-minilm-v2-n10-s33,10,33,0.75,0.7506493506493507,transaction_charged_twice,10,9,1,0
exp004-minilm-v2-n10-s33,10,33,0.75,0.7506493506493507,verify_source_of_funds,10,10,0,0
exp004-minilm-v2-n10-s33,10,33,0.75,0.7506493506493507,transfer_timing,10,6,4,0
exp004-minilm-v2-n10-s33,10,33,0.75,0.7506493506493507,reverted_card_payment?,10,4,6,2
exp004-minilm-v2-n10-s33,10,33,0.75,0.7506493506493507,change_pin,10,10,0,2
exp004-minilm-v2-n10-s33,10,33,0.75,0.7506493506493507,beneficiary_not_allowed,10,9,1,3
exp004-minilm-v2-n10-s33,10,33,0.75,0.7506493506493507,transfer_fee_charged,10,6,4,2
exp004-minilm-v2-n10-s33,10,33,0.75,0.7506493506493507,receiving_money,10,5,5,0
exp004-minilm-v2-n10-s33,10,33,0.75,0.7506493506493507,failed_transfer,10,10,0,0
exp004-minilm-v2-n10-s33,10,33,0.75,0.7506493506493507,transfer_into_account,10,9,1,1
exp004-minilm-v2-n10-s33,10,33,0.75,0.7506493506493507,verify_top_up,10,7,3,0
exp004-minilm-v2-n10-s33,10,33,0.75,0.7506493506493507,getting_spare_card,10,3,7,1
exp004-minilm-v2-n10-s33,10,33,0.75,0.7506493506493507,top_up_by_cash_or_cheque,10,9,1,1
exp004-minilm-v2-n10-s33,10,33,0.75,0.7506493506493507,order_physical_card,10,6,4,0
exp004-minilm-v2-n10-s33,10,33,0.75,0.7506493506493507,virtual_card_not_working,10,9,1,0
exp004-minilm-v2-n10-s33,10,33,0.75,0.7506493506493507,wrong_exchange_rate_for_cash_withdrawal,10,7,3,3
exp004-minilm-v2-n10-s33,10,33,0.75,0.7506493506493507,get_disposable_virtual_card,10,10,0,5
exp004-minilm-v2-n10-s33,10,33,0.75,0.7506493506493507,top_up_failed,10,8,2,5
exp004-minilm-v2-n10-s33,10,33,0.75,0.7506493506493507,balance_not_updated_after_bank_transfer,10,4,6,2
exp004-minilm-v2-n10-s33,10,33,0.75,0.7506493506493507,cash_withdrawal_not_recognised,10,3,7,1
exp004-minilm-v2-n10-s33,10,33,0.75,0.7506493506493507,exchange_charge,10,9,1,0
exp004-minilm-v2-n10-s33,10,33,0.75,0.7506493506493507,top_up_by_card_charge,10,7,3,0
exp004-minilm-v2-n10-s33,10,33,0.75,0.7506493506493507,activate_my_card,10,10,0,0
exp004-minilm-v2-n10-s33,10,33,0.75,0.7506493506493507,cash_withdrawal_charge,10,8,2,1
exp004-minilm-v2-n10-s33,10,33,0.75,0.7506493506493507,card_about_to_expire,10,9,1,0
exp004-minilm-v2-n10-s33,10,33,0.75,0.7506493506493507,apple_pay_or_google_pay,10,7,3,0
exp004-minilm-v2-n10-s33,10,33,0.75,0.7506493506493507,verify_my_identity,10,9,1,1
exp004-minilm-v2-n10-s33,10,33,0.75,0.7506493506493507,country_support,10,10,0,1
exp004-minilm-v2-n10-s33,10,33,0.9,0.9,card_arrival,10,3,7,1
exp004-minilm-v2-n10-s33,10,33,0.9,0.9,card_linking,10,9,1,1
exp004-minilm-v2-n10-s33,10,33,0.9,0.9,exchange_rate,10,10,0,1
exp004-minilm-v2-n10-s33,10,33,0.9,0.9,card_payment_wrong_exchange_rate,10,10,0,2
exp004-minilm-v2-n10-s33,10,33,0.9,0.9,extra_charge_on_statement,10,10,0,3
exp004-minilm-v2-n10-s33,10,33,0.9,0.9,pending_cash_withdrawal,10,9,1,0
exp004-minilm-v2-n10-s33,10,33,0.9,0.9,fiat_currency_support,10,9,1,0
exp004-minilm-v2-n10-s33,10,33,0.9,0.9,card_delivery_estimate,10,9,1,1
exp004-minilm-v2-n10-s33,10,33,0.9,0.9,automatic_top_up,10,10,0,2
exp004-minilm-v2-n10-s33,10,33,0.9,0.9,card_not_working,10,10,0,2
exp004-minilm-v2-n10-s33,10,33,0.9,0.9,exchange_via_app,10,10,0,0
exp004-minilm-v2-n10-s33,10,33,0.9,0.9,lost_or_stolen_card,10,9,1,2
exp004-minilm-v2-n10-s33,10,33,0.9,0.9,age_limit,10,10,0,0
exp004-minilm-v2-n10-s33,10,33,0.9,0.9,pin_blocked,10,10,0,0
exp004-minilm-v2-n10-s33,10,33,0.9,0.9,contactless_not_working,10,8,2,1
exp004-minilm-v2-n10-s33,10,33,0.9,0.9,top_up_by_bank_transfer_charge,10,5,5,0
exp004-minilm-v2-n10-s33,10,33,0.9,0.9,pending_top_up,10,8,2,0
exp004-minilm-v2-n10-s33,10,33,0.9,0.9,cancel_transfer,10,7,3,0
exp004-minilm-v2-n10-s33,10,33,0.9,0.9,top_up_limits,10,9,1,0
exp004-minilm-v2-n10-s33,10,33,0.9,0.9,wrong_amount_of_cash_received,10,10,0,3
exp004-minilm-v2-n10-s33,10,33,0.9,0.9,card_payment_fee_charged,10,10,0,1
exp004-minilm-v2-n10-s33,10,33,0.9,0.9,transfer_not_received_by_recipient,10,10,0,7
exp004-minilm-v2-n10-s33,10,33,0.9,0.9,supported_cards_and_currencies,10,8,2,6
exp004-minilm-v2-n10-s33,10,33,0.9,0.9,getting_virtual_card,10,10,0,3
exp004-minilm-v2-n10-s33,10,33,0.9,0.9,card_acceptance,10,8,2,1
exp004-minilm-v2-n10-s33,10,33,0.9,0.9,top_up_reverted,10,9,1,2
exp004-minilm-v2-n10-s33,10,33,0.9,0.9,balance_not_updated_after_cheque_or_cash_deposit,10,10,0,0
exp004-minilm-v2-n10-s33,10,33,0.9,0.9,card_payment_not_recognised,10,6,4,1
exp004-minilm-v2-n10-s33,10,33,0.9,0.9,edit_personal_details,10,9,1,0
exp004-minilm-v2-n10-s33,10,33,0.9,0.9,why_verify_identity,10,10,0,2
exp004-minilm-v2-n10-s33,10,33,0.9,0.9,unable_to_verify_identity,10,10,0,3
exp004-minilm-v2-n10-s33,10,33,0.9,0.9,get_physical_card,10,10,0,1
exp004-minilm-v2-n10-s33,10,33,0.9,0.9,visa_or_mastercard,10,9,1,0
exp004-minilm-v2-n10-s33,10,33,0.9,0.9,topping_up_by_card,10,8,2,7
exp004-minilm-v2-n10-s33,10,33,0.9,0.9,disposable_card_limits,10,10,0,0
exp004-minilm-v2-n10-s33,10,33,0.9,0.9,compromised_card,10,6,4,0
exp004-minilm-v2-n10-s33,10,33,0.9,0.9,atm_support,10,10,0,1
exp004-minilm-v2-n10-s33,10,33,0.9,0.9,direct_debit_payment_not_recognised,10,9,1,2
exp004-minilm-v2-n10-s33,10,33,0.9,0.9,passcode_forgotten,10,10,0,0
exp004-minilm-v2-n10-s33,10,33,0.9,0.9,declined_cash_withdrawal,10,9,1,5
exp004-minilm-v2-n10-s33,10,33,0.9,0.9,pending_card_payment,10,10,0,0
exp004-minilm-v2-n10-s33,10,33,0.9,0.9,lost_or_stolen_phone,10,10,0,0
exp004-minilm-v2-n10-s33,10,33,0.9,0.9,request_refund,10,9,1,1
exp004-minilm-v2-n10-s33,10,33,0.9,0.9,declined_transfer,10,9,1,1
exp004-minilm-v2-n10-s33,10,33,0.9,0.9,Refund_not_showing_up,10,10,0,4
exp004-minilm-v2-n10-s33,10,33,0.9,0.9,declined_card_payment,10,7,3,3
exp004-minilm-v2-n10-s33,10,33,0.9,0.9,pending_transfer,10,10,0,4
exp004-minilm-v2-n10-s33,10,33,0.9,0.9,terminate_account,10,10,0,0
exp004-minilm-v2-n10-s33,10,33,0.9,0.9,card_swallowed,10,9,1,1
exp004-minilm-v2-n10-s33,10,33,0.9,0.9,transaction_charged_twice,10,9,1,0
exp004-minilm-v2-n10-s33,10,33,0.9,0.9,verify_source_of_funds,10,10,0,0
exp004-minilm-v2-n10-s33,10,33,0.9,0.9,transfer_timing,10,7,3,0
exp004-minilm-v2-n10-s33,10,33,0.9,0.9,reverted_card_payment?,10,7,3,2
exp004-minilm-v2-n10-s33,10,33,0.9,0.9,change_pin,10,10,0,2
exp004-minilm-v2-n10-s33,10,33,0.9,0.9,beneficiary_not_allowed,10,10,0,3
exp004-minilm-v2-n10-s33,10,33,0.9,0.9,transfer_fee_charged,10,9,1,2
exp004-minilm-v2-n10-s33,10,33,0.9,0.9,receiving_money,10,8,2,0
exp004-minilm-v2-n10-s33,10,33,0.9,0.9,failed_transfer,10,10,0,0
exp004-minilm-v2-n10-s33,10,33,0.9,0.9,transfer_into_account,10,10,0,1
exp004-minilm-v2-n10-s33,10,33,0.9,0.9,verify_top_up,10,8,2,0
exp004-minilm-v2-n10-s33,10,33,0.9,0.9,getting_spare_card,10,7,3,1
exp004-minilm-v2-n10-s33,10,33,0.9,0.9,top_up_by_cash_or_cheque,10,10,0,1
exp004-minilm-v2-n10-s33,10,33,0.9,0.9,order_physical_card,10,8,2,1
exp004-minilm-v2-n10-s33,10,33,0.9,0.9,virtual_card_not_working,10,10,0,1
exp004-minilm-v2-n10-s33,10,33,0.9,0.9,wrong_exchange_rate_for_cash_withdrawal,10,9,1,5
exp004-minilm-v2-n10-s33,10,33,0.9,0.9,get_disposable_virtual_card,10,10,0,5
exp004-minilm-v2-n10-s33,10,33,0.9,0.9,top_up_failed,10,9,1,6
exp004-minilm-v2-n10-s33,10,33,0.9,0.9,balance_not_updated_after_bank_transfer,10,9,1,5
exp004-minilm-v2-n10-s33,10,33,0.9,0.9,cash_withdrawal_not_recognised,10,6,4,4
exp004-minilm-v2-n10-s33,10,33,0.9,0.9,exchange_charge,10,9,1,0
exp004-minilm-v2-n10-s33,10,33,0.9,0.9,top_up_by_card_charge,10,10,0,0
exp004-minilm-v2-n10-s33,10,33,0.9,0.9,activate_my_card,10,10,0,0
exp004-minilm-v2-n10-s33,10,33,0.9,0.9,cash_withdrawal_charge,10,9,1,1
exp004-minilm-v2-n10-s33,10,33,0.9,0.9,card_about_to_expire,10,9,1,0
exp004-minilm-v2-n10-s33,10,33,0.9,0.9,apple_pay_or_google_pay,10,10,0,0
exp004-minilm-v2-n10-s33,10,33,0.9,0.9,verify_my_identity,10,10,0,1
exp004-minilm-v2-n10-s33,10,33,0.9,0.9,country_support,10,10,0,1
exp004-minilm-v2-n10-s33,10,33,1.0,1.0,card_arrival,10,10,0,5
exp004-minilm-v2-n10-s33,10,33,1.0,1.0,card_linking,10,10,0,1
exp004-minilm-v2-n10-s33,10,33,1.0,1.0,exchange_rate,10,10,0,1
exp004-minilm-v2-n10-s33,10,33,1.0,1.0,card_payment_wrong_exchange_rate,10,10,0,2
exp004-minilm-v2-n10-s33,10,33,1.0,1.0,extra_charge_on_statement,10,10,0,3
exp004-minilm-v2-n10-s33,10,33,1.0,1.0,pending_cash_withdrawal,10,10,0,1
exp004-minilm-v2-n10-s33,10,33,1.0,1.0,fiat_currency_support,10,10,0,1
exp004-minilm-v2-n10-s33,10,33,1.0,1.0,card_delivery_estimate,10,10,0,2
exp004-minilm-v2-n10-s33,10,33,1.0,1.0,automatic_top_up,10,10,0,2
exp004-minilm-v2-n10-s33,10,33,1.0,1.0,card_not_working,10,10,0,2
exp004-minilm-v2-n10-s33,10,33,1.0,1.0,exchange_via_app,10,10,0,0
exp004-minilm-v2-n10-s33,10,33,1.0,1.0,lost_or_stolen_card,10,10,0,3
exp004-minilm-v2-n10-s33,10,33,1.0,1.0,age_limit,10,10,0,0
exp004-minilm-v2-n10-s33,10,33,1.0,1.0,pin_blocked,10,10,0,0
exp004-minilm-v2-n10-s33,10,33,1.0,1.0,contactless_not_working,10,10,0,3
exp004-minilm-v2-n10-s33,10,33,1.0,1.0,top_up_by_bank_transfer_charge,10,10,0,1
exp004-minilm-v2-n10-s33,10,33,1.0,1.0,pending_top_up,10,10,0,1
exp004-minilm-v2-n10-s33,10,33,1.0,1.0,cancel_transfer,10,10,0,0
exp004-minilm-v2-n10-s33,10,33,1.0,1.0,top_up_limits,10,10,0,1
exp004-minilm-v2-n10-s33,10,33,1.0,1.0,wrong_amount_of_cash_received,10,10,0,3
exp004-minilm-v2-n10-s33,10,33,1.0,1.0,card_payment_fee_charged,10,10,0,1
exp004-minilm-v2-n10-s33,10,33,1.0,1.0,transfer_not_received_by_recipient,10,10,0,7
exp004-minilm-v2-n10-s33,10,33,1.0,1.0,supported_cards_and_currencies,10,10,0,7
exp004-minilm-v2-n10-s33,10,33,1.0,1.0,getting_virtual_card,10,10,0,3
exp004-minilm-v2-n10-s33,10,33,1.0,1.0,card_acceptance,10,10,0,2
exp004-minilm-v2-n10-s33,10,33,1.0,1.0,top_up_reverted,10,10,0,3
exp004-minilm-v2-n10-s33,10,33,1.0,1.0,balance_not_updated_after_cheque_or_cash_deposit,10,10,0,0
exp004-minilm-v2-n10-s33,10,33,1.0,1.0,card_payment_not_recognised,10,10,0,3
exp004-minilm-v2-n10-s33,10,33,1.0,1.0,edit_personal_details,10,10,0,0
exp004-minilm-v2-n10-s33,10,33,1.0,1.0,why_verify_identity,10,10,0,2
exp004-minilm-v2-n10-s33,10,33,1.0,1.0,unable_to_verify_identity,10,10,0,3
exp004-minilm-v2-n10-s33,10,33,1.0,1.0,get_physical_card,10,10,0,1
exp004-minilm-v2-n10-s33,10,33,1.0,1.0,visa_or_mastercard,10,10,0,0
exp004-minilm-v2-n10-s33,10,33,1.0,1.0,topping_up_by_card,10,10,0,9
exp004-minilm-v2-n10-s33,10,33,1.0,1.0,disposable_card_limits,10,10,0,0
exp004-minilm-v2-n10-s33,10,33,1.0,1.0,compromised_card,10,10,0,1
exp004-minilm-v2-n10-s33,10,33,1.0,1.0,atm_support,10,10,0,1
exp004-minilm-v2-n10-s33,10,33,1.0,1.0,direct_debit_payment_not_recognised,10,10,0,2
exp004-minilm-v2-n10-s33,10,33,1.0,1.0,passcode_forgotten,10,10,0,0
exp004-minilm-v2-n10-s33,10,33,1.0,1.0,declined_cash_withdrawal,10,10,0,6
exp004-minilm-v2-n10-s33,10,33,1.0,1.0,pending_card_payment,10,10,0,0
exp004-minilm-v2-n10-s33,10,33,1.0,1.0,lost_or_stolen_phone,10,10,0,0
exp004-minilm-v2-n10-s33,10,33,1.0,1.0,request_refund,10,10,0,1
exp004-minilm-v2-n10-s33,10,33,1.0,1.0,declined_transfer,10,10,0,1
exp004-minilm-v2-n10-s33,10,33,1.0,1.0,Refund_not_showing_up,10,10,0,4
exp004-minilm-v2-n10-s33,10,33,1.0,1.0,declined_card_payment,10,10,0,6
exp004-minilm-v2-n10-s33,10,33,1.0,1.0,pending_transfer,10,10,0,4
exp004-minilm-v2-n10-s33,10,33,1.0,1.0,terminate_account,10,10,0,0
exp004-minilm-v2-n10-s33,10,33,1.0,1.0,card_swallowed,10,10,0,2
exp004-minilm-v2-n10-s33,10,33,1.0,1.0,transaction_charged_twice,10,10,0,1
exp004-minilm-v2-n10-s33,10,33,1.0,1.0,verify_source_of_funds,10,10,0,0
exp004-minilm-v2-n10-s33,10,33,1.0,1.0,transfer_timing,10,10,0,2
exp004-minilm-v2-n10-s33,10,33,1.0,1.0,reverted_card_payment?,10,10,0,4
exp004-minilm-v2-n10-s33,10,33,1.0,1.0,change_pin,10,10,0,2
exp004-minilm-v2-n10-s33,10,33,1.0,1.0,beneficiary_not_allowed,10,10,0,3
exp004-minilm-v2-n10-s33,10,33,1.0,1.0,transfer_fee_charged,10,10,0,3
exp004-minilm-v2-n10-s33,10,33,1.0,1.0,receiving_money,10,10,0,2
exp004-minilm-v2-n10-s33,10,33,1.0,1.0,failed_transfer,10,10,0,0
exp004-minilm-v2-n10-s33,10,33,1.0,1.0,transfer_into_account,10,10,0,1
exp004-minilm-v2-n10-s33,10,33,1.0,1.0,verify_top_up,10,10,0,2
exp004-minilm-v2-n10-s33,10,33,1.0,1.0,getting_spare_card,10,10,0,3
exp004-minilm-v2-n10-s33,10,33,1.0,1.0,top_up_by_cash_or_cheque,10,10,0,1
exp004-minilm-v2-n10-s33,10,33,1.0,1.0,order_physical_card,10,10,0,2
exp004-minilm-v2-n10-s33,10,33,1.0,1.0,virtual_card_not_working,10,10,0,1
exp004-minilm-v2-n10-s33,10,33,1.0,1.0,wrong_exchange_rate_for_cash_withdrawal,10,10,0,6
exp004-minilm-v2-n10-s33,10,33,1.0,1.0,get_disposable_virtual_card,10,10,0,5
exp004-minilm-v2-n10-s33,10,33,1.0,1.0,top_up_failed,10,10,0,7
exp004-minilm-v2-n10-s33,10,33,1.0,1.0,balance_not_updated_after_bank_transfer,10,10,0,6
exp004-minilm-v2-n10-s33,10,33,1.0,1.0,cash_withdrawal_not_recognised,10,10,0,7
exp004-minilm-v2-n10-s33,10,33,1.0,1.0,exchange_charge,10,10,0,0
exp004-minilm-v2-n10-s33,10,33,1.0,1.0,top_up_by_card_charge,10,10,0,0
exp004-minilm-v2-n10-s33,10,33,1.0,1.0,activate_my_card,10,10,0,0
exp004-minilm-v2-n10-s33,10,33,1.0,1.0,cash_withdrawal_charge,10,10,0,2
exp004-minilm-v2-n10-s33,10,33,1.0,1.0,card_about_to_expire,10,10,0,0
exp004-minilm-v2-n10-s33,10,33,1.0,1.0,apple_pay_or_google_pay,10,10,0,0
exp004-minilm-v2-n10-s33,10,33,1.0,1.0,verify_my_identity,10,10,0,1
exp004-minilm-v2-n10-s33,10,33,1.0,1.0,country_support,10,10,0,1
exp004-minilm-v2-n10-s44,10,44,0.25,0.2506493506493506,card_arrival,10,0,10,0
exp004-minilm-v2-n10-s44,10,44,0.25,0.2506493506493506,card_linking,10,0,10,0
exp004-minilm-v2-n10-s44,10,44,0.25,0.2506493506493506,exchange_rate,10,9,1,0
exp004-minilm-v2-n10-s44,10,44,0.25,0.2506493506493506,card_payment_wrong_exchange_rate,10,2,8,0
exp004-minilm-v2-n10-s44,10,44,0.25,0.2506493506493506,extra_charge_on_statement,10,3,7,0
exp004-minilm-v2-n10-s44,10,44,0.25,0.2506493506493506,pending_cash_withdrawal,10,5,5,0
exp004-minilm-v2-n10-s44,10,44,0.25,0.2506493506493506,fiat_currency_support,10,5,5,0
exp004-minilm-v2-n10-s44,10,44,0.25,0.2506493506493506,card_delivery_estimate,10,2,8,0
exp004-minilm-v2-n10-s44,10,44,0.25,0.2506493506493506,automatic_top_up,10,9,1,1
exp004-minilm-v2-n10-s44,10,44,0.25,0.2506493506493506,card_not_working,10,0,10,0
exp004-minilm-v2-n10-s44,10,44,0.25,0.2506493506493506,exchange_via_app,10,4,6,0
exp004-minilm-v2-n10-s44,10,44,0.25,0.2506493506493506,lost_or_stolen_card,10,0,10,0
exp004-minilm-v2-n10-s44,10,44,0.25,0.2506493506493506,age_limit,10,9,1,0
exp004-minilm-v2-n10-s44,10,44,0.25,0.2506493506493506,pin_blocked,10,2,8,0
exp004-minilm-v2-n10-s44,10,44,0.25,0.2506493506493506,contactless_not_working,10,3,7,0
exp004-minilm-v2-n10-s44,10,44,0.25,0.2506493506493506,top_up_by_bank_transfer_charge,10,0,10,0
exp004-minilm-v2-n10-s44,10,44,0.25,0.2506493506493506,pending_top_up,10,2,8,0
exp004-minilm-v2-n10-s44,10,44,0.25,0.2506493506493506,cancel_transfer,10,1,9,0
exp004-minilm-v2-n10-s44,10,44,0.25,0.2506493506493506,top_up_limits,10,6,4,0
exp004-minilm-v2-n10-s44,10,44,0.25,0.2506493506493506,wrong_amount_of_cash_received,10,0,10,0
exp004-minilm-v2-n10-s44,10,44,0.25,0.2506493506493506,card_payment_fee_charged,10,0,10,0
exp004-minilm-v2-n10-s44,10,44,0.25,0.2506493506493506,transfer_not_received_by_recipient,10,0,10,0
exp004-minilm-v2-n10-s44,10,44,0.25,0.2506493506493506,supported_cards_and_currencies,10,0,10,0
exp004-minilm-v2-n10-s44,10,44,0.25,0.2506493506493506,getting_virtual_card,10,5,5,0
exp004-minilm-v2-n10-s44,10,44,0.25,0.2506493506493506,card_acceptance,10,0,10,0
exp004-minilm-v2-n10-s44,10,44,0.25,0.2506493506493506,top_up_reverted,10,1,9,0
exp004-minilm-v2-n10-s44,10,44,0.25,0.2506493506493506,balance_not_updated_after_cheque_or_cash_deposit,10,3,7,0
exp004-minilm-v2-n10-s44,10,44,0.25,0.2506493506493506,card_payment_not_recognised,10,0,10,0
exp004-minilm-v2-n10-s44,10,44,0.25,0.2506493506493506,edit_personal_details,10,4,6,0
exp004-minilm-v2-n10-s44,10,44,0.25,0.2506493506493506,why_verify_identity,10,1,9,0
exp004-minilm-v2-n10-s44,10,44,0.25,0.2506493506493506,unable_to_verify_identity,10,4,6,1
exp004-minilm-v2-n10-s44,10,44,0.25,0.2506493506493506,get_physical_card,10,0,10,0
exp004-minilm-v2-n10-s44,10,44,0.25,0.2506493506493506,visa_or_mastercard,10,4,6,0
exp004-minilm-v2-n10-s44,10,44,0.25,0.2506493506493506,topping_up_by_card,10,0,10,0
exp004-minilm-v2-n10-s44,10,44,0.25,0.2506493506493506,disposable_card_limits,10,8,2,0
exp004-minilm-v2-n10-s44,10,44,0.25,0.2506493506493506,compromised_card,10,0,10,0
exp004-minilm-v2-n10-s44,10,44,0.25,0.2506493506493506,atm_support,10,2,8,0
exp004-minilm-v2-n10-s44,10,44,0.25,0.2506493506493506,direct_debit_payment_not_recognised,10,1,9,0
exp004-minilm-v2-n10-s44,10,44,0.25,0.2506493506493506,passcode_forgotten,10,7,3,0
exp004-minilm-v2-n10-s44,10,44,0.25,0.2506493506493506,declined_cash_withdrawal,10,0,10,0
exp004-minilm-v2-n10-s44,10,44,0.25,0.2506493506493506,pending_card_payment,10,4,6,0
exp004-minilm-v2-n10-s44,10,44,0.25,0.2506493506493506,lost_or_stolen_phone,10,7,3,0
exp004-minilm-v2-n10-s44,10,44,0.25,0.2506493506493506,request_refund,10,1,9,0
exp004-minilm-v2-n10-s44,10,44,0.25,0.2506493506493506,declined_transfer,10,4,6,0
exp004-minilm-v2-n10-s44,10,44,0.25,0.2506493506493506,Refund_not_showing_up,10,3,7,0
exp004-minilm-v2-n10-s44,10,44,0.25,0.2506493506493506,declined_card_payment,10,0,10,0
exp004-minilm-v2-n10-s44,10,44,0.25,0.2506493506493506,pending_transfer,10,0,10,0
exp004-minilm-v2-n10-s44,10,44,0.25,0.2506493506493506,terminate_account,10,8,2,0
exp004-minilm-v2-n10-s44,10,44,0.25,0.2506493506493506,card_swallowed,10,0,10,0
exp004-minilm-v2-n10-s44,10,44,0.25,0.2506493506493506,transaction_charged_twice,10,4,6,0
exp004-minilm-v2-n10-s44,10,44,0.25,0.2506493506493506,verify_source_of_funds,10,6,4,0
exp004-minilm-v2-n10-s44,10,44,0.25,0.2506493506493506,transfer_timing,10,1,9,0
exp004-minilm-v2-n10-s44,10,44,0.25,0.2506493506493506,reverted_card_payment?,10,0,10,0
exp004-minilm-v2-n10-s44,10,44,0.25,0.2506493506493506,change_pin,10,7,3,0
exp004-minilm-v2-n10-s44,10,44,0.25,0.2506493506493506,beneficiary_not_allowed,10,0,10,0
exp004-minilm-v2-n10-s44,10,44,0.25,0.2506493506493506,transfer_fee_charged,10,0,10,0
exp004-minilm-v2-n10-s44,10,44,0.25,0.2506493506493506,receiving_money,10,1,9,0
exp004-minilm-v2-n10-s44,10,44,0.25,0.2506493506493506,failed_transfer,10,0,10,0
exp004-minilm-v2-n10-s44,10,44,0.25,0.2506493506493506,transfer_into_account,10,1,9,0
exp004-minilm-v2-n10-s44,10,44,0.25,0.2506493506493506,verify_top_up,10,6,4,0
exp004-minilm-v2-n10-s44,10,44,0.25,0.2506493506493506,getting_spare_card,10,1,9,0
exp004-minilm-v2-n10-s44,10,44,0.25,0.2506493506493506,top_up_by_cash_or_cheque,10,3,7,0
exp004-minilm-v2-n10-s44,10,44,0.25,0.2506493506493506,order_physical_card,10,0,10,0
exp004-minilm-v2-n10-s44,10,44,0.25,0.2506493506493506,virtual_card_not_working,10,4,6,0
exp004-minilm-v2-n10-s44,10,44,0.25,0.2506493506493506,wrong_exchange_rate_for_cash_withdrawal,10,0,10,0
exp004-minilm-v2-n10-s44,10,44,0.25,0.2506493506493506,get_disposable_virtual_card,10,7,3,3
exp004-minilm-v2-n10-s44,10,44,0.25,0.2506493506493506,top_up_failed,10,3,7,0
exp004-minilm-v2-n10-s44,10,44,0.25,0.2506493506493506,balance_not_updated_after_bank_transfer,10,0,10,0
exp004-minilm-v2-n10-s44,10,44,0.25,0.2506493506493506,cash_withdrawal_not_recognised,10,0,10,0
exp004-minilm-v2-n10-s44,10,44,0.25,0.2506493506493506,exchange_charge,10,2,8,0
exp004-minilm-v2-n10-s44,10,44,0.25,0.2506493506493506,top_up_by_card_charge,10,0,10,0
exp004-minilm-v2-n10-s44,10,44,0.25,0.2506493506493506,activate_my_card,10,6,4,0
exp004-minilm-v2-n10-s44,10,44,0.25,0.2506493506493506,cash_withdrawal_charge,10,0,10,0
exp004-minilm-v2-n10-s44,10,44,0.25,0.2506493506493506,card_about_to_expire,10,0,10,0
exp004-minilm-v2-n10-s44,10,44,0.25,0.2506493506493506,apple_pay_or_google_pay,10,2,8,0
exp004-minilm-v2-n10-s44,10,44,0.25,0.2506493506493506,verify_my_identity,10,7,3,0
exp004-minilm-v2-n10-s44,10,44,0.25,0.2506493506493506,country_support,10,3,7,0
exp004-minilm-v2-n10-s44,10,44,0.5,0.5,card_arrival,10,0,10,0
exp004-minilm-v2-n10-s44,10,44,0.5,0.5,card_linking,10,3,7,0
exp004-minilm-v2-n10-s44,10,44,0.5,0.5,exchange_rate,10,9,1,0
exp004-minilm-v2-n10-s44,10,44,0.5,0.5,card_payment_wrong_exchange_rate,10,7,3,1
exp004-minilm-v2-n10-s44,10,44,0.5,0.5,extra_charge_on_statement,10,4,6,0
exp004-minilm-v2-n10-s44,10,44,0.5,0.5,pending_cash_withdrawal,10,7,3,0
exp004-minilm-v2-n10-s44,10,44,0.5,0.5,fiat_currency_support,10,7,3,0
exp004-minilm-v2-n10-s44,10,44,0.5,0.5,card_delivery_estimate,10,2,8,0
exp004-minilm-v2-n10-s44,10,44,0.5,0.5,automatic_top_up,10,9,1,1
exp004-minilm-v2-n10-s44,10,44,0.5,0.5,card_not_working,10,3,7,0
exp004-minilm-v2-n10-s44,10,44,0.5,0.5,exchange_via_app,10,5,5,0
exp004-minilm-v2-n10-s44,10,44,0.5,0.5,lost_or_stolen_card,10,3,7,0
exp004-minilm-v2-n10-s44,10,44,0.5,0.5,age_limit,10,10,0,0
exp004-minilm-v2-n10-s44,10,44,0.5,0.5,pin_blocked,10,7,3,0
exp004-minilm-v2-n10-s44,10,44,0.5,0.5,contactless_not_working,10,4,6,0
exp004-minilm-v2-n10-s44,10,44,0.5,0.5,top_up_by_bank_transfer_charge,10,2,8,0
exp004-minilm-v2-n10-s44,10,44,0.5,0.5,pending_top_up,10,6,4,2
exp004-minilm-v2-n10-s44,10,44,0.5,0.5,cancel_transfer,10,5,5,0
exp004-minilm-v2-n10-s44,10,44,0.5,0.5,top_up_limits,10,7,3,0
exp004-minilm-v2-n10-s44,10,44,0.5,0.5,wrong_amount_of_cash_received,10,1,9,0
exp004-minilm-v2-n10-s44,10,44,0.5,0.5,card_payment_fee_charged,10,3,7,0
exp004-minilm-v2-n10-s44,10,44,0.5,0.5,transfer_not_received_by_recipient,10,0,10,0
exp004-minilm-v2-n10-s44,10,44,0.5,0.5,supported_cards_and_currencies,10,2,8,2
exp004-minilm-v2-n10-s44,10,44,0.5,0.5,getting_virtual_card,10,10,0,1
exp004-minilm-v2-n10-s44,10,44,0.5,0.5,card_acceptance,10,1,9,0
exp004-minilm-v2-n10-s44,10,44,0.5,0.5,top_up_reverted,10,3,7,2
exp004-minilm-v2-n10-s44,10,44,0.5,0.5,balance_not_updated_after_cheque_or_cash_deposit,10,5,5,0
exp004-minilm-v2-n10-s44,10,44,0.5,0.5,card_payment_not_recognised,10,0,10,0
exp004-minilm-v2-n10-s44,10,44,0.5,0.5,edit_personal_details,10,8,2,0
exp004-minilm-v2-n10-s44,10,44,0.5,0.5,why_verify_identity,10,7,3,1
exp004-minilm-v2-n10-s44,10,44,0.5,0.5,unable_to_verify_identity,10,6,4,1
exp004-minilm-v2-n10-s44,10,44,0.5,0.5,get_physical_card,10,8,2,0
exp004-minilm-v2-n10-s44,10,44,0.5,0.5,visa_or_mastercard,10,9,1,0
exp004-minilm-v2-n10-s44,10,44,0.5,0.5,topping_up_by_card,10,2,8,2
exp004-minilm-v2-n10-s44,10,44,0.5,0.5,disposable_card_limits,10,8,2,0
exp004-minilm-v2-n10-s44,10,44,0.5,0.5,compromised_card,10,0,10,0
exp004-minilm-v2-n10-s44,10,44,0.5,0.5,atm_support,10,7,3,0
exp004-minilm-v2-n10-s44,10,44,0.5,0.5,direct_debit_payment_not_recognised,10,3,7,0
exp004-minilm-v2-n10-s44,10,44,0.5,0.5,passcode_forgotten,10,9,1,0
exp004-minilm-v2-n10-s44,10,44,0.5,0.5,declined_cash_withdrawal,10,0,10,0
exp004-minilm-v2-n10-s44,10,44,0.5,0.5,pending_card_payment,10,8,2,0
exp004-minilm-v2-n10-s44,10,44,0.5,0.5,lost_or_stolen_phone,10,9,1,0
exp004-minilm-v2-n10-s44,10,44,0.5,0.5,request_refund,10,7,3,0
exp004-minilm-v2-n10-s44,10,44,0.5,0.5,declined_transfer,10,7,3,0
exp004-minilm-v2-n10-s44,10,44,0.5,0.5,Refund_not_showing_up,10,6,4,0
exp004-minilm-v2-n10-s44,10,44,0.5,0.5,declined_card_payment,10,1,9,0
exp004-minilm-v2-n10-s44,10,44,0.5,0.5,pending_transfer,10,2,8,0
exp004-minilm-v2-n10-s44,10,44,0.5,0.5,terminate_account,10,10,0,0
exp004-minilm-v2-n10-s44,10,44,0.5,0.5,card_swallowed,10,7,3,0
exp004-minilm-v2-n10-s44,10,44,0.5,0.5,transaction_charged_twice,10,7,3,0
exp004-minilm-v2-n10-s44,10,44,0.5,0.5,verify_source_of_funds,10,10,0,0
exp004-minilm-v2-n10-s44,10,44,0.5,0.5,transfer_timing,10,4,6,0
exp004-minilm-v2-n10-s44,10,44,0.5,0.5,reverted_card_payment?,10,1,9,1
exp004-minilm-v2-n10-s44,10,44,0.5,0.5,change_pin,10,8,2,0
exp004-minilm-v2-n10-s44,10,44,0.5,0.5,beneficiary_not_allowed,10,4,6,1
exp004-minilm-v2-n10-s44,10,44,0.5,0.5,transfer_fee_charged,10,1,9,0
exp004-minilm-v2-n10-s44,10,44,0.5,0.5,receiving_money,10,1,9,0
exp004-minilm-v2-n10-s44,10,44,0.5,0.5,failed_transfer,10,6,4,0
exp004-minilm-v2-n10-s44,10,44,0.5,0.5,transfer_into_account,10,4,6,0
exp004-minilm-v2-n10-s44,10,44,0.5,0.5,verify_top_up,10,7,3,0
exp004-minilm-v2-n10-s44,10,44,0.5,0.5,getting_spare_card,10,2,8,0
exp004-minilm-v2-n10-s44,10,44,0.5,0.5,top_up_by_cash_or_cheque,10,4,6,0
exp004-minilm-v2-n10-s44,10,44,0.5,0.5,order_physical_card,10,2,8,0
exp004-minilm-v2-n10-s44,10,44,0.5,0.5,virtual_card_not_working,10,7,3,0
exp004-minilm-v2-n10-s44,10,44,0.5,0.5,wrong_exchange_rate_for_cash_withdrawal,10,5,5,2
exp004-minilm-v2-n10-s44,10,44,0.5,0.5,get_disposable_virtual_card,10,9,1,3
exp004-minilm-v2-n10-s44,10,44,0.5,0.5,top_up_failed,10,5,5,0
exp004-minilm-v2-n10-s44,10,44,0.5,0.5,balance_not_updated_after_bank_transfer,10,0,10,0
exp004-minilm-v2-n10-s44,10,44,0.5,0.5,cash_withdrawal_not_recognised,10,0,10,0
exp004-minilm-v2-n10-s44,10,44,0.5,0.5,exchange_charge,10,7,3,0
exp004-minilm-v2-n10-s44,10,44,0.5,0.5,top_up_by_card_charge,10,5,5,0
exp004-minilm-v2-n10-s44,10,44,0.5,0.5,activate_my_card,10,8,2,0
exp004-minilm-v2-n10-s44,10,44,0.5,0.5,cash_withdrawal_charge,10,4,6,0
exp004-minilm-v2-n10-s44,10,44,0.5,0.5,card_about_to_expire,10,5,5,0
exp004-minilm-v2-n10-s44,10,44,0.5,0.5,apple_pay_or_google_pay,10,6,4,0
exp004-minilm-v2-n10-s44,10,44,0.5,0.5,verify_my_identity,10,8,2,0
exp004-minilm-v2-n10-s44,10,44,0.5,0.5,country_support,10,6,4,0
exp004-minilm-v2-n10-s44,10,44,0.75,0.7506493506493507,card_arrival,10,1,9,0
exp004-minilm-v2-n10-s44,10,44,0.75,0.7506493506493507,card_linking,10,7,3,1
exp004-minilm-v2-n10-s44,10,44,0.75,0.7506493506493507,exchange_rate,10,9,1,0
exp004-minilm-v2-n10-s44,10,44,0.75,0.7506493506493507,card_payment_wrong_exchange_rate,10,9,1,1
exp004-minilm-v2-n10-s44,10,44,0.75,0.7506493506493507,extra_charge_on_statement,10,8,2,1
exp004-minilm-v2-n10-s44,10,44,0.75,0.7506493506493507,pending_cash_withdrawal,10,8,2,0
exp004-minilm-v2-n10-s44,10,44,0.75,0.7506493506493507,fiat_currency_support,10,9,1,1
exp004-minilm-v2-n10-s44,10,44,0.75,0.7506493506493507,card_delivery_estimate,10,4,6,0
exp004-minilm-v2-n10-s44,10,44,0.75,0.7506493506493507,automatic_top_up,10,9,1,1
exp004-minilm-v2-n10-s44,10,44,0.75,0.7506493506493507,card_not_working,10,6,4,0
exp004-minilm-v2-n10-s44,10,44,0.75,0.7506493506493507,exchange_via_app,10,8,2,0
exp004-minilm-v2-n10-s44,10,44,0.75,0.7506493506493507,lost_or_stolen_card,10,8,2,0
exp004-minilm-v2-n10-s44,10,44,0.75,0.7506493506493507,age_limit,10,10,0,0
exp004-minilm-v2-n10-s44,10,44,0.75,0.7506493506493507,pin_blocked,10,10,0,1
exp004-minilm-v2-n10-s44,10,44,0.75,0.7506493506493507,contactless_not_working,10,7,3,0
exp004-minilm-v2-n10-s44,10,44,0.75,0.7506493506493507,top_up_by_bank_transfer_charge,10,5,5,0
exp004-minilm-v2-n10-s44,10,44,0.75,0.7506493506493507,pending_top_up,10,8,2,3
exp004-minilm-v2-n10-s44,10,44,0.75,0.7506493506493507,cancel_transfer,10,8,2,0
exp004-minilm-v2-n10-s44,10,44,0.75,0.7506493506493507,top_up_limits,10,9,1,1
exp004-minilm-v2-n10-s44,10,44,0.75,0.7506493506493507,wrong_amount_of_cash_received,10,4,6,1
exp004-minilm-v2-n10-s44,10,44,0.75,0.7506493506493507,card_payment_fee_charged,10,8,2,0
exp004-minilm-v2-n10-s44,10,44,0.75,0.7506493506493507,transfer_not_received_by_recipient,10,7,3,7
exp004-minilm-v2-n10-s44,10,44,0.75,0.7506493506493507,supported_cards_and_currencies,10,6,4,5
exp004-minilm-v2-n10-s44,10,44,0.75,0.7506493506493507,getting_virtual_card,10,10,0,1
exp004-minilm-v2-n10-s44,10,44,0.75,0.7506493506493507,card_acceptance,10,7,3,1
exp004-minilm-v2-n10-s44,10,44,0.75,0.7506493506493507,top_up_reverted,10,5,5,2
exp004-minilm-v2-n10-s44,10,44,0.75,0.7506493506493507,balance_not_updated_after_cheque_or_cash_deposit,10,9,1,0
exp004-minilm-v2-n10-s44,10,44,0.75,0.7506493506493507,card_payment_not_recognised,10,4,6,0
exp004-minilm-v2-n10-s44,10,44,0.75,0.7506493506493507,edit_personal_details,10,9,1,0
exp004-minilm-v2-n10-s44,10,44,0.75,0.7506493506493507,why_verify_identity,10,10,0,1
exp004-minilm-v2-n10-s44,10,44,0.75,0.7506493506493507,unable_to_verify_identity,10,9,1,2
exp004-minilm-v2-n10-s44,10,44,0.75,0.7506493506493507,get_physical_card,10,9,1,0
exp004-minilm-v2-n10-s44,10,44,0.75,0.7506493506493507,visa_or_mastercard,10,9,1,0
exp004-minilm-v2-n10-s44,10,44,0.75,0.7506493506493507,topping_up_by_card,10,4,6,4
exp004-minilm-v2-n10-s44,10,44,0.75,0.7506493506493507,disposable_card_limits,10,8,2,0
exp004-minilm-v2-n10-s44,10,44,0.75,0.7506493506493507,compromised_card,10,5,5,0
exp004-minilm-v2-n10-s44,10,44,0.75,0.7506493506493507,atm_support,10,8,2,0
exp004-minilm-v2-n10-s44,10,44,0.75,0.7506493506493507,direct_debit_payment_not_recognised,10,7,3,0
exp004-minilm-v2-n10-s44,10,44,0.75,0.7506493506493507,passcode_forgotten,10,10,0,0
exp004-minilm-v2-n10-s44,10,44,0.75,0.7506493506493507,declined_cash_withdrawal,10,5,5,3
exp004-minilm-v2-n10-s44,10,44,0.75,0.7506493506493507,pending_card_payment,10,10,0,0
exp004-minilm-v2-n10-s44,10,44,0.75,0.7506493506493507,lost_or_stolen_phone,10,10,0,1
exp004-minilm-v2-n10-s44,10,44,0.75,0.7506493506493507,request_refund,10,8,2,0
exp004-minilm-v2-n10-s44,10,44,0.75,0.7506493506493507,declined_transfer,10,8,2,0
exp004-minilm-v2-n10-s44,10,44,0.75,0.7506493506493507,Refund_not_showing_up,10,9,1,1
exp004-minilm-v2-n10-s44,10,44,0.75,0.7506493506493507,declined_card_payment,10,3,7,1
exp004-minilm-v2-n10-s44,10,44,0.75,0.7506493506493507,pending_transfer,10,9,1,1
exp004-minilm-v2-n10-s44,10,44,0.75,0.7506493506493507,terminate_account,10,10,0,0
exp004-minilm-v2-n10-s44,10,44,0.75,0.7506493506493507,card_swallowed,10,8,2,0
exp004-minilm-v2-n10-s44,10,44,0.75,0.7506493506493507,transaction_charged_twice,10,9,1,0
exp004-minilm-v2-n10-s44,10,44,0.75,0.7506493506493507,verify_source_of_funds,10,10,0,0
exp004-minilm-v2-n10-s44,10,44,0.75,0.7506493506493507,transfer_timing,10,6,4,0
exp004-minilm-v2-n10-s44,10,44,0.75,0.7506493506493507,reverted_card_payment?,10,3,7,1
exp004-minilm-v2-n10-s44,10,44,0.75,0.7506493506493507,change_pin,10,10,0,1
exp004-minilm-v2-n10-s44,10,44,0.75,0.7506493506493507,beneficiary_not_allowed,10,6,4,2
exp004-minilm-v2-n10-s44,10,44,0.75,0.7506493506493507,transfer_fee_charged,10,8,2,1
exp004-minilm-v2-n10-s44,10,44,0.75,0.7506493506493507,receiving_money,10,1,9,0
exp004-minilm-v2-n10-s44,10,44,0.75,0.7506493506493507,failed_transfer,10,10,0,1
exp004-minilm-v2-n10-s44,10,44,0.75,0.7506493506493507,transfer_into_account,10,8,2,0
exp004-minilm-v2-n10-s44,10,44,0.75,0.7506493506493507,verify_top_up,10,8,2,0
exp004-minilm-v2-n10-s44,10,44,0.75,0.7506493506493507,getting_spare_card,10,6,4,0
exp004-minilm-v2-n10-s44,10,44,0.75,0.7506493506493507,top_up_by_cash_or_cheque,10,7,3,2
exp004-minilm-v2-n10-s44,10,44,0.75,0.7506493506493507,order_physical_card,10,4,6,0
exp004-minilm-v2-n10-s44,10,44,0.75,0.7506493506493507,virtual_card_not_working,10,10,0,1
exp004-minilm-v2-n10-s44,10,44,0.75,0.7506493506493507,wrong_exchange_rate_for_cash_withdrawal,10,7,3,2
exp004-minilm-v2-n10-s44,10,44,0.75,0.7506493506493507,get_disposable_virtual_card,10,9,1,3
exp004-minilm-v2-n10-s44,10,44,0.75,0.7506493506493507,top_up_failed,10,5,5,0
exp004-minilm-v2-n10-s44,10,44,0.75,0.7506493506493507,balance_not_updated_after_bank_transfer,10,3,7,2
exp004-minilm-v2-n10-s44,10,44,0.75,0.7506493506493507,cash_withdrawal_not_recognised,10,3,7,0
exp004-minilm-v2-n10-s44,10,44,0.75,0.7506493506493507,exchange_charge,10,10,0,0
exp004-minilm-v2-n10-s44,10,44,0.75,0.7506493506493507,top_up_by_card_charge,10,8,2,0
exp004-minilm-v2-n10-s44,10,44,0.75,0.7506493506493507,activate_my_card,10,10,0,0
exp004-minilm-v2-n10-s44,10,44,0.75,0.7506493506493507,cash_withdrawal_charge,10,9,1,1
exp004-minilm-v2-n10-s44,10,44,0.75,0.7506493506493507,card_about_to_expire,10,10,0,0
exp004-minilm-v2-n10-s44,10,44,0.75,0.7506493506493507,apple_pay_or_google_pay,10,9,1,0
exp004-minilm-v2-n10-s44,10,44,0.75,0.7506493506493507,verify_my_identity,10,9,1,1
exp004-minilm-v2-n10-s44,10,44,0.75,0.7506493506493507,country_support,10,9,1,0
exp004-minilm-v2-n10-s44,10,44,0.9,0.9,card_arrival,10,9,1,2
exp004-minilm-v2-n10-s44,10,44,0.9,0.9,card_linking,10,9,1,3
exp004-minilm-v2-n10-s44,10,44,0.9,0.9,exchange_rate,10,10,0,1
exp004-minilm-v2-n10-s44,10,44,0.9,0.9,card_payment_wrong_exchange_rate,10,10,0,1
exp004-minilm-v2-n10-s44,10,44,0.9,0.9,extra_charge_on_statement,10,10,0,2
exp004-minilm-v2-n10-s44,10,44,0.9,0.9,pending_cash_withdrawal,10,10,0,1
exp004-minilm-v2-n10-s44,10,44,0.9,0.9,fiat_currency_support,10,10,0,1
exp004-minilm-v2-n10-s44,10,44,0.9,0.9,card_delivery_estimate,10,8,2,0
exp004-minilm-v2-n10-s44,10,44,0.9,0.9,automatic_top_up,10,10,0,1
exp004-minilm-v2-n10-s44,10,44,0.9,0.9,card_not_working,10,10,0,2
exp004-minilm-v2-n10-s44,10,44,0.9,0.9,exchange_via_app,10,8,2,0
exp004-minilm-v2-n10-s44,10,44,0.9,0.9,lost_or_stolen_card,10,9,1,0
exp004-minilm-v2-n10-s44,10,44,0.9,0.9,age_limit,10,10,0,0
exp004-minilm-v2-n10-s44,10,44,0.9,0.9,pin_blocked,10,10,0,1
exp004-minilm-v2-n10-s44,10,44,0.9,0.9,contactless_not_working,10,7,3,0
exp004-minilm-v2-n10-s44,10,44,0.9,0.9,top_up_by_bank_transfer_charge,10,5,5,0
exp004-minilm-v2-n10-s44,10,44,0.9,0.9,pending_top_up,10,9,1,3
exp004-minilm-v2-n10-s44,10,44,0.9,0.9,cancel_transfer,10,10,0,0
exp004-minilm-v2-n10-s44,10,44,0.9,0.9,top_up_limits,10,9,1,1
exp004-minilm-v2-n10-s44,10,44,0.9,0.9,wrong_amount_of_cash_received,10,10,0,2
exp004-minilm-v2-n10-s44,10,44,0.9,0.9,card_payment_fee_charged,10,9,1,0
exp004-minilm-v2-n10-s44,10,44,0.9,0.9,transfer_not_received_by_recipient,10,10,0,8
exp004-minilm-v2-n10-s44,10,44,0.9,0.9,supported_cards_and_currencies,10,7,3,5
exp004-minilm-v2-n10-s44,10,44,0.9,0.9,getting_virtual_card,10,10,0,1
exp004-minilm-v2-n10-s44,10,44,0.9,0.9,card_acceptance,10,8,2,1
exp004-minilm-v2-n10-s44,10,44,0.9,0.9,top_up_reverted,10,7,3,4
exp004-minilm-v2-n10-s44,10,44,0.9,0.9,balance_not_updated_after_cheque_or_cash_deposit,10,10,0,0
exp004-minilm-v2-n10-s44,10,44,0.9,0.9,card_payment_not_recognised,10,8,2,1
exp004-minilm-v2-n10-s44,10,44,0.9,0.9,edit_personal_details,10,9,1,0
exp004-minilm-v2-n10-s44,10,44,0.9,0.9,why_verify_identity,10,10,0,1
exp004-minilm-v2-n10-s44,10,44,0.9,0.9,unable_to_verify_identity,10,10,0,2
exp004-minilm-v2-n10-s44,10,44,0.9,0.9,get_physical_card,10,10,0,1
exp004-minilm-v2-n10-s44,10,44,0.9,0.9,visa_or_mastercard,10,9,1,0
exp004-minilm-v2-n10-s44,10,44,0.9,0.9,topping_up_by_card,10,8,2,7
exp004-minilm-v2-n10-s44,10,44,0.9,0.9,disposable_card_limits,10,10,0,1
exp004-minilm-v2-n10-s44,10,44,0.9,0.9,compromised_card,10,6,4,0
exp004-minilm-v2-n10-s44,10,44,0.9,0.9,atm_support,10,10,0,1
exp004-minilm-v2-n10-s44,10,44,0.9,0.9,direct_debit_payment_not_recognised,10,10,0,3
exp004-minilm-v2-n10-s44,10,44,0.9,0.9,passcode_forgotten,10,10,0,0
exp004-minilm-v2-n10-s44,10,44,0.9,0.9,declined_cash_withdrawal,10,9,1,7
exp004-minilm-v2-n10-s44,10,44,0.9,0.9,pending_card_payment,10,10,0,0
exp004-minilm-v2-n10-s44,10,44,0.9,0.9,lost_or_stolen_phone,10,10,0,1
exp004-minilm-v2-n10-s44,10,44,0.9,0.9,request_refund,10,9,1,0
exp004-minilm-v2-n10-s44,10,44,0.9,0.9,declined_transfer,10,9,1,0
exp004-minilm-v2-n10-s44,10,44,0.9,0.9,Refund_not_showing_up,10,10,0,1
exp004-minilm-v2-n10-s44,10,44,0.9,0.9,declined_card_payment,10,5,5,1
exp004-minilm-v2-n10-s44,10,44,0.9,0.9,pending_transfer,10,10,0,2
exp004-minilm-v2-n10-s44,10,44,0.9,0.9,terminate_account,10,10,0,0
exp004-minilm-v2-n10-s44,10,44,0.9,0.9,card_swallowed,10,9,1,1
exp004-minilm-v2-n10-s44,10,44,0.9,0.9,transaction_charged_twice,10,9,1,0
exp004-minilm-v2-n10-s44,10,44,0.9,0.9,verify_source_of_funds,10,10,0,0
exp004-minilm-v2-n10-s44,10,44,0.9,0.9,transfer_timing,10,7,3,0
exp004-minilm-v2-n10-s44,10,44,0.9,0.9,reverted_card_payment?,10,6,4,2
exp004-minilm-v2-n10-s44,10,44,0.9,0.9,change_pin,10,10,0,1
exp004-minilm-v2-n10-s44,10,44,0.9,0.9,beneficiary_not_allowed,10,9,1,2
exp004-minilm-v2-n10-s44,10,44,0.9,0.9,transfer_fee_charged,10,9,1,1
exp004-minilm-v2-n10-s44,10,44,0.9,0.9,receiving_money,10,3,7,1
exp004-minilm-v2-n10-s44,10,44,0.9,0.9,failed_transfer,10,10,0,1
exp004-minilm-v2-n10-s44,10,44,0.9,0.9,transfer_into_account,10,10,0,1
exp004-minilm-v2-n10-s44,10,44,0.9,0.9,verify_top_up,10,8,2,0
exp004-minilm-v2-n10-s44,10,44,0.9,0.9,getting_spare_card,10,9,1,1
exp004-minilm-v2-n10-s44,10,44,0.9,0.9,top_up_by_cash_or_cheque,10,10,0,3
exp004-minilm-v2-n10-s44,10,44,0.9,0.9,order_physical_card,10,8,2,3
exp004-minilm-v2-n10-s44,10,44,0.9,0.9,virtual_card_not_working,10,10,0,1
exp004-minilm-v2-n10-s44,10,44,0.9,0.9,wrong_exchange_rate_for_cash_withdrawal,10,9,1,4
exp004-minilm-v2-n10-s44,10,44,0.9,0.9,get_disposable_virtual_card,10,10,0,4
exp004-minilm-v2-n10-s44,10,44,0.9,0.9,top_up_failed,10,7,3,0
exp004-minilm-v2-n10-s44,10,44,0.9,0.9,balance_not_updated_after_bank_transfer,10,8,2,2
exp004-minilm-v2-n10-s44,10,44,0.9,0.9,cash_withdrawal_not_recognised,10,6,4,1
exp004-minilm-v2-n10-s44,10,44,0.9,0.9,exchange_charge,10,10,0,0
exp004-minilm-v2-n10-s44,10,44,0.9,0.9,top_up_by_card_charge,10,10,0,0
exp004-minilm-v2-n10-s44,10,44,0.9,0.9,activate_my_card,10,10,0,0
exp004-minilm-v2-n10-s44,10,44,0.9,0.9,cash_withdrawal_charge,10,10,0,2
exp004-minilm-v2-n10-s44,10,44,0.9,0.9,card_about_to_expire,10,10,0,0
exp004-minilm-v2-n10-s44,10,44,0.9,0.9,apple_pay_or_google_pay,10,10,0,0
exp004-minilm-v2-n10-s44,10,44,0.9,0.9,verify_my_identity,10,10,0,2
exp004-minilm-v2-n10-s44,10,44,0.9,0.9,country_support,10,10,0,0
exp004-minilm-v2-n10-s44,10,44,1.0,1.0,card_arrival,10,10,0,2
exp004-minilm-v2-n10-s44,10,44,1.0,1.0,card_linking,10,10,0,4
exp004-minilm-v2-n10-s44,10,44,1.0,1.0,exchange_rate,10,10,0,1
exp004-minilm-v2-n10-s44,10,44,1.0,1.0,card_payment_wrong_exchange_rate,10,10,0,1
exp004-minilm-v2-n10-s44,10,44,1.0,1.0,extra_charge_on_statement,10,10,0,2
exp004-minilm-v2-n10-s44,10,44,1.0,1.0,pending_cash_withdrawal,10,10,0,1
exp004-minilm-v2-n10-s44,10,44,1.0,1.0,fiat_currency_support,10,10,0,1
exp004-minilm-v2-n10-s44,10,44,1.0,1.0,card_delivery_estimate,10,10,0,1
exp004-minilm-v2-n10-s44,10,44,1.0,1.0,automatic_top_up,10,10,0,1
exp004-minilm-v2-n10-s44,10,44,1.0,1.0,card_not_working,10,10,0,2
exp004-minilm-v2-n10-s44,10,44,1.0,1.0,exchange_via_app,10,10,0,0
exp004-minilm-v2-n10-s44,10,44,1.0,1.0,lost_or_stolen_card,10,10,0,1
exp004-minilm-v2-n10-s44,10,44,1.0,1.0,age_limit,10,10,0,0
exp004-minilm-v2-n10-s44,10,44,1.0,1.0,pin_blocked,10,10,0,1
exp004-minilm-v2-n10-s44,10,44,1.0,1.0,contactless_not_working,10,10,0,3
exp004-minilm-v2-n10-s44,10,44,1.0,1.0,top_up_by_bank_transfer_charge,10,10,0,1
exp004-minilm-v2-n10-s44,10,44,1.0,1.0,pending_top_up,10,10,0,4
exp004-minilm-v2-n10-s44,10,44,1.0,1.0,cancel_transfer,10,10,0,0
exp004-minilm-v2-n10-s44,10,44,1.0,1.0,top_up_limits,10,10,0,2
exp004-minilm-v2-n10-s44,10,44,1.0,1.0,wrong_amount_of_cash_received,10,10,0,2
exp004-minilm-v2-n10-s44,10,44,1.0,1.0,card_payment_fee_charged,10,10,0,1
exp004-minilm-v2-n10-s44,10,44,1.0,1.0,transfer_not_received_by_recipient,10,10,0,8
exp004-minilm-v2-n10-s44,10,44,1.0,1.0,supported_cards_and_currencies,10,10,0,8
exp004-minilm-v2-n10-s44,10,44,1.0,1.0,getting_virtual_card,10,10,0,1
exp004-minilm-v2-n10-s44,10,44,1.0,1.0,card_acceptance,10,10,0,2
exp004-minilm-v2-n10-s44,10,44,1.0,1.0,top_up_reverted,10,10,0,6
exp004-minilm-v2-n10-s44,10,44,1.0,1.0,balance_not_updated_after_cheque_or_cash_deposit,10,10,0,0
exp004-minilm-v2-n10-s44,10,44,1.0,1.0,card_payment_not_recognised,10,10,0,2
exp004-minilm-v2-n10-s44,10,44,1.0,1.0,edit_personal_details,10,10,0,0
exp004-minilm-v2-n10-s44,10,44,1.0,1.0,why_verify_identity,10,10,0,1
exp004-minilm-v2-n10-s44,10,44,1.0,1.0,unable_to_verify_identity,10,10,0,2
exp004-minilm-v2-n10-s44,10,44,1.0,1.0,get_physical_card,10,10,0,1
exp004-minilm-v2-n10-s44,10,44,1.0,1.0,visa_or_mastercard,10,10,0,0
exp004-minilm-v2-n10-s44,10,44,1.0,1.0,topping_up_by_card,10,10,0,8
exp004-minilm-v2-n10-s44,10,44,1.0,1.0,disposable_card_limits,10,10,0,1
exp004-minilm-v2-n10-s44,10,44,1.0,1.0,compromised_card,10,10,0,2
exp004-minilm-v2-n10-s44,10,44,1.0,1.0,atm_support,10,10,0,1
exp004-minilm-v2-n10-s44,10,44,1.0,1.0,direct_debit_payment_not_recognised,10,10,0,3
exp004-minilm-v2-n10-s44,10,44,1.0,1.0,passcode_forgotten,10,10,0,0
exp004-minilm-v2-n10-s44,10,44,1.0,1.0,declined_cash_withdrawal,10,10,0,8
exp004-minilm-v2-n10-s44,10,44,1.0,1.0,pending_card_payment,10,10,0,0
exp004-minilm-v2-n10-s44,10,44,1.0,1.0,lost_or_stolen_phone,10,10,0,1
exp004-minilm-v2-n10-s44,10,44,1.0,1.0,request_refund,10,10,0,1
exp004-minilm-v2-n10-s44,10,44,1.0,1.0,declined_transfer,10,10,0,1
exp004-minilm-v2-n10-s44,10,44,1.0,1.0,Refund_not_showing_up,10,10,0,1
exp004-minilm-v2-n10-s44,10,44,1.0,1.0,declined_card_payment,10,10,0,4
exp004-minilm-v2-n10-s44,10,44,1.0,1.0,pending_transfer,10,10,0,2
exp004-minilm-v2-n10-s44,10,44,1.0,1.0,terminate_account,10,10,0,0
exp004-minilm-v2-n10-s44,10,44,1.0,1.0,card_swallowed,10,10,0,1
exp004-minilm-v2-n10-s44,10,44,1.0,1.0,transaction_charged_twice,10,10,0,1
exp004-minilm-v2-n10-s44,10,44,1.0,1.0,verify_source_of_funds,10,10,0,0
exp004-minilm-v2-n10-s44,10,44,1.0,1.0,transfer_timing,10,10,0,2
exp004-minilm-v2-n10-s44,10,44,1.0,1.0,reverted_card_payment?,10,10,0,6
exp004-minilm-v2-n10-s44,10,44,1.0,1.0,change_pin,10,10,0,1
exp004-minilm-v2-n10-s44,10,44,1.0,1.0,beneficiary_not_allowed,10,10,0,2
exp004-minilm-v2-n10-s44,10,44,1.0,1.0,transfer_fee_charged,10,10,0,2
exp004-minilm-v2-n10-s44,10,44,1.0,1.0,receiving_money,10,10,0,4
exp004-minilm-v2-n10-s44,10,44,1.0,1.0,failed_transfer,10,10,0,1
exp004-minilm-v2-n10-s44,10,44,1.0,1.0,transfer_into_account,10,10,0,1
exp004-minilm-v2-n10-s44,10,44,1.0,1.0,verify_top_up,10,10,0,0
exp004-minilm-v2-n10-s44,10,44,1.0,1.0,getting_spare_card,10,10,0,2
exp004-minilm-v2-n10-s44,10,44,1.0,1.0,top_up_by_cash_or_cheque,10,10,0,3
exp004-minilm-v2-n10-s44,10,44,1.0,1.0,order_physical_card,10,10,0,3
exp004-minilm-v2-n10-s44,10,44,1.0,1.0,virtual_card_not_working,10,10,0,1
exp004-minilm-v2-n10-s44,10,44,1.0,1.0,wrong_exchange_rate_for_cash_withdrawal,10,10,0,5
exp004-minilm-v2-n10-s44,10,44,1.0,1.0,get_disposable_virtual_card,10,10,0,4
exp004-minilm-v2-n10-s44,10,44,1.0,1.0,top_up_failed,10,10,0,1
exp004-minilm-v2-n10-s44,10,44,1.0,1.0,balance_not_updated_after_bank_transfer,10,10,0,4
exp004-minilm-v2-n10-s44,10,44,1.0,1.0,cash_withdrawal_not_recognised,10,10,0,3
exp004-minilm-v2-n10-s44,10,44,1.0,1.0,exchange_charge,10,10,0,0
exp004-minilm-v2-n10-s44,10,44,1.0,1.0,top_up_by_card_charge,10,10,0,0
exp004-minilm-v2-n10-s44,10,44,1.0,1.0,activate_my_card,10,10,0,0
exp004-minilm-v2-n10-s44,10,44,1.0,1.0,cash_withdrawal_charge,10,10,0,2
exp004-minilm-v2-n10-s44,10,44,1.0,1.0,card_about_to_expire,10,10,0,0
exp004-minilm-v2-n10-s44,10,44,1.0,1.0,apple_pay_or_google_pay,10,10,0,0
exp004-minilm-v2-n10-s44,10,44,1.0,1.0,verify_my_identity,10,10,0,2
exp004-minilm-v2-n10-s44,10,44,1.0,1.0,country_support,10,10,0,0
exp004-minilm-v2-n10-s55,10,55,0.25,0.2506493506493506,card_arrival,10,0,10,0
exp004-minilm-v2-n10-s55,10,55,0.25,0.2506493506493506,card_linking,10,0,10,0
exp004-minilm-v2-n10-s55,10,55,0.25,0.2506493506493506,exchange_rate,10,9,1,0
exp004-minilm-v2-n10-s55,10,55,0.25,0.2506493506493506,card_payment_wrong_exchange_rate,10,2,8,0
exp004-minilm-v2-n10-s55,10,55,0.25,0.2506493506493506,extra_charge_on_statement,10,0,10,0
exp004-minilm-v2-n10-s55,10,55,0.25,0.2506493506493506,pending_cash_withdrawal,10,4,6,0
exp004-minilm-v2-n10-s55,10,55,0.25,0.2506493506493506,fiat_currency_support,10,5,5,0
exp004-minilm-v2-n10-s55,10,55,0.25,0.2506493506493506,card_delivery_estimate,10,0,10,0
exp004-minilm-v2-n10-s55,10,55,0.25,0.2506493506493506,automatic_top_up,10,9,1,2
exp004-minilm-v2-n10-s55,10,55,0.25,0.2506493506493506,card_not_working,10,0,10,0
exp004-minilm-v2-n10-s55,10,55,0.25,0.2506493506493506,exchange_via_app,10,1,9,0
exp004-minilm-v2-n10-s55,10,55,0.25,0.2506493506493506,lost_or_stolen_card,10,0,10,0
exp004-minilm-v2-n10-s55,10,55,0.25,0.2506493506493506,age_limit,10,9,1,0
exp004-minilm-v2-n10-s55,10,55,0.25,0.2506493506493506,pin_blocked,10,2,8,0
exp004-minilm-v2-n10-s55,10,55,0.25,0.2506493506493506,contactless_not_working,10,3,7,0
exp004-minilm-v2-n10-s55,10,55,0.25,0.2506493506493506,top_up_by_bank_transfer_charge,10,0,10,0
exp004-minilm-v2-n10-s55,10,55,0.25,0.2506493506493506,pending_top_up,10,2,8,0
exp004-minilm-v2-n10-s55,10,55,0.25,0.2506493506493506,cancel_transfer,10,3,7,0
exp004-minilm-v2-n10-s55,10,55,0.25,0.2506493506493506,top_up_limits,10,7,3,0
exp004-minilm-v2-n10-s55,10,55,0.25,0.2506493506493506,wrong_amount_of_cash_received,10,0,10,0
exp004-minilm-v2-n10-s55,10,55,0.25,0.2506493506493506,card_payment_fee_charged,10,1,9,0
exp004-minilm-v2-n10-s55,10,55,0.25,0.2506493506493506,transfer_not_received_by_recipient,10,0,10,0
exp004-minilm-v2-n10-s55,10,55,0.25,0.2506493506493506,supported_cards_and_currencies,10,0,10,0
exp004-minilm-v2-n10-s55,10,55,0.25,0.2506493506493506,getting_virtual_card,10,4,6,0
exp004-minilm-v2-n10-s55,10,55,0.25,0.2506493506493506,card_acceptance,10,0,10,0
exp004-minilm-v2-n10-s55,10,55,0.25,0.2506493506493506,top_up_reverted,10,0,10,0
exp004-minilm-v2-n10-s55,10,55,0.25,0.2506493506493506,balance_not_updated_after_cheque_or_cash_deposit,10,1,9,0
exp004-minilm-v2-n10-s55,10,55,0.25,0.2506493506493506,card_payment_not_recognised,10,0,10,0
exp004-minilm-v2-n10-s55,10,55,0.25,0.2506493506493506,edit_personal_details,10,5,5,0
exp004-minilm-v2-n10-s55,10,55,0.25,0.2506493506493506,why_verify_identity,10,2,8,1
exp004-minilm-v2-n10-s55,10,55,0.25,0.2506493506493506,unable_to_verify_identity,10,3,7,0
exp004-minilm-v2-n10-s55,10,55,0.25,0.2506493506493506,get_physical_card,10,1,9,0
exp004-minilm-v2-n10-s55,10,55,0.25,0.2506493506493506,visa_or_mastercard,10,4,6,0
exp004-minilm-v2-n10-s55,10,55,0.25,0.2506493506493506,topping_up_by_card,10,0,10,0
exp004-minilm-v2-n10-s55,10,55,0.25,0.2506493506493506,disposable_card_limits,10,7,3,0
exp004-minilm-v2-n10-s55,10,55,0.25,0.2506493506493506,compromised_card,10,0,10,0
exp004-minilm-v2-n10-s55,10,55,0.25,0.2506493506493506,atm_support,10,0,10,0
exp004-minilm-v2-n10-s55,10,55,0.25,0.2506493506493506,direct_debit_payment_not_recognised,10,0,10,0
exp004-minilm-v2-n10-s55,10,55,0.25,0.2506493506493506,passcode_forgotten,10,9,1,0
exp004-minilm-v2-n10-s55,10,55,0.25,0.2506493506493506,declined_cash_withdrawal,10,0,10,0
exp004-minilm-v2-n10-s55,10,55,0.25,0.2506493506493506,pending_card_payment,10,3,7,0
exp004-minilm-v2-n10-s55,10,55,0.25,0.2506493506493506,lost_or_stolen_phone,10,7,3,0
exp004-minilm-v2-n10-s55,10,55,0.25,0.2506493506493506,request_refund,10,2,8,0
exp004-minilm-v2-n10-s55,10,55,0.25,0.2506493506493506,declined_transfer,10,1,9,0
exp004-minilm-v2-n10-s55,10,55,0.25,0.2506493506493506,Refund_not_showing_up,10,3,7,0
exp004-minilm-v2-n10-s55,10,55,0.25,0.2506493506493506,declined_card_payment,10,0,10,0
exp004-minilm-v2-n10-s55,10,55,0.25,0.2506493506493506,pending_transfer,10,1,9,0
exp004-minilm-v2-n10-s55,10,55,0.25,0.2506493506493506,terminate_account,10,10,0,0
exp004-minilm-v2-n10-s55,10,55,0.25,0.2506493506493506,card_swallowed,10,0,10,0
exp004-minilm-v2-n10-s55,10,55,0.25,0.2506493506493506,transaction_charged_twice,10,4,6,0
exp004-minilm-v2-n10-s55,10,55,0.25,0.2506493506493506,verify_source_of_funds,10,6,4,0
exp004-minilm-v2-n10-s55,10,55,0.25,0.2506493506493506,transfer_timing,10,0,10,0
exp004-minilm-v2-n10-s55,10,55,0.25,0.2506493506493506,reverted_card_payment?,10,0,10,0
exp004-minilm-v2-n10-s55,10,55,0.25,0.2506493506493506,change_pin,10,8,2,0
exp004-minilm-v2-n10-s55,10,55,0.25,0.2506493506493506,beneficiary_not_allowed,10,0,10,0
exp004-minilm-v2-n10-s55,10,55,0.25,0.2506493506493506,transfer_fee_charged,10,0,10,0
exp004-minilm-v2-n10-s55,10,55,0.25,0.2506493506493506,receiving_money,10,0,10,0
exp004-minilm-v2-n10-s55,10,55,0.25,0.2506493506493506,failed_transfer,10,6,4,0
exp004-minilm-v2-n10-s55,10,55,0.25,0.2506493506493506,transfer_into_account,10,0,10,0
exp004-minilm-v2-n10-s55,10,55,0.25,0.2506493506493506,verify_top_up,10,4,6,0
exp004-minilm-v2-n10-s55,10,55,0.25,0.2506493506493506,getting_spare_card,10,0,10,0
exp004-minilm-v2-n10-s55,10,55,0.25,0.2506493506493506,top_up_by_cash_or_cheque,10,2,8,0
exp004-minilm-v2-n10-s55,10,55,0.25,0.2506493506493506,order_physical_card,10,0,10,0
exp004-minilm-v2-n10-s55,10,55,0.25,0.2506493506493506,virtual_card_not_working,10,4,6,0
exp004-minilm-v2-n10-s55,10,55,0.25,0.2506493506493506,wrong_exchange_rate_for_cash_withdrawal,10,1,9,0
exp004-minilm-v2-n10-s55,10,55,0.25,0.2506493506493506,get_disposable_virtual_card,10,4,6,0
exp004-minilm-v2-n10-s55,10,55,0.25,0.2506493506493506,top_up_failed,10,2,8,0
exp004-minilm-v2-n10-s55,10,55,0.25,0.2506493506493506,balance_not_updated_after_bank_transfer,10,0,10,0
exp004-minilm-v2-n10-s55,10,55,0.25,0.2506493506493506,cash_withdrawal_not_recognised,10,0,10,0
exp004-minilm-v2-n10-s55,10,55,0.25,0.2506493506493506,exchange_charge,10,8,2,0
exp004-minilm-v2-n10-s55,10,55,0.25,0.2506493506493506,top_up_by_card_charge,10,0,10,0
exp004-minilm-v2-n10-s55,10,55,0.25,0.2506493506493506,activate_my_card,10,2,8,0
exp004-minilm-v2-n10-s55,10,55,0.25,0.2506493506493506,cash_withdrawal_charge,10,0,10,0
exp004-minilm-v2-n10-s55,10,55,0.25,0.2506493506493506,card_about_to_expire,10,4,6,0
exp004-minilm-v2-n10-s55,10,55,0.25,0.2506493506493506,apple_pay_or_google_pay,10,5,5,0
exp004-minilm-v2-n10-s55,10,55,0.25,0.2506493506493506,verify_my_identity,10,7,3,0
exp004-minilm-v2-n10-s55,10,55,0.25,0.2506493506493506,country_support,10,6,4,0
exp004-minilm-v2-n10-s55,10,55,0.5,0.5,card_arrival,10,3,7,0
exp004-minilm-v2-n10-s55,10,55,0.5,0.5,card_linking,10,2,8,0
exp004-minilm-v2-n10-s55,10,55,0.5,0.5,exchange_rate,10,9,1,0
exp004-minilm-v2-n10-s55,10,55,0.5,0.5,card_payment_wrong_exchange_rate,10,7,3,2
exp004-minilm-v2-n10-s55,10,55,0.5,0.5,extra_charge_on_statement,10,0,10,0
exp004-minilm-v2-n10-s55,10,55,0.5,0.5,pending_cash_withdrawal,10,6,4,0
exp004-minilm-v2-n10-s55,10,55,0.5,0.5,fiat_currency_support,10,6,4,0
exp004-minilm-v2-n10-s55,10,55,0.5,0.5,card_delivery_estimate,10,4,6,0
exp004-minilm-v2-n10-s55,10,55,0.5,0.5,automatic_top_up,10,10,0,2
exp004-minilm-v2-n10-s55,10,55,0.5,0.5,card_not_working,10,0,10,0
exp004-minilm-v2-n10-s55,10,55,0.5,0.5,exchange_via_app,10,7,3,0
exp004-minilm-v2-n10-s55,10,55,0.5,0.5,lost_or_stolen_card,10,0,10,0
exp004-minilm-v2-n10-s55,10,55,0.5,0.5,age_limit,10,10,0,0
exp004-minilm-v2-n10-s55,10,55,0.5,0.5,pin_blocked,10,7,3,0
exp004-minilm-v2-n10-s55,10,55,0.5,0.5,contactless_not_working,10,5,5,0
exp004-minilm-v2-n10-s55,10,55,0.5,0.5,top_up_by_bank_transfer_charge,10,2,8,0
exp004-minilm-v2-n10-s55,10,55,0.5,0.5,pending_top_up,10,7,3,2
exp004-minilm-v2-n10-s55,10,55,0.5,0.5,cancel_transfer,10,6,4,0
exp004-minilm-v2-n10-s55,10,55,0.5,0.5,top_up_limits,10,8,2,0
exp004-minilm-v2-n10-s55,10,55,0.5,0.5,wrong_amount_of_cash_received,10,1,9,0
exp004-minilm-v2-n10-s55,10,55,0.5,0.5,card_payment_fee_charged,10,3,7,0
exp004-minilm-v2-n10-s55,10,55,0.5,0.5,transfer_not_received_by_recipient,10,0,10,0
exp004-minilm-v2-n10-s55,10,55,0.5,0.5,supported_cards_and_currencies,10,2,8,2
exp004-minilm-v2-n10-s55,10,55,0.5,0.5,getting_virtual_card,10,9,1,0
exp004-minilm-v2-n10-s55,10,55,0.5,0.5,card_acceptance,10,1,9,0
exp004-minilm-v2-n10-s55,10,55,0.5,0.5,top_up_reverted,10,4,6,2
exp004-minilm-v2-n10-s55,10,55,0.5,0.5,balance_not_updated_after_cheque_or_cash_deposit,10,5,5,0
exp004-minilm-v2-n10-s55,10,55,0.5,0.5,card_payment_not_recognised,10,0,10,0
exp004-minilm-v2-n10-s55,10,55,0.5,0.5,edit_personal_details,10,8,2,0
exp004-minilm-v2-n10-s55,10,55,0.5,0.5,why_verify_identity,10,7,3,3
exp004-minilm-v2-n10-s55,10,55,0.5,0.5,unable_to_verify_identity,10,6,4,2
exp004-minilm-v2-n10-s55,10,55,0.5,0.5,get_physical_card,10,6,4,0
exp004-minilm-v2-n10-s55,10,55,0.5,0.5,visa_or_mastercard,10,6,4,0
exp004-minilm-v2-n10-s55,10,55,0.5,0.5,topping_up_by_card,10,1,9,1
exp004-minilm-v2-n10-s55,10,55,0.5,0.5,disposable_card_limits,10,8,2,0
exp004-minilm-v2-n10-s55,10,55,0.5,0.5,compromised_card,10,1,9,0
exp004-minilm-v2-n10-s55,10,55,0.5,0.5,atm_support,10,7,3,0
exp004-minilm-v2-n10-s55,10,55,0.5,0.5,direct_debit_payment_not_recognised,10,5,5,0
exp004-minilm-v2-n10-s55,10,55,0.5,0.5,passcode_forgotten,10,9,1,0
exp004-minilm-v2-n10-s55,10,55,0.5,0.5,declined_cash_withdrawal,10,0,10,0
exp004-minilm-v2-n10-s55,10,55,0.5,0.5,pending_card_payment,10,8,2,0
exp004-minilm-v2-n10-s55,10,55,0.5,0.5,lost_or_stolen_phone,10,9,1,0
exp004-minilm-v2-n10-s55,10,55,0.5,0.5,request_refund,10,7,3,1
exp004-minilm-v2-n10-s55,10,55,0.5,0.5,declined_transfer,10,5,5,0
exp004-minilm-v2-n10-s55,10,55,0.5,0.5,Refund_not_showing_up,10,6,4,0
exp004-minilm-v2-n10-s55,10,55,0.5,0.5,declined_card_payment,10,0,10,0
exp004-minilm-v2-n10-s55,10,55,0.5,0.5,pending_transfer,10,6,4,1
exp004-minilm-v2-n10-s55,10,55,0.5,0.5,terminate_account,10,10,0,0
exp004-minilm-v2-n10-s55,10,55,0.5,0.5,card_swallowed,10,4,6,0
exp004-minilm-v2-n10-s55,10,55,0.5,0.5,transaction_charged_twice,10,6,4,0
exp004-minilm-v2-n10-s55,10,55,0.5,0.5,verify_source_of_funds,10,8,2,0
exp004-minilm-v2-n10-s55,10,55,0.5,0.5,transfer_timing,10,5,5,0
exp004-minilm-v2-n10-s55,10,55,0.5,0.5,reverted_card_payment?,10,1,9,1
exp004-minilm-v2-n10-s55,10,55,0.5,0.5,change_pin,10,10,0,0
exp004-minilm-v2-n10-s55,10,55,0.5,0.5,beneficiary_not_allowed,10,7,3,1
exp004-minilm-v2-n10-s55,10,55,0.5,0.5,transfer_fee_charged,10,0,10,0
exp004-minilm-v2-n10-s55,10,55,0.5,0.5,receiving_money,10,1,9,0
exp004-minilm-v2-n10-s55,10,55,0.5,0.5,failed_transfer,10,8,2,0
exp004-minilm-v2-n10-s55,10,55,0.5,0.5,transfer_into_account,10,5,5,0
exp004-minilm-v2-n10-s55,10,55,0.5,0.5,verify_top_up,10,8,2,0
exp004-minilm-v2-n10-s55,10,55,0.5,0.5,getting_spare_card,10,1,9,0
exp004-minilm-v2-n10-s55,10,55,0.5,0.5,top_up_by_cash_or_cheque,10,5,5,0
exp004-minilm-v2-n10-s55,10,55,0.5,0.5,order_physical_card,10,2,8,0
exp004-minilm-v2-n10-s55,10,55,0.5,0.5,virtual_card_not_working,10,6,4,1
exp004-minilm-v2-n10-s55,10,55,0.5,0.5,wrong_exchange_rate_for_cash_withdrawal,10,6,4,3
exp004-minilm-v2-n10-s55,10,55,0.5,0.5,get_disposable_virtual_card,10,9,1,1
exp004-minilm-v2-n10-s55,10,55,0.5,0.5,top_up_failed,10,4,6,0
exp004-minilm-v2-n10-s55,10,55,0.5,0.5,balance_not_updated_after_bank_transfer,10,0,10,0
exp004-minilm-v2-n10-s55,10,55,0.5,0.5,cash_withdrawal_not_recognised,10,0,10,0
exp004-minilm-v2-n10-s55,10,55,0.5,0.5,exchange_charge,10,9,1,0
exp004-minilm-v2-n10-s55,10,55,0.5,0.5,top_up_by_card_charge,10,3,7,0
exp004-minilm-v2-n10-s55,10,55,0.5,0.5,activate_my_card,10,8,2,0
exp004-minilm-v2-n10-s55,10,55,0.5,0.5,cash_withdrawal_charge,10,2,8,0
exp004-minilm-v2-n10-s55,10,55,0.5,0.5,card_about_to_expire,10,8,2,0
exp004-minilm-v2-n10-s55,10,55,0.5,0.5,apple_pay_or_google_pay,10,6,4,0
exp004-minilm-v2-n10-s55,10,55,0.5,0.5,verify_my_identity,10,8,2,1
exp004-minilm-v2-n10-s55,10,55,0.5,0.5,country_support,10,6,4,0
exp004-minilm-v2-n10-s55,10,55,0.75,0.7506493506493507,card_arrival,10,8,2,1
exp004-minilm-v2-n10-s55,10,55,0.75,0.7506493506493507,card_linking,10,6,4,1
exp004-minilm-v2-n10-s55,10,55,0.75,0.7506493506493507,exchange_rate,10,9,1,0
exp004-minilm-v2-n10-s55,10,55,0.75,0.7506493506493507,card_payment_wrong_exchange_rate,10,8,2,2
exp004-minilm-v2-n10-s55,10,55,0.75,0.7506493506493507,extra_charge_on_statement,10,8,2,0
exp004-minilm-v2-n10-s55,10,55,0.75,0.7506493506493507,pending_cash_withdrawal,10,8,2,0
exp004-minilm-v2-n10-s55,10,55,0.75,0.7506493506493507,fiat_currency_support,10,8,2,0
exp004-minilm-v2-n10-s55,10,55,0.75,0.7506493506493507,card_delivery_estimate,10,9,1,0
exp004-minilm-v2-n10-s55,10,55,0.75,0.7506493506493507,automatic_top_up,10,10,0,2
exp004-minilm-v2-n10-s55,10,55,0.75,0.7506493506493507,card_not_working,10,4,6,1
exp004-minilm-v2-n10-s55,10,55,0.75,0.7506493506493507,exchange_via_app,10,9,1,0
exp004-minilm-v2-n10-s55,10,55,0.75,0.7506493506493507,lost_or_stolen_card,10,8,2,0
exp004-minilm-v2-n10-s55,10,55,0.75,0.7506493506493507,age_limit,10,10,0,0
exp004-minilm-v2-n10-s55,10,55,0.75,0.7506493506493507,pin_blocked,10,10,0,1
exp004-minilm-v2-n10-s55,10,55,0.75,0.7506493506493507,contactless_not_working,10,7,3,0
exp004-minilm-v2-n10-s55,10,55,0.75,0.7506493506493507,top_up_by_bank_transfer_charge,10,5,5,0
exp004-minilm-v2-n10-s55,10,55,0.75,0.7506493506493507,pending_top_up,10,8,2,2
exp004-minilm-v2-n10-s55,10,55,0.75,0.7506493506493507,cancel_transfer,10,8,2,0
exp004-minilm-v2-n10-s55,10,55,0.75,0.7506493506493507,top_up_limits,10,9,1,0
exp004-minilm-v2-n10-s55,10,55,0.75,0.7506493506493507,wrong_amount_of_cash_received,10,4,6,2
exp004-minilm-v2-n10-s55,10,55,0.75,0.7506493506493507,card_payment_fee_charged,10,8,2,1
exp004-minilm-v2-n10-s55,10,55,0.75,0.7506493506493507,transfer_not_received_by_recipient,10,9,1,6
exp004-minilm-v2-n10-s55,10,55,0.75,0.7506493506493507,supported_cards_and_currencies,10,4,6,4
exp004-minilm-v2-n10-s55,10,55,0.75,0.7506493506493507,getting_virtual_card,10,10,0,0
exp004-minilm-v2-n10-s55,10,55,0.75,0.7506493506493507,card_acceptance,10,3,7,0
exp004-minilm-v2-n10-s55,10,55,0.75,0.7506493506493507,top_up_reverted,10,6,4,2
exp004-minilm-v2-n10-s55,10,55,0.75,0.7506493506493507,balance_not_updated_after_cheque_or_cash_deposit,10,10,0,0
exp004-minilm-v2-n10-s55,10,55,0.75,0.7506493506493507,card_payment_not_recognised,10,1,9,0
exp004-minilm-v2-n10-s55,10,55,0.75,0.7506493506493507,edit_personal_details,10,8,2,0
exp004-minilm-v2-n10-s55,10,55,0.75,0.7506493506493507,why_verify_identity,10,10,0,3
exp004-minilm-v2-n10-s55,10,55,0.75,0.7506493506493507,unable_to_verify_identity,10,10,0,3
exp004-minilm-v2-n10-s55,10,55,0.75,0.7506493506493507,get_physical_card,10,9,1,0
exp004-minilm-v2-n10-s55,10,55,0.75,0.7506493506493507,visa_or_mastercard,10,9,1,0
exp004-minilm-v2-n10-s55,10,55,0.75,0.7506493506493507,topping_up_by_card,10,5,5,4
exp004-minilm-v2-n10-s55,10,55,0.75,0.7506493506493507,disposable_card_limits,10,8,2,0
exp004-minilm-v2-n10-s55,10,55,0.75,0.7506493506493507,compromised_card,10,5,5,0
exp004-minilm-v2-n10-s55,10,55,0.75,0.7506493506493507,atm_support,10,8,2,0
exp004-minilm-v2-n10-s55,10,55,0.75,0.7506493506493507,direct_debit_payment_not_recognised,10,7,3,0
exp004-minilm-v2-n10-s55,10,55,0.75,0.7506493506493507,passcode_forgotten,10,10,0,0
exp004-minilm-v2-n10-s55,10,55,0.75,0.7506493506493507,declined_cash_withdrawal,10,2,8,0
exp004-minilm-v2-n10-s55,10,55,0.75,0.7506493506493507,pending_card_payment,10,10,0,0
exp004-minilm-v2-n10-s55,10,55,0.75,0.7506493506493507,lost_or_stolen_phone,10,9,1,0
exp004-minilm-v2-n10-s55,10,55,0.75,0.7506493506493507,request_refund,10,8,2,1
exp004-minilm-v2-n10-s55,10,55,0.75,0.7506493506493507,declined_transfer,10,8,2,0
exp004-minilm-v2-n10-s55,10,55,0.75,0.7506493506493507,Refund_not_showing_up,10,9,1,1
exp004-minilm-v2-n10-s55,10,55,0.75,0.7506493506493507,declined_card_payment,10,3,7,0
exp004-minilm-v2-n10-s55,10,55,0.75,0.7506493506493507,pending_transfer,10,8,2,2
exp004-minilm-v2-n10-s55,10,55,0.75,0.7506493506493507,terminate_account,10,10,0,0
exp004-minilm-v2-n10-s55,10,55,0.75,0.7506493506493507,card_swallowed,10,7,3,0
exp004-minilm-v2-n10-s55,10,55,0.75,0.7506493506493507,transaction_charged_twice,10,9,1,0
exp004-minilm-v2-n10-s55,10,55,0.75,0.7506493506493507,verify_source_of_funds,10,10,0,0
exp004-minilm-v2-n10-s55,10,55,0.75,0.7506493506493507,transfer_timing,10,8,2,2
exp004-minilm-v2-n10-s55,10,55,0.75,0.7506493506493507,reverted_card_payment?,10,4,6,1
exp004-minilm-v2-n10-s55,10,55,0.75,0.7506493506493507,change_pin,10,10,0,0
exp004-minilm-v2-n10-s55,10,55,0.75,0.7506493506493507,beneficiary_not_allowed,10,9,1,3
exp004-minilm-v2-n10-s55,10,55,0.75,0.7506493506493507,transfer_fee_charged,10,8,2,1
exp004-minilm-v2-n10-s55,10,55,0.75,0.7506493506493507,receiving_money,10,2,8,0
exp004-minilm-v2-n10-s55,10,55,0.75,0.7506493506493507,failed_transfer,10,10,0,0
exp004-minilm-v2-n10-s55,10,55,0.75,0.7506493506493507,transfer_into_account,10,9,1,1
exp004-minilm-v2-n10-s55,10,55,0.75,0.7506493506493507,verify_top_up,10,9,1,0
exp004-minilm-v2-n10-s55,10,55,0.75,0.7506493506493507,getting_spare_card,10,5,5,0
exp004-minilm-v2-n10-s55,10,55,0.75,0.7506493506493507,top_up_by_cash_or_cheque,10,7,3,1
exp004-minilm-v2-n10-s55,10,55,0.75,0.7506493506493507,order_physical_card,10,4,6,0
exp004-minilm-v2-n10-s55,10,55,0.75,0.7506493506493507,virtual_card_not_working,10,9,1,1
exp004-minilm-v2-n10-s55,10,55,0.75,0.7506493506493507,wrong_exchange_rate_for_cash_withdrawal,10,9,1,4
exp004-minilm-v2-n10-s55,10,55,0.75,0.7506493506493507,get_disposable_virtual_card,10,10,0,2
exp004-minilm-v2-n10-s55,10,55,0.75,0.7506493506493507,top_up_failed,10,5,5,0
exp004-minilm-v2-n10-s55,10,55,0.75,0.7506493506493507,balance_not_updated_after_bank_transfer,10,5,5,2
exp004-minilm-v2-n10-s55,10,55,0.75,0.7506493506493507,cash_withdrawal_not_recognised,10,1,9,1
exp004-minilm-v2-n10-s55,10,55,0.75,0.7506493506493507,exchange_charge,10,9,1,0
exp004-minilm-v2-n10-s55,10,55,0.75,0.7506493506493507,top_up_by_card_charge,10,7,3,0
exp004-minilm-v2-n10-s55,10,55,0.75,0.7506493506493507,activate_my_card,10,10,0,0
exp004-minilm-v2-n10-s55,10,55,0.75,0.7506493506493507,cash_withdrawal_charge,10,9,1,1
exp004-minilm-v2-n10-s55,10,55,0.75,0.7506493506493507,card_about_to_expire,10,9,1,0
exp004-minilm-v2-n10-s55,10,55,0.75,0.7506493506493507,apple_pay_or_google_pay,10,6,4,0
exp004-minilm-v2-n10-s55,10,55,0.75,0.7506493506493507,verify_my_identity,10,9,1,2
exp004-minilm-v2-n10-s55,10,55,0.75,0.7506493506493507,country_support,10,6,4,0
exp004-minilm-v2-n10-s55,10,55,0.9,0.9,card_arrival,10,10,0,2
exp004-minilm-v2-n10-s55,10,55,0.9,0.9,card_linking,10,10,0,4
exp004-minilm-v2-n10-s55,10,55,0.9,0.9,exchange_rate,10,10,0,1
exp004-minilm-v2-n10-s55,10,55,0.9,0.9,card_payment_wrong_exchange_rate,10,10,0,2
exp004-minilm-v2-n10-s55,10,55,0.9,0.9,extra_charge_on_statement,10,9,1,1
exp004-minilm-v2-n10-s55,10,55,0.9,0.9,pending_cash_withdrawal,10,10,0,1
exp004-minilm-v2-n10-s55,10,55,0.9,0.9,fiat_currency_support,10,9,1,0
exp004-minilm-v2-n10-s55,10,55,0.9,0.9,card_delivery_estimate,10,9,1,0
exp004-minilm-v2-n10-s55,10,55,0.9,0.9,automatic_top_up,10,10,0,2
exp004-minilm-v2-n10-s55,10,55,0.9,0.9,card_not_working,10,10,0,2
exp004-minilm-v2-n10-s55,10,55,0.9,0.9,exchange_via_app,10,10,0,0
exp004-minilm-v2-n10-s55,10,55,0.9,0.9,lost_or_stolen_card,10,9,1,0
exp004-minilm-v2-n10-s55,10,55,0.9,0.9,age_limit,10,10,0,0
exp004-minilm-v2-n10-s55,10,55,0.9,0.9,pin_blocked,10,10,0,1
exp004-minilm-v2-n10-s55,10,55,0.9,0.9,contactless_not_working,10,7,3,0
exp004-minilm-v2-n10-s55,10,55,0.9,0.9,top_up_by_bank_transfer_charge,10,6,4,1
exp004-minilm-v2-n10-s55,10,55,0.9,0.9,pending_top_up,10,9,1,2
exp004-minilm-v2-n10-s55,10,55,0.9,0.9,cancel_transfer,10,10,0,0
exp004-minilm-v2-n10-s55,10,55,0.9,0.9,top_up_limits,10,9,1,0
exp004-minilm-v2-n10-s55,10,55,0.9,0.9,wrong_amount_of_cash_received,10,7,3,3
exp004-minilm-v2-n10-s55,10,55,0.9,0.9,card_payment_fee_charged,10,10,0,2
exp004-minilm-v2-n10-s55,10,55,0.9,0.9,transfer_not_received_by_recipient,10,9,1,6
exp004-minilm-v2-n10-s55,10,55,0.9,0.9,supported_cards_and_currencies,10,9,1,8
exp004-minilm-v2-n10-s55,10,55,0.9,0.9,getting_virtual_card,10,10,0,0
exp004-minilm-v2-n10-s55,10,55,0.9,0.9,card_acceptance,10,7,3,1
exp004-minilm-v2-n10-s55,10,55,0.9,0.9,top_up_reverted,10,7,3,3
exp004-minilm-v2-n10-s55,10,55,0.9,0.9,balance_not_updated_after_cheque_or_cash_deposit,10,10,0,0
exp004-minilm-v2-n10-s55,10,55,0.9,0.9,card_payment_not_recognised,10,7,3,0
exp004-minilm-v2-n10-s55,10,55,0.9,0.9,edit_personal_details,10,10,0,0
exp004-minilm-v2-n10-s55,10,55,0.9,0.9,why_verify_identity,10,10,0,3
exp004-minilm-v2-n10-s55,10,55,0.9,0.9,unable_to_verify_identity,10,10,0,3
exp004-minilm-v2-n10-s55,10,55,0.9,0.9,get_physical_card,10,10,0,1
exp004-minilm-v2-n10-s55,10,55,0.9,0.9,visa_or_mastercard,10,9,1,0
exp004-minilm-v2-n10-s55,10,55,0.9,0.9,topping_up_by_card,10,9,1,5
exp004-minilm-v2-n10-s55,10,55,0.9,0.9,disposable_card_limits,10,9,1,0
exp004-minilm-v2-n10-s55,10,55,0.9,0.9,compromised_card,10,6,4,0
exp004-minilm-v2-n10-s55,10,55,0.9,0.9,atm_support,10,9,1,0
exp004-minilm-v2-n10-s55,10,55,0.9,0.9,direct_debit_payment_not_recognised,10,9,1,2
exp004-minilm-v2-n10-s55,10,55,0.9,0.9,passcode_forgotten,10,10,0,0
exp004-minilm-v2-n10-s55,10,55,0.9,0.9,declined_cash_withdrawal,10,9,1,4
exp004-minilm-v2-n10-s55,10,55,0.9,0.9,pending_card_payment,10,10,0,0
exp004-minilm-v2-n10-s55,10,55,0.9,0.9,lost_or_stolen_phone,10,10,0,1
exp004-minilm-v2-n10-s55,10,55,0.9,0.9,request_refund,10,9,1,2
exp004-minilm-v2-n10-s55,10,55,0.9,0.9,declined_transfer,10,9,1,0
exp004-minilm-v2-n10-s55,10,55,0.9,0.9,Refund_not_showing_up,10,10,0,2
exp004-minilm-v2-n10-s55,10,55,0.9,0.9,declined_card_payment,10,6,4,0
exp004-minilm-v2-n10-s55,10,55,0.9,0.9,pending_transfer,10,10,0,4
exp004-minilm-v2-n10-s55,10,55,0.9,0.9,terminate_account,10,10,0,0
exp004-minilm-v2-n10-s55,10,55,0.9,0.9,card_swallowed,10,10,0,1
exp004-minilm-v2-n10-s55,10,55,0.9,0.9,transaction_charged_twice,10,9,1,0
exp004-minilm-v2-n10-s55,10,55,0.9,0.9,verify_source_of_funds,10,10,0,0
exp004-minilm-v2-n10-s55,10,55,0.9,0.9,transfer_timing,10,8,2,2
exp004-minilm-v2-n10-s55,10,55,0.9,0.9,reverted_card_payment?,10,6,4,1
exp004-minilm-v2-n10-s55,10,55,0.9,0.9,change_pin,10,10,0,0
exp004-minilm-v2-n10-s55,10,55,0.9,0.9,beneficiary_not_allowed,10,10,0,3
exp004-minilm-v2-n10-s55,10,55,0.9,0.9,transfer_fee_charged,10,9,1,1
exp004-minilm-v2-n10-s55,10,55,0.9,0.9,receiving_money,10,4,6,1
exp004-minilm-v2-n10-s55,10,55,0.9,0.9,failed_transfer,10,10,0,0
exp004-minilm-v2-n10-s55,10,55,0.9,0.9,transfer_into_account,10,10,0,1
exp004-minilm-v2-n10-s55,10,55,0.9,0.9,verify_top_up,10,10,0,0
exp004-minilm-v2-n10-s55,10,55,0.9,0.9,getting_spare_card,10,9,1,1
exp004-minilm-v2-n10-s55,10,55,0.9,0.9,top_up_by_cash_or_cheque,10,9,1,1
exp004-minilm-v2-n10-s55,10,55,0.9,0.9,order_physical_card,10,8,2,1
exp004-minilm-v2-n10-s55,10,55,0.9,0.9,virtual_card_not_working,10,9,1,1
exp004-minilm-v2-n10-s55,10,55,0.9,0.9,wrong_exchange_rate_for_cash_withdrawal,10,10,0,5
exp004-minilm-v2-n10-s55,10,55,0.9,0.9,get_disposable_virtual_card,10,10,0,2
exp004-minilm-v2-n10-s55,10,55,0.9,0.9,top_up_failed,10,6,4,1
exp004-minilm-v2-n10-s55,10,55,0.9,0.9,balance_not_updated_after_bank_transfer,10,7,3,2
exp004-minilm-v2-n10-s55,10,55,0.9,0.9,cash_withdrawal_not_recognised,10,6,4,4
exp004-minilm-v2-n10-s55,10,55,0.9,0.9,exchange_charge,10,10,0,0
exp004-minilm-v2-n10-s55,10,55,0.9,0.9,top_up_by_card_charge,10,10,0,0
exp004-minilm-v2-n10-s55,10,55,0.9,0.9,activate_my_card,10,10,0,0
exp004-minilm-v2-n10-s55,10,55,0.9,0.9,cash_withdrawal_charge,10,9,1,1
exp004-minilm-v2-n10-s55,10,55,0.9,0.9,card_about_to_expire,10,9,1,0
exp004-minilm-v2-n10-s55,10,55,0.9,0.9,apple_pay_or_google_pay,10,10,0,0
exp004-minilm-v2-n10-s55,10,55,0.9,0.9,verify_my_identity,10,9,1,2
exp004-minilm-v2-n10-s55,10,55,0.9,0.9,country_support,10,9,1,3
exp004-minilm-v2-n10-s55,10,55,1.0,1.0,card_arrival,10,10,0,2
exp004-minilm-v2-n10-s55,10,55,1.0,1.0,card_linking,10,10,0,4
exp004-minilm-v2-n10-s55,10,55,1.0,1.0,exchange_rate,10,10,0,1
exp004-minilm-v2-n10-s55,10,55,1.0,1.0,card_payment_wrong_exchange_rate,10,10,0,2
exp004-minilm-v2-n10-s55,10,55,1.0,1.0,extra_charge_on_statement,10,10,0,1
exp004-minilm-v2-n10-s55,10,55,1.0,1.0,pending_cash_withdrawal,10,10,0,1
exp004-minilm-v2-n10-s55,10,55,1.0,1.0,fiat_currency_support,10,10,0,0
exp004-minilm-v2-n10-s55,10,55,1.0,1.0,card_delivery_estimate,10,10,0,0
exp004-minilm-v2-n10-s55,10,55,1.0,1.0,automatic_top_up,10,10,0,2
exp004-minilm-v2-n10-s55,10,55,1.0,1.0,card_not_working,10,10,0,2
exp004-minilm-v2-n10-s55,10,55,1.0,1.0,exchange_via_app,10,10,0,0
exp004-minilm-v2-n10-s55,10,55,1.0,1.0,lost_or_stolen_card,10,10,0,1
exp004-minilm-v2-n10-s55,10,55,1.0,1.0,age_limit,10,10,0,0
exp004-minilm-v2-n10-s55,10,55,1.0,1.0,pin_blocked,10,10,0,1
exp004-minilm-v2-n10-s55,10,55,1.0,1.0,contactless_not_working,10,10,0,3
exp004-minilm-v2-n10-s55,10,55,1.0,1.0,top_up_by_bank_transfer_charge,10,10,0,3
exp004-minilm-v2-n10-s55,10,55,1.0,1.0,pending_top_up,10,10,0,3
exp004-minilm-v2-n10-s55,10,55,1.0,1.0,cancel_transfer,10,10,0,0
exp004-minilm-v2-n10-s55,10,55,1.0,1.0,top_up_limits,10,10,0,1
exp004-minilm-v2-n10-s55,10,55,1.0,1.0,wrong_amount_of_cash_received,10,10,0,5
exp004-minilm-v2-n10-s55,10,55,1.0,1.0,card_payment_fee_charged,10,10,0,2
exp004-minilm-v2-n10-s55,10,55,1.0,1.0,transfer_not_received_by_recipient,10,10,0,7
exp004-minilm-v2-n10-s55,10,55,1.0,1.0,supported_cards_and_currencies,10,10,0,8
exp004-minilm-v2-n10-s55,10,55,1.0,1.0,getting_virtual_card,10,10,0,0
exp004-minilm-v2-n10-s55,10,55,1.0,1.0,card_acceptance,10,10,0,2
exp004-minilm-v2-n10-s55,10,55,1.0,1.0,top_up_reverted,10,10,0,4
exp004-minilm-v2-n10-s55,10,55,1.0,1.0,balance_not_updated_after_cheque_or_cash_deposit,10,10,0,0
exp004-minilm-v2-n10-s55,10,55,1.0,1.0,card_payment_not_recognised,10,10,0,2
exp004-minilm-v2-n10-s55,10,55,1.0,1.0,edit_personal_details,10,10,0,0
exp004-minilm-v2-n10-s55,10,55,1.0,1.0,why_verify_identity,10,10,0,3
exp004-minilm-v2-n10-s55,10,55,1.0,1.0,unable_to_verify_identity,10,10,0,3
exp004-minilm-v2-n10-s55,10,55,1.0,1.0,get_physical_card,10,10,0,1
exp004-minilm-v2-n10-s55,10,55,1.0,1.0,visa_or_mastercard,10,10,0,1
exp004-minilm-v2-n10-s55,10,55,1.0,1.0,topping_up_by_card,10,10,0,5
exp004-minilm-v2-n10-s55,10,55,1.0,1.0,disposable_card_limits,10,10,0,0
exp004-minilm-v2-n10-s55,10,55,1.0,1.0,compromised_card,10,10,0,4
exp004-minilm-v2-n10-s55,10,55,1.0,1.0,atm_support,10,10,0,1
exp004-minilm-v2-n10-s55,10,55,1.0,1.0,direct_debit_payment_not_recognised,10,10,0,3
exp004-minilm-v2-n10-s55,10,55,1.0,1.0,passcode_forgotten,10,10,0,0
exp004-minilm-v2-n10-s55,10,55,1.0,1.0,declined_cash_withdrawal,10,10,0,5
exp004-minilm-v2-n10-s55,10,55,1.0,1.0,pending_card_payment,10,10,0,0
exp004-minilm-v2-n10-s55,10,55,1.0,1.0,lost_or_stolen_phone,10,10,0,1
exp004-minilm-v2-n10-s55,10,55,1.0,1.0,request_refund,10,10,0,2
exp004-minilm-v2-n10-s55,10,55,1.0,1.0,declined_transfer,10,10,0,1
exp004-minilm-v2-n10-s55,10,55,1.0,1.0,Refund_not_showing_up,10,10,0,2
exp004-minilm-v2-n10-s55,10,55,1.0,1.0,declined_card_payment,10,10,0,4
exp004-minilm-v2-n10-s55,10,55,1.0,1.0,pending_transfer,10,10,0,4
exp004-minilm-v2-n10-s55,10,55,1.0,1.0,terminate_account,10,10,0,0
exp004-minilm-v2-n10-s55,10,55,1.0,1.0,card_swallowed,10,10,0,1
exp004-minilm-v2-n10-s55,10,55,1.0,1.0,transaction_charged_twice,10,10,0,1
exp004-minilm-v2-n10-s55,10,55,1.0,1.0,verify_source_of_funds,10,10,0,0
exp004-minilm-v2-n10-s55,10,55,1.0,1.0,transfer_timing,10,10,0,3
exp004-minilm-v2-n10-s55,10,55,1.0,1.0,reverted_card_payment?,10,10,0,3
exp004-minilm-v2-n10-s55,10,55,1.0,1.0,change_pin,10,10,0,0
exp004-minilm-v2-n10-s55,10,55,1.0,1.0,beneficiary_not_allowed,10,10,0,3
exp004-minilm-v2-n10-s55,10,55,1.0,1.0,transfer_fee_charged,10,10,0,2
exp004-minilm-v2-n10-s55,10,55,1.0,1.0,receiving_money,10,10,0,4
exp004-minilm-v2-n10-s55,10,55,1.0,1.0,failed_transfer,10,10,0,0
exp004-minilm-v2-n10-s55,10,55,1.0,1.0,transfer_into_account,10,10,0,1
exp004-minilm-v2-n10-s55,10,55,1.0,1.0,verify_top_up,10,10,0,0
exp004-minilm-v2-n10-s55,10,55,1.0,1.0,getting_spare_card,10,10,0,1
exp004-minilm-v2-n10-s55,10,55,1.0,1.0,top_up_by_cash_or_cheque,10,10,0,1
exp004-minilm-v2-n10-s55,10,55,1.0,1.0,order_physical_card,10,10,0,2
exp004-minilm-v2-n10-s55,10,55,1.0,1.0,virtual_card_not_working,10,10,0,1
exp004-minilm-v2-n10-s55,10,55,1.0,1.0,wrong_exchange_rate_for_cash_withdrawal,10,10,0,5
exp004-minilm-v2-n10-s55,10,55,1.0,1.0,get_disposable_virtual_card,10,10,0,2
exp004-minilm-v2-n10-s55,10,55,1.0,1.0,top_up_failed,10,10,0,3
exp004-minilm-v2-n10-s55,10,55,1.0,1.0,balance_not_updated_after_bank_transfer,10,10,0,4
exp004-minilm-v2-n10-s55,10,55,1.0,1.0,cash_withdrawal_not_recognised,10,10,0,7
exp004-minilm-v2-n10-s55,10,55,1.0,1.0,exchange_charge,10,10,0,0
exp004-minilm-v2-n10-s55,10,55,1.0,1.0,top_up_by_card_charge,10,10,0,0
exp004-minilm-v2-n10-s55,10,55,1.0,1.0,activate_my_card,10,10,0,0
exp004-minilm-v2-n10-s55,10,55,1.0,1.0,cash_withdrawal_charge,10,10,0,2
exp004-minilm-v2-n10-s55,10,55,1.0,1.0,card_about_to_expire,10,10,0,0
exp004-minilm-v2-n10-s55,10,55,1.0,1.0,apple_pay_or_google_pay,10,10,0,0
exp004-minilm-v2-n10-s55,10,55,1.0,1.0,verify_my_identity,10,10,0,2
exp004-minilm-v2-n10-s55,10,55,1.0,1.0,country_support,10,10,0,4
exp004-minilm-v2-n20-s11,20,11,0.25,0.2506493506493506,card_arrival,10,0,10,0
exp004-minilm-v2-n20-s11,20,11,0.25,0.2506493506493506,card_linking,10,0,10,0
exp004-minilm-v2-n20-s11,20,11,0.25,0.2506493506493506,exchange_rate,10,8,2,0
exp004-minilm-v2-n20-s11,20,11,0.25,0.2506493506493506,card_payment_wrong_exchange_rate,10,3,7,0
exp004-minilm-v2-n20-s11,20,11,0.25,0.2506493506493506,extra_charge_on_statement,10,1,9,0
exp004-minilm-v2-n20-s11,20,11,0.25,0.2506493506493506,pending_cash_withdrawal,10,3,7,0
exp004-minilm-v2-n20-s11,20,11,0.25,0.2506493506493506,fiat_currency_support,10,4,6,0
exp004-minilm-v2-n20-s11,20,11,0.25,0.2506493506493506,card_delivery_estimate,10,2,8,0
exp004-minilm-v2-n20-s11,20,11,0.25,0.2506493506493506,automatic_top_up,10,7,3,0
exp004-minilm-v2-n20-s11,20,11,0.25,0.2506493506493506,card_not_working,10,1,9,0
exp004-minilm-v2-n20-s11,20,11,0.25,0.2506493506493506,exchange_via_app,10,3,7,0
exp004-minilm-v2-n20-s11,20,11,0.25,0.2506493506493506,lost_or_stolen_card,10,0,10,0
exp004-minilm-v2-n20-s11,20,11,0.25,0.2506493506493506,age_limit,10,10,0,0
exp004-minilm-v2-n20-s11,20,11,0.25,0.2506493506493506,pin_blocked,10,2,8,0
exp004-minilm-v2-n20-s11,20,11,0.25,0.2506493506493506,contactless_not_working,10,3,7,0
exp004-minilm-v2-n20-s11,20,11,0.25,0.2506493506493506,top_up_by_bank_transfer_charge,10,0,10,0
exp004-minilm-v2-n20-s11,20,11,0.25,0.2506493506493506,pending_top_up,10,2,8,0
exp004-minilm-v2-n20-s11,20,11,0.25,0.2506493506493506,cancel_transfer,10,3,7,0
exp004-minilm-v2-n20-s11,20,11,0.25,0.2506493506493506,top_up_limits,10,6,4,0
exp004-minilm-v2-n20-s11,20,11,0.25,0.2506493506493506,wrong_amount_of_cash_received,10,0,10,0
exp004-minilm-v2-n20-s11,20,11,0.25,0.2506493506493506,card_payment_fee_charged,10,1,9,0
exp004-minilm-v2-n20-s11,20,11,0.25,0.2506493506493506,transfer_not_received_by_recipient,10,0,10,0
exp004-minilm-v2-n20-s11,20,11,0.25,0.2506493506493506,supported_cards_and_currencies,10,0,10,0
exp004-minilm-v2-n20-s11,20,11,0.25,0.2506493506493506,getting_virtual_card,10,5,5,0
exp004-minilm-v2-n20-s11,20,11,0.25,0.2506493506493506,card_acceptance,10,0,10,0
exp004-minilm-v2-n20-s11,20,11,0.25,0.2506493506493506,top_up_reverted,10,0,10,0
exp004-minilm-v2-n20-s11,20,11,0.25,0.2506493506493506,balance_not_updated_after_cheque_or_cash_deposit,10,2,8,0
exp004-minilm-v2-n20-s11,20,11,0.25,0.2506493506493506,card_payment_not_recognised,10,0,10,0
exp004-minilm-v2-n20-s11,20,11,0.25,0.2506493506493506,edit_personal_details,10,4,6,0
exp004-minilm-v2-n20-s11,20,11,0.25,0.2506493506493506,why_verify_identity,10,2,8,0
exp004-minilm-v2-n20-s11,20,11,0.25,0.2506493506493506,unable_to_verify_identity,10,0,10,0
exp004-minilm-v2-n20-s11,20,11,0.25,0.2506493506493506,get_physical_card,10,2,8,0
exp004-minilm-v2-n20-s11,20,11,0.25,0.2506493506493506,visa_or_mastercard,10,7,3,0
exp004-minilm-v2-n20-s11,20,11,0.25,0.2506493506493506,topping_up_by_card,10,0,10,0
exp004-minilm-v2-n20-s11,20,11,0.25,0.2506493506493506,disposable_card_limits,10,8,2,0
exp004-minilm-v2-n20-s11,20,11,0.25,0.2506493506493506,compromised_card,10,0,10,0
exp004-minilm-v2-n20-s11,20,11,0.25,0.2506493506493506,atm_support,10,6,4,0
exp004-minilm-v2-n20-s11,20,11,0.25,0.2506493506493506,direct_debit_payment_not_recognised,10,1,9,0
exp004-minilm-v2-n20-s11,20,11,0.25,0.2506493506493506,passcode_forgotten,10,8,2,0
exp004-minilm-v2-n20-s11,20,11,0.25,0.2506493506493506,declined_cash_withdrawal,10,0,10,0
exp004-minilm-v2-n20-s11,20,11,0.25,0.2506493506493506,pending_card_payment,10,4,6,0
exp004-minilm-v2-n20-s11,20,11,0.25,0.2506493506493506,lost_or_stolen_phone,10,6,4,0
exp004-minilm-v2-n20-s11,20,11,0.25,0.2506493506493506,request_refund,10,4,6,1
exp004-minilm-v2-n20-s11,20,11,0.25,0.2506493506493506,declined_transfer,10,0,10,0
exp004-minilm-v2-n20-s11,20,11,0.25,0.2506493506493506,Refund_not_showing_up,10,4,6,0
exp004-minilm-v2-n20-s11,20,11,0.25,0.2506493506493506,declined_card_payment,10,0,10,0
exp004-minilm-v2-n20-s11,20,11,0.25,0.2506493506493506,pending_transfer,10,0,10,0
exp004-minilm-v2-n20-s11,20,11,0.25,0.2506493506493506,terminate_account,10,8,2,0
exp004-minilm-v2-n20-s11,20,11,0.25,0.2506493506493506,card_swallowed,10,1,9,0
exp004-minilm-v2-n20-s11,20,11,0.25,0.2506493506493506,transaction_charged_twice,10,5,5,0
exp004-minilm-v2-n20-s11,20,11,0.25,0.2506493506493506,verify_source_of_funds,10,7,3,0
exp004-minilm-v2-n20-s11,20,11,0.25,0.2506493506493506,transfer_timing,10,1,9,0
exp004-minilm-v2-n20-s11,20,11,0.25,0.2506493506493506,reverted_card_payment?,10,0,10,0
exp004-minilm-v2-n20-s11,20,11,0.25,0.2506493506493506,change_pin,10,7,3,0
exp004-minilm-v2-n20-s11,20,11,0.25,0.2506493506493506,beneficiary_not_allowed,10,0,10,0
exp004-minilm-v2-n20-s11,20,11,0.25,0.2506493506493506,transfer_fee_charged,10,0,10,0
exp004-minilm-v2-n20-s11,20,11,0.25,0.2506493506493506,receiving_money,10,1,9,0
exp004-minilm-v2-n20-s11,20,11,0.25,0.2506493506493506,failed_transfer,10,2,8,0
exp004-minilm-v2-n20-s11,20,11,0.25,0.2506493506493506,transfer_into_account,10,3,7,0
exp004-minilm-v2-n20-s11,20,11,0.25,0.2506493506493506,verify_top_up,10,6,4,0
exp004-minilm-v2-n20-s11,20,11,0.25,0.2506493506493506,getting_spare_card,10,0,10,0
exp004-minilm-v2-n20-s11,20,11,0.25,0.2506493506493506,top_up_by_cash_or_cheque,10,2,8,0
exp004-minilm-v2-n20-s11,20,11,0.25,0.2506493506493506,order_physical_card,10,0,10,0
exp004-minilm-v2-n20-s11,20,11,0.25,0.2506493506493506,virtual_card_not_working,10,4,6,0
exp004-minilm-v2-n20-s11,20,11,0.25,0.2506493506493506,wrong_exchange_rate_for_cash_withdrawal,10,0,10,0
exp004-minilm-v2-n20-s11,20,11,0.25,0.2506493506493506,get_disposable_virtual_card,10,2,8,0
exp004-minilm-v2-n20-s11,20,11,0.25,0.2506493506493506,top_up_failed,10,0,10,0
exp004-minilm-v2-n20-s11,20,11,0.25,0.2506493506493506,balance_not_updated_after_bank_transfer,10,0,10,0
exp004-minilm-v2-n20-s11,20,11,0.25,0.2506493506493506,cash_withdrawal_not_recognised,10,0,10,0
exp004-minilm-v2-n20-s11,20,11,0.25,0.2506493506493506,exchange_charge,10,1,9,0
exp004-minilm-v2-n20-s11,20,11,0.25,0.2506493506493506,top_up_by_card_charge,10,0,10,0
exp004-minilm-v2-n20-s11,20,11,0.25,0.2506493506493506,activate_my_card,10,7,3,0
exp004-minilm-v2-n20-s11,20,11,0.25,0.2506493506493506,cash_withdrawal_charge,10,0,10,0
exp004-minilm-v2-n20-s11,20,11,0.25,0.2506493506493506,card_about_to_expire,10,1,9,0
exp004-minilm-v2-n20-s11,20,11,0.25,0.2506493506493506,apple_pay_or_google_pay,10,4,6,0
exp004-minilm-v2-n20-s11,20,11,0.25,0.2506493506493506,verify_my_identity,10,5,5,0
exp004-minilm-v2-n20-s11,20,11,0.25,0.2506493506493506,country_support,10,4,6,0
exp004-minilm-v2-n20-s11,20,11,0.5,0.5,card_arrival,10,0,10,0
exp004-minilm-v2-n20-s11,20,11,0.5,0.5,card_linking,10,2,8,0
exp004-minilm-v2-n20-s11,20,11,0.5,0.5,exchange_rate,10,9,1,0
exp004-minilm-v2-n20-s11,20,11,0.5,0.5,card_payment_wrong_exchange_rate,10,4,6,0
exp004-minilm-v2-n20-s11,20,11,0.5,0.5,extra_charge_on_statement,10,5,5,0
exp004-minilm-v2-n20-s11,20,11,0.5,0.5,pending_cash_withdrawal,10,6,4,0
exp004-minilm-v2-n20-s11,20,11,0.5,0.5,fiat_currency_support,10,6,4,0
exp004-minilm-v2-n20-s11,20,11,0.5,0.5,card_delivery_estimate,10,6,4,0
exp004-minilm-v2-n20-s11,20,11,0.5,0.5,automatic_top_up,10,9,1,2
exp004-minilm-v2-n20-s11,20,11,0.5,0.5,card_not_working,10,4,6,0
exp004-minilm-v2-n20-s11,20,11,0.5,0.5,exchange_via_app,10,5,5,0
exp004-minilm-v2-n20-s11,20,11,0.5,0.5,lost_or_stolen_card,10,2,8,0
exp004-minilm-v2-n20-s11,20,11,0.5,0.5,age_limit,10,10,0,0
exp004-minilm-v2-n20-s11,20,11,0.5,0.5,pin_blocked,10,6,4,0
exp004-minilm-v2-n20-s11,20,11,0.5,0.5,contactless_not_working,10,4,6,0
exp004-minilm-v2-n20-s11,20,11,0.5,0.5,top_up_by_bank_transfer_charge,10,5,5,0
exp004-minilm-v2-n20-s11,20,11,0.5,0.5,pending_top_up,10,5,5,1
exp004-minilm-v2-n20-s11,20,11,0.5,0.5,cancel_transfer,10,4,6,0
exp004-minilm-v2-n20-s11,20,11,0.5,0.5,top_up_limits,10,7,3,0
exp004-minilm-v2-n20-s11,20,11,0.5,0.5,wrong_amount_of_cash_received,10,1,9,0
exp004-minilm-v2-n20-s11,20,11,0.5,0.5,card_payment_fee_charged,10,4,6,0
exp004-minilm-v2-n20-s11,20,11,0.5,0.5,transfer_not_received_by_recipient,10,1,9,0
exp004-minilm-v2-n20-s11,20,11,0.5,0.5,supported_cards_and_currencies,10,0,10,0
exp004-minilm-v2-n20-s11,20,11,0.5,0.5,getting_virtual_card,10,8,2,0
exp004-minilm-v2-n20-s11,20,11,0.5,0.5,card_acceptance,10,2,8,0
exp004-minilm-v2-n20-s11,20,11,0.5,0.5,top_up_reverted,10,3,7,1
exp004-minilm-v2-n20-s11,20,11,0.5,0.5,balance_not_updated_after_cheque_or_cash_deposit,10,5,5,0
exp004-minilm-v2-n20-s11,20,11,0.5,0.5,card_payment_not_recognised,10,2,8,0
exp004-minilm-v2-n20-s11,20,11,0.5,0.5,edit_personal_details,10,7,3,0
exp004-minilm-v2-n20-s11,20,11,0.5,0.5,why_verify_identity,10,7,3,0
exp004-minilm-v2-n20-s11,20,11,0.5,0.5,unable_to_verify_identity,10,5,5,1
exp004-minilm-v2-n20-s11,20,11,0.5,0.5,get_physical_card,10,8,2,0
exp004-minilm-v2-n20-s11,20,11,0.5,0.5,visa_or_mastercard,10,9,1,0
exp004-minilm-v2-n20-s11,20,11,0.5,0.5,topping_up_by_card,10,0,10,0
exp004-minilm-v2-n20-s11,20,11,0.5,0.5,disposable_card_limits,10,8,2,0
exp004-minilm-v2-n20-s11,20,11,0.5,0.5,compromised_card,10,1,9,0
exp004-minilm-v2-n20-s11,20,11,0.5,0.5,atm_support,10,8,2,0
exp004-minilm-v2-n20-s11,20,11,0.5,0.5,direct_debit_payment_not_recognised,10,3,7,0
exp004-minilm-v2-n20-s11,20,11,0.5,0.5,passcode_forgotten,10,9,1,0
exp004-minilm-v2-n20-s11,20,11,0.5,0.5,declined_cash_withdrawal,10,2,8,0
exp004-minilm-v2-n20-s11,20,11,0.5,0.5,pending_card_payment,10,9,1,0
exp004-minilm-v2-n20-s11,20,11,0.5,0.5,lost_or_stolen_phone,10,9,1,0
exp004-minilm-v2-n20-s11,20,11,0.5,0.5,request_refund,10,7,3,3
exp004-minilm-v2-n20-s11,20,11,0.5,0.5,declined_transfer,10,7,3,0
exp004-minilm-v2-n20-s11,20,11,0.5,0.5,Refund_not_showing_up,10,6,4,0
exp004-minilm-v2-n20-s11,20,11,0.5,0.5,declined_card_payment,10,1,9,0
exp004-minilm-v2-n20-s11,20,11,0.5,0.5,pending_transfer,10,4,6,0
exp004-minilm-v2-n20-s11,20,11,0.5,0.5,terminate_account,10,10,0,0
exp004-minilm-v2-n20-s11,20,11,0.5,0.5,card_swallowed,10,6,4,0
exp004-minilm-v2-n20-s11,20,11,0.5,0.5,transaction_charged_twice,10,6,4,0
exp004-minilm-v2-n20-s11,20,11,0.5,0.5,verify_source_of_funds,10,8,2,0
exp004-minilm-v2-n20-s11,20,11,0.5,0.5,transfer_timing,10,2,8,0
exp004-minilm-v2-n20-s11,20,11,0.5,0.5,reverted_card_payment?,10,3,7,1
exp004-minilm-v2-n20-s11,20,11,0.5,0.5,change_pin,10,8,2,0
exp004-minilm-v2-n20-s11,20,11,0.5,0.5,beneficiary_not_allowed,10,0,10,0
exp004-minilm-v2-n20-s11,20,11,0.5,0.5,transfer_fee_charged,10,2,8,0
exp004-minilm-v2-n20-s11,20,11,0.5,0.5,receiving_money,10,1,9,0
exp004-minilm-v2-n20-s11,20,11,0.5,0.5,failed_transfer,10,7,3,0
exp004-minilm-v2-n20-s11,20,11,0.5,0.5,transfer_into_account,10,6,4,0
exp004-minilm-v2-n20-s11,20,11,0.5,0.5,verify_top_up,10,8,2,0
exp004-minilm-v2-n20-s11,20,11,0.5,0.5,getting_spare_card,10,2,8,0
exp004-minilm-v2-n20-s11,20,11,0.5,0.5,top_up_by_cash_or_cheque,10,4,6,0
exp004-minilm-v2-n20-s11,20,11,0.5,0.5,order_physical_card,10,3,7,0
exp004-minilm-v2-n20-s11,20,11,0.5,0.5,virtual_card_not_working,10,6,4,0
exp004-minilm-v2-n20-s11,20,11,0.5,0.5,wrong_exchange_rate_for_cash_withdrawal,10,5,5,2
exp004-minilm-v2-n20-s11,20,11,0.5,0.5,get_disposable_virtual_card,10,9,1,0
exp004-minilm-v2-n20-s11,20,11,0.5,0.5,top_up_failed,10,4,6,0
exp004-minilm-v2-n20-s11,20,11,0.5,0.5,balance_not_updated_after_bank_transfer,10,0,10,0
exp004-minilm-v2-n20-s11,20,11,0.5,0.5,cash_withdrawal_not_recognised,10,0,10,0
exp004-minilm-v2-n20-s11,20,11,0.5,0.5,exchange_charge,10,8,2,0
exp004-minilm-v2-n20-s11,20,11,0.5,0.5,top_up_by_card_charge,10,3,7,0
exp004-minilm-v2-n20-s11,20,11,0.5,0.5,activate_my_card,10,9,1,0
exp004-minilm-v2-n20-s11,20,11,0.5,0.5,cash_withdrawal_charge,10,2,8,0
exp004-minilm-v2-n20-s11,20,11,0.5,0.5,card_about_to_expire,10,8,2,0
exp004-minilm-v2-n20-s11,20,11,0.5,0.5,apple_pay_or_google_pay,10,6,4,0
exp004-minilm-v2-n20-s11,20,11,0.5,0.5,verify_my_identity,10,7,3,1
exp004-minilm-v2-n20-s11,20,11,0.5,0.5,country_support,10,7,3,0
exp004-minilm-v2-n20-s11,20,11,0.75,0.7506493506493507,card_arrival,10,1,9,0
exp004-minilm-v2-n20-s11,20,11,0.75,0.7506493506493507,card_linking,10,7,3,0
exp004-minilm-v2-n20-s11,20,11,0.75,0.7506493506493507,exchange_rate,10,9,1,0
exp004-minilm-v2-n20-s11,20,11,0.75,0.7506493506493507,card_payment_wrong_exchange_rate,10,9,1,0
exp004-minilm-v2-n20-s11,20,11,0.75,0.7506493506493507,extra_charge_on_statement,10,8,2,0
exp004-minilm-v2-n20-s11,20,11,0.75,0.7506493506493507,pending_cash_withdrawal,10,8,2,0
exp004-minilm-v2-n20-s11,20,11,0.75,0.7506493506493507,fiat_currency_support,10,8,2,0
exp004-minilm-v2-n20-s11,20,11,0.75,0.7506493506493507,card_delivery_estimate,10,8,2,0
exp004-minilm-v2-n20-s11,20,11,0.75,0.7506493506493507,automatic_top_up,10,10,0,2
exp004-minilm-v2-n20-s11,20,11,0.75,0.7506493506493507,card_not_working,10,8,2,2
exp004-minilm-v2-n20-s11,20,11,0.75,0.7506493506493507,exchange_via_app,10,7,3,0
exp004-minilm-v2-n20-s11,20,11,0.75,0.7506493506493507,lost_or_stolen_card,10,8,2,0
exp004-minilm-v2-n20-s11,20,11,0.75,0.7506493506493507,age_limit,10,10,0,0
exp004-minilm-v2-n20-s11,20,11,0.75,0.7506493506493507,pin_blocked,10,10,0,1
exp004-minilm-v2-n20-s11,20,11,0.75,0.7506493506493507,contactless_not_working,10,7,3,0
exp004-minilm-v2-n20-s11,20,11,0.75,0.7506493506493507,top_up_by_bank_transfer_charge,10,5,5,0
exp004-minilm-v2-n20-s11,20,11,0.75,0.7506493506493507,pending_top_up,10,8,2,3
exp004-minilm-v2-n20-s11,20,11,0.75,0.7506493506493507,cancel_transfer,10,6,4,0
exp004-minilm-v2-n20-s11,20,11,0.75,0.7506493506493507,top_up_limits,10,8,2,0
exp004-minilm-v2-n20-s11,20,11,0.75,0.7506493506493507,wrong_amount_of_cash_received,10,7,3,2
exp004-minilm-v2-n20-s11,20,11,0.75,0.7506493506493507,card_payment_fee_charged,10,8,2,0
exp004-minilm-v2-n20-s11,20,11,0.75,0.7506493506493507,transfer_not_received_by_recipient,10,3,7,1
exp004-minilm-v2-n20-s11,20,11,0.75,0.7506493506493507,supported_cards_and_currencies,10,6,4,4
exp004-minilm-v2-n20-s11,20,11,0.75,0.7506493506493507,getting_virtual_card,10,10,0,1
exp004-minilm-v2-n20-s11,20,11,0.75,0.7506493506493507,card_acceptance,10,7,3,1
exp004-minilm-v2-n20-s11,20,11,0.75,0.7506493506493507,top_up_reverted,10,5,5,2
exp004-minilm-v2-n20-s11,20,11,0.75,0.7506493506493507,balance_not_updated_after_cheque_or_cash_deposit,10,10,0,0
exp004-minilm-v2-n20-s11,20,11,0.75,0.7506493506493507,card_payment_not_recognised,10,6,4,0
exp004-minilm-v2-n20-s11,20,11,0.75,0.7506493506493507,edit_personal_details,10,8,2,0
exp004-minilm-v2-n20-s11,20,11,0.75,0.7506493506493507,why_verify_identity,10,10,0,1
exp004-minilm-v2-n20-s11,20,11,0.75,0.7506493506493507,unable_to_verify_identity,10,9,1,2
exp004-minilm-v2-n20-s11,20,11,0.75,0.7506493506493507,get_physical_card,10,9,1,0
exp004-minilm-v2-n20-s11,20,11,0.75,0.7506493506493507,visa_or_mastercard,10,9,1,0
exp004-minilm-v2-n20-s11,20,11,0.75,0.7506493506493507,topping_up_by_card,10,5,5,1
exp004-minilm-v2-n20-s11,20,11,0.75,0.7506493506493507,disposable_card_limits,10,8,2,0
exp004-minilm-v2-n20-s11,20,11,0.75,0.7506493506493507,compromised_card,10,6,4,0
exp004-minilm-v2-n20-s11,20,11,0.75,0.7506493506493507,atm_support,10,9,1,0
exp004-minilm-v2-n20-s11,20,11,0.75,0.7506493506493507,direct_debit_payment_not_recognised,10,7,3,0
exp004-minilm-v2-n20-s11,20,11,0.75,0.7506493506493507,passcode_forgotten,10,10,0,0
exp004-minilm-v2-n20-s11,20,11,0.75,0.7506493506493507,declined_cash_withdrawal,10,3,7,0
exp004-minilm-v2-n20-s11,20,11,0.75,0.7506493506493507,pending_card_payment,10,10,0,0
exp004-minilm-v2-n20-s11,20,11,0.75,0.7506493506493507,lost_or_stolen_phone,10,9,1,0
exp004-minilm-v2-n20-s11,20,11,0.75,0.7506493506493507,request_refund,10,9,1,3
exp004-minilm-v2-n20-s11,20,11,0.75,0.7506493506493507,declined_transfer,10,8,2,0
exp004-minilm-v2-n20-s11,20,11,0.75,0.7506493506493507,Refund_not_showing_up,10,10,0,1
exp004-minilm-v2-n20-s11,20,11,0.75,0.7506493506493507,declined_card_payment,10,3,7,0
exp004-minilm-v2-n20-s11,20,11,0.75,0.7506493506493507,pending_transfer,10,9,1,2
exp004-minilm-v2-n20-s11,20,11,0.75,0.7506493506493507,terminate_account,10,10,0,0
exp004-minilm-v2-n20-s11,20,11,0.75,0.7506493506493507,card_swallowed,10,7,3,0
exp004-minilm-v2-n20-s11,20,11,0.75,0.7506493506493507,transaction_charged_twice,10,8,2,0
exp004-minilm-v2-n20-s11,20,11,0.75,0.7506493506493507,verify_source_of_funds,10,10,0,0
exp004-minilm-v2-n20-s11,20,11,0.75,0.7506493506493507,transfer_timing,10,6,4,0
exp004-minilm-v2-n20-s11,20,11,0.75,0.7506493506493507,reverted_card_payment?,10,4,6,1
exp004-minilm-v2-n20-s11,20,11,0.75,0.7506493506493507,change_pin,10,10,0,1
exp004-minilm-v2-n20-s11,20,11,0.75,0.7506493506493507,beneficiary_not_allowed,10,4,6,2
exp004-minilm-v2-n20-s11,20,11,0.75,0.7506493506493507,transfer_fee_charged,10,7,3,1
exp004-minilm-v2-n20-s11,20,11,0.75,0.7506493506493507,receiving_money,10,3,7,0
exp004-minilm-v2-n20-s11,20,11,0.75,0.7506493506493507,failed_transfer,10,9,1,0
exp004-minilm-v2-n20-s11,20,11,0.75,0.7506493506493507,transfer_into_account,10,9,1,0
exp004-minilm-v2-n20-s11,20,11,0.75,0.7506493506493507,verify_top_up,10,8,2,0
exp004-minilm-v2-n20-s11,20,11,0.75,0.7506493506493507,getting_spare_card,10,5,5,0
exp004-minilm-v2-n20-s11,20,11,0.75,0.7506493506493507,top_up_by_cash_or_cheque,10,6,4,0
exp004-minilm-v2-n20-s11,20,11,0.75,0.7506493506493507,order_physical_card,10,6,4,0
exp004-minilm-v2-n20-s11,20,11,0.75,0.7506493506493507,virtual_card_not_working,10,9,1,0
exp004-minilm-v2-n20-s11,20,11,0.75,0.7506493506493507,wrong_exchange_rate_for_cash_withdrawal,10,7,3,3
exp004-minilm-v2-n20-s11,20,11,0.75,0.7506493506493507,get_disposable_virtual_card,10,9,1,0
exp004-minilm-v2-n20-s11,20,11,0.75,0.7506493506493507,top_up_failed,10,6,4,0
exp004-minilm-v2-n20-s11,20,11,0.75,0.7506493506493507,balance_not_updated_after_bank_transfer,10,3,7,2
exp004-minilm-v2-n20-s11,20,11,0.75,0.7506493506493507,cash_withdrawal_not_recognised,10,3,7,0
exp004-minilm-v2-n20-s11,20,11,0.75,0.7506493506493507,exchange_charge,10,9,1,0
exp004-minilm-v2-n20-s11,20,11,0.75,0.7506493506493507,top_up_by_card_charge,10,9,1,0
exp004-minilm-v2-n20-s11,20,11,0.75,0.7506493506493507,activate_my_card,10,10,0,0
exp004-minilm-v2-n20-s11,20,11,0.75,0.7506493506493507,cash_withdrawal_charge,10,8,2,1
exp004-minilm-v2-n20-s11,20,11,0.75,0.7506493506493507,card_about_to_expire,10,9,1,0
exp004-minilm-v2-n20-s11,20,11,0.75,0.7506493506493507,apple_pay_or_google_pay,10,7,3,0
exp004-minilm-v2-n20-s11,20,11,0.75,0.7506493506493507,verify_my_identity,10,9,1,2
exp004-minilm-v2-n20-s11,20,11,0.75,0.7506493506493507,country_support,10,10,0,0
exp004-minilm-v2-n20-s11,20,11,0.9,0.9,card_arrival,10,6,4,2
exp004-minilm-v2-n20-s11,20,11,0.9,0.9,card_linking,10,10,0,1
exp004-minilm-v2-n20-s11,20,11,0.9,0.9,exchange_rate,10,9,1,0
exp004-minilm-v2-n20-s11,20,11,0.9,0.9,card_payment_wrong_exchange_rate,10,10,0,0
exp004-minilm-v2-n20-s11,20,11,0.9,0.9,extra_charge_on_statement,10,10,0,2
exp004-minilm-v2-n20-s11,20,11,0.9,0.9,pending_cash_withdrawal,10,9,1,0
exp004-minilm-v2-n20-s11,20,11,0.9,0.9,fiat_currency_support,10,10,0,0
exp004-minilm-v2-n20-s11,20,11,0.9,0.9,card_delivery_estimate,10,9,1,0
exp004-minilm-v2-n20-s11,20,11,0.9,0.9,automatic_top_up,10,10,0,2
exp004-minilm-v2-n20-s11,20,11,0.9,0.9,card_not_working,10,10,0,2
exp004-minilm-v2-n20-s11,20,11,0.9,0.9,exchange_via_app,10,10,0,0
exp004-minilm-v2-n20-s11,20,11,0.9,0.9,lost_or_stolen_card,10,9,1,1
exp004-minilm-v2-n20-s11,20,11,0.9,0.9,age_limit,10,10,0,0
exp004-minilm-v2-n20-s11,20,11,0.9,0.9,pin_blocked,10,10,0,1
exp004-minilm-v2-n20-s11,20,11,0.9,0.9,contactless_not_working,10,7,3,0
exp004-minilm-v2-n20-s11,20,11,0.9,0.9,top_up_by_bank_transfer_charge,10,6,4,0
exp004-minilm-v2-n20-s11,20,11,0.9,0.9,pending_top_up,10,9,1,3
exp004-minilm-v2-n20-s11,20,11,0.9,0.9,cancel_transfer,10,7,3,0
exp004-minilm-v2-n20-s11,20,11,0.9,0.9,top_up_limits,10,9,1,0
exp004-minilm-v2-n20-s11,20,11,0.9,0.9,wrong_amount_of_cash_received,10,10,0,2
exp004-minilm-v2-n20-s11,20,11,0.9,0.9,card_payment_fee_charged,10,10,0,1
exp004-minilm-v2-n20-s11,20,11,0.9,0.9,transfer_not_received_by_recipient,10,9,1,7
exp004-minilm-v2-n20-s11,20,11,0.9,0.9,supported_cards_and_currencies,10,9,1,6
exp004-minilm-v2-n20-s11,20,11,0.9,0.9,getting_virtual_card,10,10,0,1
exp004-minilm-v2-n20-s11,20,11,0.9,0.9,card_acceptance,10,7,3,1
exp004-minilm-v2-n20-s11,20,11,0.9,0.9,top_up_reverted,10,7,3,3
exp004-minilm-v2-n20-s11,20,11,0.9,0.9,balance_not_updated_after_cheque_or_cash_deposit,10,10,0,0
exp004-minilm-v2-n20-s11,20,11,0.9,0.9,card_payment_not_recognised,10,8,2,1
exp004-minilm-v2-n20-s11,20,11,0.9,0.9,edit_personal_details,10,9,1,0
exp004-minilm-v2-n20-s11,20,11,0.9,0.9,why_verify_identity,10,10,0,1
exp004-minilm-v2-n20-s11,20,11,0.9,0.9,unable_to_verify_identity,10,10,0,2
exp004-minilm-v2-n20-s11,20,11,0.9,0.9,get_physical_card,10,9,1,0
exp004-minilm-v2-n20-s11,20,11,0.9,0.9,visa_or_mastercard,10,9,1,0
exp004-minilm-v2-n20-s11,20,11,0.9,0.9,topping_up_by_card,10,8,2,4
exp004-minilm-v2-n20-s11,20,11,0.9,0.9,disposable_card_limits,10,8,2,0
exp004-minilm-v2-n20-s11,20,11,0.9,0.9,compromised_card,10,10,0,0
exp004-minilm-v2-n20-s11,20,11,0.9,0.9,atm_support,10,9,1,0
exp004-minilm-v2-n20-s11,20,11,0.9,0.9,direct_debit_payment_not_recognised,10,9,1,1
exp004-minilm-v2-n20-s11,20,11,0.9,0.9,passcode_forgotten,10,10,0,0
exp004-minilm-v2-n20-s11,20,11,0.9,0.9,declined_cash_withdrawal,10,10,0,6
exp004-minilm-v2-n20-s11,20,11,0.9,0.9,pending_card_payment,10,10,0,0
exp004-minilm-v2-n20-s11,20,11,0.9,0.9,lost_or_stolen_phone,10,10,0,1
exp004-minilm-v2-n20-s11,20,11,0.9,0.9,request_refund,10,9,1,3
exp004-minilm-v2-n20-s11,20,11,0.9,0.9,declined_transfer,10,9,1,0
exp004-minilm-v2-n20-s11,20,11,0.9,0.9,Refund_not_showing_up,10,10,0,1
exp004-minilm-v2-n20-s11,20,11,0.9,0.9,declined_card_payment,10,5,5,0
exp004-minilm-v2-n20-s11,20,11,0.9,0.9,pending_transfer,10,10,0,3
exp004-minilm-v2-n20-s11,20,11,0.9,0.9,terminate_account,10,10,0,0
exp004-minilm-v2-n20-s11,20,11,0.9,0.9,card_swallowed,10,10,0,1
exp004-minilm-v2-n20-s11,20,11,0.9,0.9,transaction_charged_twice,10,9,1,0
exp004-minilm-v2-n20-s11,20,11,0.9,0.9,verify_source_of_funds,10,10,0,0
exp004-minilm-v2-n20-s11,20,11,0.9,0.9,transfer_timing,10,7,3,0
exp004-minilm-v2-n20-s11,20,11,0.9,0.9,reverted_card_payment?,10,6,4,1
exp004-minilm-v2-n20-s11,20,11,0.9,0.9,change_pin,10,10,0,1
exp004-minilm-v2-n20-s11,20,11,0.9,0.9,beneficiary_not_allowed,10,8,2,2
exp004-minilm-v2-n20-s11,20,11,0.9,0.9,transfer_fee_charged,10,9,1,2
exp004-minilm-v2-n20-s11,20,11,0.9,0.9,receiving_money,10,8,2,0
exp004-minilm-v2-n20-s11,20,11,0.9,0.9,failed_transfer,10,10,0,0
exp004-minilm-v2-n20-s11,20,11,0.9,0.9,transfer_into_account,10,10,0,1
exp004-minilm-v2-n20-s11,20,11,0.9,0.9,verify_top_up,10,8,2,0
exp004-minilm-v2-n20-s11,20,11,0.9,0.9,getting_spare_card,10,9,1,1
exp004-minilm-v2-n20-s11,20,11,0.9,0.9,top_up_by_cash_or_cheque,10,8,2,0
exp004-minilm-v2-n20-s11,20,11,0.9,0.9,order_physical_card,10,8,2,1
exp004-minilm-v2-n20-s11,20,11,0.9,0.9,virtual_card_not_working,10,10,0,1
exp004-minilm-v2-n20-s11,20,11,0.9,0.9,wrong_exchange_rate_for_cash_withdrawal,10,9,1,4
exp004-minilm-v2-n20-s11,20,11,0.9,0.9,get_disposable_virtual_card,10,10,0,1
exp004-minilm-v2-n20-s11,20,11,0.9,0.9,top_up_failed,10,8,2,0
exp004-minilm-v2-n20-s11,20,11,0.9,0.9,balance_not_updated_after_bank_transfer,10,8,2,2
exp004-minilm-v2-n20-s11,20,11,0.9,0.9,cash_withdrawal_not_recognised,10,6,4,1
exp004-minilm-v2-n20-s11,20,11,0.9,0.9,exchange_charge,10,10,0,0
exp004-minilm-v2-n20-s11,20,11,0.9,0.9,top_up_by_card_charge,10,10,0,0
exp004-minilm-v2-n20-s11,20,11,0.9,0.9,activate_my_card,10,10,0,0
exp004-minilm-v2-n20-s11,20,11,0.9,0.9,cash_withdrawal_charge,10,10,0,2
exp004-minilm-v2-n20-s11,20,11,0.9,0.9,card_about_to_expire,10,9,1,0
exp004-minilm-v2-n20-s11,20,11,0.9,0.9,apple_pay_or_google_pay,10,10,0,0
exp004-minilm-v2-n20-s11,20,11,0.9,0.9,verify_my_identity,10,9,1,2
exp004-minilm-v2-n20-s11,20,11,0.9,0.9,country_support,10,10,0,0
exp004-minilm-v2-n20-s11,20,11,1.0,1.0,card_arrival,10,10,0,3
exp004-minilm-v2-n20-s11,20,11,1.0,1.0,card_linking,10,10,0,1
exp004-minilm-v2-n20-s11,20,11,1.0,1.0,exchange_rate,10,10,0,1
exp004-minilm-v2-n20-s11,20,11,1.0,1.0,card_payment_wrong_exchange_rate,10,10,0,0
exp004-minilm-v2-n20-s11,20,11,1.0,1.0,extra_charge_on_statement,10,10,0,2
exp004-minilm-v2-n20-s11,20,11,1.0,1.0,pending_cash_withdrawal,10,10,0,1
exp004-minilm-v2-n20-s11,20,11,1.0,1.0,fiat_currency_support,10,10,0,0
exp004-minilm-v2-n20-s11,20,11,1.0,1.0,card_delivery_estimate,10,10,0,1
exp004-minilm-v2-n20-s11,20,11,1.0,1.0,automatic_top_up,10,10,0,2
exp004-minilm-v2-n20-s11,20,11,1.0,1.0,card_not_working,10,10,0,2
exp004-minilm-v2-n20-s11,20,11,1.0,1.0,exchange_via_app,10,10,0,0
exp004-minilm-v2-n20-s11,20,11,1.0,1.0,lost_or_stolen_card,10,10,0,2
exp004-minilm-v2-n20-s11,20,11,1.0,1.0,age_limit,10,10,0,0
exp004-minilm-v2-n20-s11,20,11,1.0,1.0,pin_blocked,10,10,0,1
exp004-minilm-v2-n20-s11,20,11,1.0,1.0,contactless_not_working,10,10,0,3
exp004-minilm-v2-n20-s11,20,11,1.0,1.0,top_up_by_bank_transfer_charge,10,10,0,0
exp004-minilm-v2-n20-s11,20,11,1.0,1.0,pending_top_up,10,10,0,4
exp004-minilm-v2-n20-s11,20,11,1.0,1.0,cancel_transfer,10,10,0,0
exp004-minilm-v2-n20-s11,20,11,1.0,1.0,top_up_limits,10,10,0,1
exp004-minilm-v2-n20-s11,20,11,1.0,1.0,wrong_amount_of_cash_received,10,10,0,2
exp004-minilm-v2-n20-s11,20,11,1.0,1.0,card_payment_fee_charged,10,10,0,1
exp004-minilm-v2-n20-s11,20,11,1.0,1.0,transfer_not_received_by_recipient,10,10,0,8
exp004-minilm-v2-n20-s11,20,11,1.0,1.0,supported_cards_and_currencies,10,10,0,6
exp004-minilm-v2-n20-s11,20,11,1.0,1.0,getting_virtual_card,10,10,0,1
exp004-minilm-v2-n20-s11,20,11,1.0,1.0,card_acceptance,10,10,0,2
exp004-minilm-v2-n20-s11,20,11,1.0,1.0,top_up_reverted,10,10,0,3
exp004-minilm-v2-n20-s11,20,11,1.0,1.0,balance_not_updated_after_cheque_or_cash_deposit,10,10,0,0
exp004-minilm-v2-n20-s11,20,11,1.0,1.0,card_payment_not_recognised,10,10,0,2
exp004-minilm-v2-n20-s11,20,11,1.0,1.0,edit_personal_details,10,10,0,0
exp004-minilm-v2-n20-s11,20,11,1.0,1.0,why_verify_identity,10,10,0,1
exp004-minilm-v2-n20-s11,20,11,1.0,1.0,unable_to_verify_identity,10,10,0,2
exp004-minilm-v2-n20-s11,20,11,1.0,1.0,get_physical_card,10,10,0,1
exp004-minilm-v2-n20-s11,20,11,1.0,1.0,visa_or_mastercard,10,10,0,1
exp004-minilm-v2-n20-s11,20,11,1.0,1.0,topping_up_by_card,10,10,0,4
exp004-minilm-v2-n20-s11,20,11,1.0,1.0,disposable_card_limits,10,10,0,2
exp004-minilm-v2-n20-s11,20,11,1.0,1.0,compromised_card,10,10,0,0
exp004-minilm-v2-n20-s11,20,11,1.0,1.0,atm_support,10,10,0,1
exp004-minilm-v2-n20-s11,20,11,1.0,1.0,direct_debit_payment_not_recognised,10,10,0,2
exp004-minilm-v2-n20-s11,20,11,1.0,1.0,passcode_forgotten,10,10,0,0
exp004-minilm-v2-n20-s11,20,11,1.0,1.0,declined_cash_withdrawal,10,10,0,6
exp004-minilm-v2-n20-s11,20,11,1.0,1.0,pending_card_payment,10,10,0,0
exp004-minilm-v2-n20-s11,20,11,1.0,1.0,lost_or_stolen_phone,10,10,0,1
exp004-minilm-v2-n20-s11,20,11,1.0,1.0,request_refund,10,10,0,3
exp004-minilm-v2-n20-s11,20,11,1.0,1.0,declined_transfer,10,10,0,0
exp004-minilm-v2-n20-s11,20,11,1.0,1.0,Refund_not_showing_up,10,10,0,1
exp004-minilm-v2-n20-s11,20,11,1.0,1.0,declined_card_payment,10,10,0,4
exp004-minilm-v2-n20-s11,20,11,1.0,1.0,pending_transfer,10,10,0,3
exp004-minilm-v2-n20-s11,20,11,1.0,1.0,terminate_account,10,10,0,0
exp004-minilm-v2-n20-s11,20,11,1.0,1.0,card_swallowed,10,10,0,1
exp004-minilm-v2-n20-s11,20,11,1.0,1.0,transaction_charged_twice,10,10,0,1
exp004-minilm-v2-n20-s11,20,11,1.0,1.0,verify_source_of_funds,10,10,0,0
exp004-minilm-v2-n20-s11,20,11,1.0,1.0,transfer_timing,10,10,0,2
exp004-minilm-v2-n20-s11,20,11,1.0,1.0,reverted_card_payment?,10,10,0,3
exp004-minilm-v2-n20-s11,20,11,1.0,1.0,change_pin,10,10,0,1
exp004-minilm-v2-n20-s11,20,11,1.0,1.0,beneficiary_not_allowed,10,10,0,2
exp004-minilm-v2-n20-s11,20,11,1.0,1.0,transfer_fee_charged,10,10,0,3
exp004-minilm-v2-n20-s11,20,11,1.0,1.0,receiving_money,10,10,0,2
exp004-minilm-v2-n20-s11,20,11,1.0,1.0,failed_transfer,10,10,0,0
exp004-minilm-v2-n20-s11,20,11,1.0,1.0,transfer_into_account,10,10,0,1
exp004-minilm-v2-n20-s11,20,11,1.0,1.0,verify_top_up,10,10,0,1
exp004-minilm-v2-n20-s11,20,11,1.0,1.0,getting_spare_card,10,10,0,2
exp004-minilm-v2-n20-s11,20,11,1.0,1.0,top_up_by_cash_or_cheque,10,10,0,1
exp004-minilm-v2-n20-s11,20,11,1.0,1.0,order_physical_card,10,10,0,2
exp004-minilm-v2-n20-s11,20,11,1.0,1.0,virtual_card_not_working,10,10,0,1
exp004-minilm-v2-n20-s11,20,11,1.0,1.0,wrong_exchange_rate_for_cash_withdrawal,10,10,0,4
exp004-minilm-v2-n20-s11,20,11,1.0,1.0,get_disposable_virtual_card,10,10,0,1
exp004-minilm-v2-n20-s11,20,11,1.0,1.0,top_up_failed,10,10,0,2
exp004-minilm-v2-n20-s11,20,11,1.0,1.0,balance_not_updated_after_bank_transfer,10,10,0,4
exp004-minilm-v2-n20-s11,20,11,1.0,1.0,cash_withdrawal_not_recognised,10,10,0,4
exp004-minilm-v2-n20-s11,20,11,1.0,1.0,exchange_charge,10,10,0,0
exp004-minilm-v2-n20-s11,20,11,1.0,1.0,top_up_by_card_charge,10,10,0,0
exp004-minilm-v2-n20-s11,20,11,1.0,1.0,activate_my_card,10,10,0,0
exp004-minilm-v2-n20-s11,20,11,1.0,1.0,cash_withdrawal_charge,10,10,0,2
exp004-minilm-v2-n20-s11,20,11,1.0,1.0,card_about_to_expire,10,10,0,0
exp004-minilm-v2-n20-s11,20,11,1.0,1.0,apple_pay_or_google_pay,10,10,0,0
exp004-minilm-v2-n20-s11,20,11,1.0,1.0,verify_my_identity,10,10,0,2
exp004-minilm-v2-n20-s11,20,11,1.0,1.0,country_support,10,10,0,0
exp004-minilm-v2-n20-s22,20,22,0.25,0.2506493506493506,card_arrival,10,0,10,0
exp004-minilm-v2-n20-s22,20,22,0.25,0.2506493506493506,card_linking,10,0,10,0
exp004-minilm-v2-n20-s22,20,22,0.25,0.2506493506493506,exchange_rate,10,9,1,0
exp004-minilm-v2-n20-s22,20,22,0.25,0.2506493506493506,card_payment_wrong_exchange_rate,10,2,8,0
exp004-minilm-v2-n20-s22,20,22,0.25,0.2506493506493506,extra_charge_on_statement,10,1,9,0
exp004-minilm-v2-n20-s22,20,22,0.25,0.2506493506493506,pending_cash_withdrawal,10,4,6,0
exp004-minilm-v2-n20-s22,20,22,0.25,0.2506493506493506,fiat_currency_support,10,3,7,0
exp004-minilm-v2-n20-s22,20,22,0.25,0.2506493506493506,card_delivery_estimate,10,2,8,0
exp004-minilm-v2-n20-s22,20,22,0.25,0.2506493506493506,automatic_top_up,10,8,2,1
exp004-minilm-v2-n20-s22,20,22,0.25,0.2506493506493506,card_not_working,10,0,10,0
exp004-minilm-v2-n20-s22,20,22,0.25,0.2506493506493506,exchange_via_app,10,3,7,0
exp004-minilm-v2-n20-s22,20,22,0.25,0.2506493506493506,lost_or_stolen_card,10,0,10,0
exp004-minilm-v2-n20-s22,20,22,0.25,0.2506493506493506,age_limit,10,10,0,0
exp004-minilm-v2-n20-s22,20,22,0.25,0.2506493506493506,pin_blocked,10,2,8,0
exp004-minilm-v2-n20-s22,20,22,0.25,0.2506493506493506,contactless_not_working,10,3,7,0
exp004-minilm-v2-n20-s22,20,22,0.25,0.2506493506493506,top_up_by_bank_transfer_charge,10,0,10,0
exp004-minilm-v2-n20-s22,20,22,0.25,0.2506493506493506,pending_top_up,10,2,8,0
exp004-minilm-v2-n20-s22,20,22,0.25,0.2506493506493506,cancel_transfer,10,0,10,0
exp004-minilm-v2-n20-s22,20,22,0.25,0.2506493506493506,top_up_limits,10,7,3,0
exp004-minilm-v2-n20-s22,20,22,0.25,0.2506493506493506,wrong_amount_of_cash_received,10,0,10,0
exp004-minilm-v2-n20-s22,20,22,0.25,0.2506493506493506,card_payment_fee_charged,10,1,9,0
exp004-minilm-v2-n20-s22,20,22,0.25,0.2506493506493506,transfer_not_received_by_recipient,10,0,10,0
exp004-minilm-v2-n20-s22,20,22,0.25,0.2506493506493506,supported_cards_and_currencies,10,0,10,0
exp004-minilm-v2-n20-s22,20,22,0.25,0.2506493506493506,getting_virtual_card,10,5,5,0
exp004-minilm-v2-n20-s22,20,22,0.25,0.2506493506493506,card_acceptance,10,0,10,0
exp004-minilm-v2-n20-s22,20,22,0.25,0.2506493506493506,top_up_reverted,10,1,9,0
exp004-minilm-v2-n20-s22,20,22,0.25,0.2506493506493506,balance_not_updated_after_cheque_or_cash_deposit,10,3,7,0
exp004-minilm-v2-n20-s22,20,22,0.25,0.2506493506493506,card_payment_not_recognised,10,0,10,0
exp004-minilm-v2-n20-s22,20,22,0.25,0.2506493506493506,edit_personal_details,10,5,5,0
exp004-minilm-v2-n20-s22,20,22,0.25,0.2506493506493506,why_verify_identity,10,4,6,0
exp004-minilm-v2-n20-s22,20,22,0.25,0.2506493506493506,unable_to_verify_identity,10,0,10,0
exp004-minilm-v2-n20-s22,20,22,0.25,0.2506493506493506,get_physical_card,10,1,9,0
exp004-minilm-v2-n20-s22,20,22,0.25,0.2506493506493506,visa_or_mastercard,10,4,6,0
exp004-minilm-v2-n20-s22,20,22,0.25,0.2506493506493506,topping_up_by_card,10,0,10,0
exp004-minilm-v2-n20-s22,20,22,0.25,0.2506493506493506,disposable_card_limits,10,8,2,0
exp004-minilm-v2-n20-s22,20,22,0.25,0.2506493506493506,compromised_card,10,0,10,0
exp004-minilm-v2-n20-s22,20,22,0.25,0.2506493506493506,atm_support,10,6,4,0
exp004-minilm-v2-n20-s22,20,22,0.25,0.2506493506493506,direct_debit_payment_not_recognised,10,0,10,0
exp004-minilm-v2-n20-s22,20,22,0.25,0.2506493506493506,passcode_forgotten,10,7,3,0
exp004-minilm-v2-n20-s22,20,22,0.25,0.2506493506493506,declined_cash_withdrawal,10,0,10,0
exp004-minilm-v2-n20-s22,20,22,0.25,0.2506493506493506,pending_card_payment,10,5,5,0
exp004-minilm-v2-n20-s22,20,22,0.25,0.2506493506493506,lost_or_stolen_phone,10,6,4,0
exp004-minilm-v2-n20-s22,20,22,0.25,0.2506493506493506,request_refund,10,2,8,0
exp004-minilm-v2-n20-s22,20,22,0.25,0.2506493506493506,declined_transfer,10,4,6,0
exp004-minilm-v2-n20-s22,20,22,0.25,0.2506493506493506,Refund_not_showing_up,10,3,7,0
exp004-minilm-v2-n20-s22,20,22,0.25,0.2506493506493506,declined_card_payment,10,0,10,0
exp004-minilm-v2-n20-s22,20,22,0.25,0.2506493506493506,pending_transfer,10,1,9,0
exp004-minilm-v2-n20-s22,20,22,0.25,0.2506493506493506,terminate_account,10,7,3,0
exp004-minilm-v2-n20-s22,20,22,0.25,0.2506493506493506,card_swallowed,10,0,10,0
exp004-minilm-v2-n20-s22,20,22,0.25,0.2506493506493506,transaction_charged_twice,10,3,7,0
exp004-minilm-v2-n20-s22,20,22,0.25,0.2506493506493506,verify_source_of_funds,10,7,3,0
exp004-minilm-v2-n20-s22,20,22,0.25,0.2506493506493506,transfer_timing,10,1,9,0
exp004-minilm-v2-n20-s22,20,22,0.25,0.2506493506493506,reverted_card_payment?,10,0,10,0
exp004-minilm-v2-n20-s22,20,22,0.25,0.2506493506493506,change_pin,10,7,3,0
exp004-minilm-v2-n20-s22,20,22,0.25,0.2506493506493506,beneficiary_not_allowed,10,2,8,0
exp004-minilm-v2-n20-s22,20,22,0.25,0.2506493506493506,transfer_fee_charged,10,0,10,0
exp004-minilm-v2-n20-s22,20,22,0.25,0.2506493506493506,receiving_money,10,1,9,0
exp004-minilm-v2-n20-s22,20,22,0.25,0.2506493506493506,failed_transfer,10,1,9,0
exp004-minilm-v2-n20-s22,20,22,0.25,0.2506493506493506,transfer_into_account,10,2,8,0
exp004-minilm-v2-n20-s22,20,22,0.25,0.2506493506493506,verify_top_up,10,5,5,0
exp004-minilm-v2-n20-s22,20,22,0.25,0.2506493506493506,getting_spare_card,10,1,9,0
exp004-minilm-v2-n20-s22,20,22,0.25,0.2506493506493506,top_up_by_cash_or_cheque,10,2,8,0
exp004-minilm-v2-n20-s22,20,22,0.25,0.2506493506493506,order_physical_card,10,0,10,0
exp004-minilm-v2-n20-s22,20,22,0.25,0.2506493506493506,virtual_card_not_working,10,4,6,0
exp004-minilm-v2-n20-s22,20,22,0.25,0.2506493506493506,wrong_exchange_rate_for_cash_withdrawal,10,1,9,0
exp004-minilm-v2-n20-s22,20,22,0.25,0.2506493506493506,get_disposable_virtual_card,10,2,8,0
exp004-minilm-v2-n20-s22,20,22,0.25,0.2506493506493506,top_up_failed,10,0,10,0
exp004-minilm-v2-n20-s22,20,22,0.25,0.2506493506493506,balance_not_updated_after_bank_transfer,10,0,10,0
exp004-minilm-v2-n20-s22,20,22,0.25,0.2506493506493506,cash_withdrawal_not_recognised,10,0,10,0
exp004-minilm-v2-n20-s22,20,22,0.25,0.2506493506493506,exchange_charge,10,4,6,0
exp004-minilm-v2-n20-s22,20,22,0.25,0.2506493506493506,top_up_by_card_charge,10,0,10,0
exp004-minilm-v2-n20-s22,20,22,0.25,0.2506493506493506,activate_my_card,10,8,2,0
exp004-minilm-v2-n20-s22,20,22,0.25,0.2506493506493506,cash_withdrawal_charge,10,0,10,0
exp004-minilm-v2-n20-s22,20,22,0.25,0.2506493506493506,card_about_to_expire,10,3,7,0
exp004-minilm-v2-n20-s22,20,22,0.25,0.2506493506493506,apple_pay_or_google_pay,10,4,6,0
exp004-minilm-v2-n20-s22,20,22,0.25,0.2506493506493506,verify_my_identity,10,5,5,0
exp004-minilm-v2-n20-s22,20,22,0.25,0.2506493506493506,country_support,10,1,9,0
exp004-minilm-v2-n20-s22,20,22,0.5,0.5,card_arrival,10,0,10,0
exp004-minilm-v2-n20-s22,20,22,0.5,0.5,card_linking,10,1,9,0
exp004-minilm-v2-n20-s22,20,22,0.5,0.5,exchange_rate,10,9,1,0
exp004-minilm-v2-n20-s22,20,22,0.5,0.5,card_payment_wrong_exchange_rate,10,5,5,0
exp004-minilm-v2-n20-s22,20,22,0.5,0.5,extra_charge_on_statement,10,5,5,0
exp004-minilm-v2-n20-s22,20,22,0.5,0.5,pending_cash_withdrawal,10,6,4,0
exp004-minilm-v2-n20-s22,20,22,0.5,0.5,fiat_currency_support,10,6,4,0
exp004-minilm-v2-n20-s22,20,22,0.5,0.5,card_delivery_estimate,10,4,6,0
exp004-minilm-v2-n20-s22,20,22,0.5,0.5,automatic_top_up,10,9,1,2
exp004-minilm-v2-n20-s22,20,22,0.5,0.5,card_not_working,10,4,6,0
exp004-minilm-v2-n20-s22,20,22,0.5,0.5,exchange_via_app,10,6,4,0
exp004-minilm-v2-n20-s22,20,22,0.5,0.5,lost_or_stolen_card,10,4,6,0
exp004-minilm-v2-n20-s22,20,22,0.5,0.5,age_limit,10,10,0,0
exp004-minilm-v2-n20-s22,20,22,0.5,0.5,pin_blocked,10,7,3,0
exp004-minilm-v2-n20-s22,20,22,0.5,0.5,contactless_not_working,10,4,6,0
exp004-minilm-v2-n20-s22,20,22,0.5,0.5,top_up_by_bank_transfer_charge,10,5,5,0
exp004-minilm-v2-n20-s22,20,22,0.5,0.5,pending_top_up,10,4,6,0
exp004-minilm-v2-n20-s22,20,22,0.5,0.5,cancel_transfer,10,3,7,0
exp004-minilm-v2-n20-s22,20,22,0.5,0.5,top_up_limits,10,7,3,0
exp004-minilm-v2-n20-s22,20,22,0.5,0.5,wrong_amount_of_cash_received,10,2,8,0
exp004-minilm-v2-n20-s22,20,22,0.5,0.5,card_payment_fee_charged,10,4,6,0
exp004-minilm-v2-n20-s22,20,22,0.5,0.5,transfer_not_received_by_recipient,10,2,8,1
exp004-minilm-v2-n20-s22,20,22,0.5,0.5,supported_cards_and_currencies,10,2,8,2
exp004-minilm-v2-n20-s22,20,22,0.5,0.5,getting_virtual_card,10,8,2,0
exp004-minilm-v2-n20-s22,20,22,0.5,0.5,card_acceptance,10,1,9,0
exp004-minilm-v2-n20-s22,20,22,0.5,0.5,top_up_reverted,10,1,9,0
exp004-minilm-v2-n20-s22,20,22,0.5,0.5,balance_not_updated_after_cheque_or_cash_deposit,10,7,3,0
exp004-minilm-v2-n20-s22,20,22,0.5,0.5,card_payment_not_recognised,10,0,10,0
exp004-minilm-v2-n20-s22,20,22,0.5,0.5,edit_personal_details,10,8,2,0
exp004-minilm-v2-n20-s22,20,22,0.5,0.5,why_verify_identity,10,8,2,0
exp004-minilm-v2-n20-s22,20,22,0.5,0.5,unable_to_verify_identity,10,6,4,1
exp004-minilm-v2-n20-s22,20,22,0.5,0.5,get_physical_card,10,6,4,0
exp004-minilm-v2-n20-s22,20,22,0.5,0.5,visa_or_mastercard,10,9,1,0
exp004-minilm-v2-n20-s22,20,22,0.5,0.5,topping_up_by_card,10,0,10,0
exp004-minilm-v2-n20-s22,20,22,0.5,0.5,disposable_card_limits,10,8,2,0
exp004-minilm-v2-n20-s22,20,22,0.5,0.5,compromised_card,10,0,10,0
exp004-minilm-v2-n20-s22,20,22,0.5,0.5,atm_support,10,8,2,0
exp004-minilm-v2-n20-s22,20,22,0.5,0.5,direct_debit_payment_not_recognised,10,1,9,0
exp004-minilm-v2-n20-s22,20,22,0.5,0.5,passcode_forgotten,10,9,1,0
exp004-minilm-v2-n20-s22,20,22,0.5,0.5,declined_cash_withdrawal,10,2,8,0
exp004-minilm-v2-n20-s22,20,22,0.5,0.5,pending_card_payment,10,9,1,0
exp004-minilm-v2-n20-s22,20,22,0.5,0.5,lost_or_stolen_phone,10,8,2,0
exp004-minilm-v2-n20-s22,20,22,0.5,0.5,request_refund,10,7,3,1
exp004-minilm-v2-n20-s22,20,22,0.5,0.5,declined_transfer,10,5,5,0
exp004-minilm-v2-n20-s22,20,22,0.5,0.5,Refund_not_showing_up,10,6,4,0
exp004-minilm-v2-n20-s22,20,22,0.5,0.5,declined_card_payment,10,2,8,0
exp004-minilm-v2-n20-s22,20,22,0.5,0.5,pending_transfer,10,5,5,0
exp004-minilm-v2-n20-s22,20,22,0.5,0.5,terminate_account,10,10,0,0
exp004-minilm-v2-n20-s22,20,22,0.5,0.5,card_swallowed,10,7,3,0
exp004-minilm-v2-n20-s22,20,22,0.5,0.5,transaction_charged_twice,10,7,3,0
exp004-minilm-v2-n20-s22,20,22,0.5,0.5,verify_source_of_funds,10,8,2,0
exp004-minilm-v2-n20-s22,20,22,0.5,0.5,transfer_timing,10,1,9,0
exp004-minilm-v2-n20-s22,20,22,0.5,0.5,reverted_card_payment?,10,2,8,1
exp004-minilm-v2-n20-s22,20,22,0.5,0.5,change_pin,10,7,3,0
exp004-minilm-v2-n20-s22,20,22,0.5,0.5,beneficiary_not_allowed,10,7,3,1
exp004-minilm-v2-n20-s22,20,22,0.5,0.5,transfer_fee_charged,10,1,9,0
exp004-minilm-v2-n20-s22,20,22,0.5,0.5,receiving_money,10,1,9,0
exp004-minilm-v2-n20-s22,20,22,0.5,0.5,failed_transfer,10,7,3,0
exp004-minilm-v2-n20-s22,20,22,0.5,0.5,transfer_into_account,10,5,5,0
exp004-minilm-v2-n20-s22,20,22,0.5,0.5,verify_top_up,10,7,3,0
exp004-minilm-v2-n20-s22,20,22,0.5,0.5,getting_spare_card,10,3,7,0
exp004-minilm-v2-n20-s22,20,22,0.5,0.5,top_up_by_cash_or_cheque,10,3,7,0
exp004-minilm-v2-n20-s22,20,22,0.5,0.5,order_physical_card,10,1,9,0
exp004-minilm-v2-n20-s22,20,22,0.5,0.5,virtual_card_not_working,10,6,4,0
exp004-minilm-v2-n20-s22,20,22,0.5,0.5,wrong_exchange_rate_for_cash_withdrawal,10,4,6,2
exp004-minilm-v2-n20-s22,20,22,0.5,0.5,get_disposable_virtual_card,10,8,2,2
exp004-minilm-v2-n20-s22,20,22,0.5,0.5,top_up_failed,10,3,7,0
exp004-minilm-v2-n20-s22,20,22,0.5,0.5,balance_not_updated_after_bank_transfer,10,1,9,0
exp004-minilm-v2-n20-s22,20,22,0.5,0.5,cash_withdrawal_not_recognised,10,0,10,0
exp004-minilm-v2-n20-s22,20,22,0.5,0.5,exchange_charge,10,9,1,0
exp004-minilm-v2-n20-s22,20,22,0.5,0.5,top_up_by_card_charge,10,6,4,0
exp004-minilm-v2-n20-s22,20,22,0.5,0.5,activate_my_card,10,10,0,0
exp004-minilm-v2-n20-s22,20,22,0.5,0.5,cash_withdrawal_charge,10,3,7,0
exp004-minilm-v2-n20-s22,20,22,0.5,0.5,card_about_to_expire,10,7,3,0
exp004-minilm-v2-n20-s22,20,22,0.5,0.5,apple_pay_or_google_pay,10,5,5,0
exp004-minilm-v2-n20-s22,20,22,0.5,0.5,verify_my_identity,10,7,3,0
exp004-minilm-v2-n20-s22,20,22,0.5,0.5,country_support,10,6,4,0
exp004-minilm-v2-n20-s22,20,22,0.75,0.7506493506493507,card_arrival,10,1,9,0
exp004-minilm-v2-n20-s22,20,22,0.75,0.7506493506493507,card_linking,10,8,2,1
exp004-minilm-v2-n20-s22,20,22,0.75,0.7506493506493507,exchange_rate,10,9,1,0
exp004-minilm-v2-n20-s22,20,22,0.75,0.7506493506493507,card_payment_wrong_exchange_rate,10,8,2,0
exp004-minilm-v2-n20-s22,20,22,0.75,0.7506493506493507,extra_charge_on_statement,10,8,2,0
exp004-minilm-v2-n20-s22,20,22,0.75,0.7506493506493507,pending_cash_withdrawal,10,8,2,0
exp004-minilm-v2-n20-s22,20,22,0.75,0.7506493506493507,fiat_currency_support,10,6,4,0
exp004-minilm-v2-n20-s22,20,22,0.75,0.7506493506493507,card_delivery_estimate,10,9,1,0
exp004-minilm-v2-n20-s22,20,22,0.75,0.7506493506493507,automatic_top_up,10,10,0,2
exp004-minilm-v2-n20-s22,20,22,0.75,0.7506493506493507,card_not_working,10,6,4,1
exp004-minilm-v2-n20-s22,20,22,0.75,0.7506493506493507,exchange_via_app,10,7,3,0
exp004-minilm-v2-n20-s22,20,22,0.75,0.7506493506493507,lost_or_stolen_card,10,8,2,0
exp004-minilm-v2-n20-s22,20,22,0.75,0.7506493506493507,age_limit,10,10,0,0
exp004-minilm-v2-n20-s22,20,22,0.75,0.7506493506493507,pin_blocked,10,10,0,1
exp004-minilm-v2-n20-s22,20,22,0.75,0.7506493506493507,contactless_not_working,10,7,3,0
exp004-minilm-v2-n20-s22,20,22,0.75,0.7506493506493507,top_up_by_bank_transfer_charge,10,5,5,0
exp004-minilm-v2-n20-s22,20,22,0.75,0.7506493506493507,pending_top_up,10,8,2,1
exp004-minilm-v2-n20-s22,20,22,0.75,0.7506493506493507,cancel_transfer,10,7,3,1
exp004-minilm-v2-n20-s22,20,22,0.75,0.7506493506493507,top_up_limits,10,9,1,0
exp004-minilm-v2-n20-s22,20,22,0.75,0.7506493506493507,wrong_amount_of_cash_received,10,6,4,0
exp004-minilm-v2-n20-s22,20,22,0.75,0.7506493506493507,card_payment_fee_charged,10,7,3,0
exp004-minilm-v2-n20-s22,20,22,0.75,0.7506493506493507,transfer_not_received_by_recipient,10,6,4,5
exp004-minilm-v2-n20-s22,20,22,0.75,0.7506493506493507,supported_cards_and_currencies,10,5,5,4
exp004-minilm-v2-n20-s22,20,22,0.75,0.7506493506493507,getting_virtual_card,10,10,0,0
exp004-minilm-v2-n20-s22,20,22,0.75,0.7506493506493507,card_acceptance,10,5,5,1
exp004-minilm-v2-n20-s22,20,22,0.75,0.7506493506493507,top_up_reverted,10,7,3,2
exp004-minilm-v2-n20-s22,20,22,0.75,0.7506493506493507,balance_not_updated_after_cheque_or_cash_deposit,10,9,1,0
exp004-minilm-v2-n20-s22,20,22,0.75,0.7506493506493507,card_payment_not_recognised,10,4,6,0
exp004-minilm-v2-n20-s22,20,22,0.75,0.7506493506493507,edit_personal_details,10,8,2,0
exp004-minilm-v2-n20-s22,20,22,0.75,0.7506493506493507,why_verify_identity,10,9,1,0
exp004-minilm-v2-n20-s22,20,22,0.75,0.7506493506493507,unable_to_verify_identity,10,10,0,3
exp004-minilm-v2-n20-s22,20,22,0.75,0.7506493506493507,get_physical_card,10,9,1,0
exp004-minilm-v2-n20-s22,20,22,0.75,0.7506493506493507,visa_or_mastercard,10,9,1,0
exp004-minilm-v2-n20-s22,20,22,0.75,0.7506493506493507,topping_up_by_card,10,2,8,1
exp004-minilm-v2-n20-s22,20,22,0.75,0.7506493506493507,disposable_card_limits,10,8,2,0
exp004-minilm-v2-n20-s22,20,22,0.75,0.7506493506493507,compromised_card,10,4,6,0
exp004-minilm-v2-n20-s22,20,22,0.75,0.7506493506493507,atm_support,10,8,2,0
exp004-minilm-v2-n20-s22,20,22,0.75,0.7506493506493507,direct_debit_payment_not_recognised,10,6,4,0
exp004-minilm-v2-n20-s22,20,22,0.75,0.7506493506493507,passcode_forgotten,10,10,0,0
exp004-minilm-v2-n20-s22,20,22,0.75,0.7506493506493507,declined_cash_withdrawal,10,3,7,0
exp004-minilm-v2-n20-s22,20,22,0.75,0.7506493506493507,pending_card_payment,10,10,0,0
exp004-minilm-v2-n20-s22,20,22,0.75,0.7506493506493507,lost_or_stolen_phone,10,9,1,0
exp004-minilm-v2-n20-s22,20,22,0.75,0.7506493506493507,request_refund,10,9,1,1
exp004-minilm-v2-n20-s22,20,22,0.75,0.7506493506493507,declined_transfer,10,8,2,0
exp004-minilm-v2-n20-s22,20,22,0.75,0.7506493506493507,Refund_not_showing_up,10,8,2,0
exp004-minilm-v2-n20-s22,20,22,0.75,0.7506493506493507,declined_card_payment,10,5,5,0
exp004-minilm-v2-n20-s22,20,22,0.75,0.7506493506493507,pending_transfer,10,9,1,2
exp004-minilm-v2-n20-s22,20,22,0.75,0.7506493506493507,terminate_account,10,10,0,0
exp004-minilm-v2-n20-s22,20,22,0.75,0.7506493506493507,card_swallowed,10,7,3,0
exp004-minilm-v2-n20-s22,20,22,0.75,0.7506493506493507,transaction_charged_twice,10,9,1,1
exp004-minilm-v2-n20-s22,20,22,0.75,0.7506493506493507,verify_source_of_funds,10,10,0,0
exp004-minilm-v2-n20-s22,20,22,0.75,0.7506493506493507,transfer_timing,10,6,4,2
exp004-minilm-v2-n20-s22,20,22,0.75,0.7506493506493507,reverted_card_payment?,10,4,6,1
exp004-minilm-v2-n20-s22,20,22,0.75,0.7506493506493507,change_pin,10,10,0,2
exp004-minilm-v2-n20-s22,20,22,0.75,0.7506493506493507,beneficiary_not_allowed,10,10,0,2
exp004-minilm-v2-n20-s22,20,22,0.75,0.7506493506493507,transfer_fee_charged,10,7,3,1
exp004-minilm-v2-n20-s22,20,22,0.75,0.7506493506493507,receiving_money,10,4,6,0
exp004-minilm-v2-n20-s22,20,22,0.75,0.7506493506493507,failed_transfer,10,9,1,0
exp004-minilm-v2-n20-s22,20,22,0.75,0.7506493506493507,transfer_into_account,10,7,3,0
exp004-minilm-v2-n20-s22,20,22,0.75,0.7506493506493507,verify_top_up,10,8,2,0
exp004-minilm-v2-n20-s22,20,22,0.75,0.7506493506493507,getting_spare_card,10,5,5,0
exp004-minilm-v2-n20-s22,20,22,0.75,0.7506493506493507,top_up_by_cash_or_cheque,10,6,4,0
exp004-minilm-v2-n20-s22,20,22,0.75,0.7506493506493507,order_physical_card,10,6,4,0
exp004-minilm-v2-n20-s22,20,22,0.75,0.7506493506493507,virtual_card_not_working,10,9,1,0
exp004-minilm-v2-n20-s22,20,22,0.75,0.7506493506493507,wrong_exchange_rate_for_cash_withdrawal,10,7,3,2
exp004-minilm-v2-n20-s22,20,22,0.75,0.7506493506493507,get_disposable_virtual_card,10,9,1,2
exp004-minilm-v2-n20-s22,20,22,0.75,0.7506493506493507,top_up_failed,10,8,2,2
exp004-minilm-v2-n20-s22,20,22,0.75,0.7506493506493507,balance_not_updated_after_bank_transfer,10,4,6,0
exp004-minilm-v2-n20-s22,20,22,0.75,0.7506493506493507,cash_withdrawal_not_recognised,10,4,6,1
exp004-minilm-v2-n20-s22,20,22,0.75,0.7506493506493507,exchange_charge,10,9,1,0
exp004-minilm-v2-n20-s22,20,22,0.75,0.7506493506493507,top_up_by_card_charge,10,9,1,0
exp004-minilm-v2-n20-s22,20,22,0.75,0.7506493506493507,activate_my_card,10,10,0,0
exp004-minilm-v2-n20-s22,20,22,0.75,0.7506493506493507,cash_withdrawal_charge,10,9,1,1
exp004-minilm-v2-n20-s22,20,22,0.75,0.7506493506493507,card_about_to_expire,10,9,1,0
exp004-minilm-v2-n20-s22,20,22,0.75,0.7506493506493507,apple_pay_or_google_pay,10,7,3,0
exp004-minilm-v2-n20-s22,20,22,0.75,0.7506493506493507,verify_my_identity,10,9,1,2
exp004-minilm-v2-n20-s22,20,22,0.75,0.7506493506493507,country_support,10,10,0,0
exp004-minilm-v2-n20-s22,20,22,0.9,0.9,card_arrival,10,5,5,0
exp004-minilm-v2-n20-s22,20,22,0.9,0.9,card_linking,10,9,1,1
exp004-minilm-v2-n20-s22,20,22,0.9,0.9,exchange_rate,10,9,1,0
exp004-minilm-v2-n20-s22,20,22,0.9,0.9,card_payment_wrong_exchange_rate,10,9,1,0
exp004-minilm-v2-n20-s22,20,22,0.9,0.9,extra_charge_on_statement,10,10,0,1
exp004-minilm-v2-n20-s22,20,22,0.9,0.9,pending_cash_withdrawal,10,9,1,1
exp004-minilm-v2-n20-s22,20,22,0.9,0.9,fiat_currency_support,10,9,1,1
exp004-minilm-v2-n20-s22,20,22,0.9,0.9,card_delivery_estimate,10,10,0,1
exp004-minilm-v2-n20-s22,20,22,0.9,0.9,automatic_top_up,10,10,0,2
exp004-minilm-v2-n20-s22,20,22,0.9,0.9,card_not_working,10,10,0,2
exp004-minilm-v2-n20-s22,20,22,0.9,0.9,exchange_via_app,10,10,0,0
exp004-minilm-v2-n20-s22,20,22,0.9,0.9,lost_or_stolen_card,10,9,1,0
exp004-minilm-v2-n20-s22,20,22,0.9,0.9,age_limit,10,10,0,0
exp004-minilm-v2-n20-s22,20,22,0.9,0.9,pin_blocked,10,10,0,1
exp004-minilm-v2-n20-s22,20,22,0.9,0.9,contactless_not_working,10,7,3,0
exp004-minilm-v2-n20-s22,20,22,0.9,0.9,top_up_by_bank_transfer_charge,10,6,4,0
exp004-minilm-v2-n20-s22,20,22,0.9,0.9,pending_top_up,10,9,1,1
exp004-minilm-v2-n20-s22,20,22,0.9,0.9,cancel_transfer,10,10,0,1
exp004-minilm-v2-n20-s22,20,22,0.9,0.9,top_up_limits,10,9,1,0
exp004-minilm-v2-n20-s22,20,22,0.9,0.9,wrong_amount_of_cash_received,10,10,0,2
exp004-minilm-v2-n20-s22,20,22,0.9,0.9,card_payment_fee_charged,10,10,0,1
exp004-minilm-v2-n20-s22,20,22,0.9,0.9,transfer_not_received_by_recipient,10,10,0,8
exp004-minilm-v2-n20-s22,20,22,0.9,0.9,supported_cards_and_currencies,10,7,3,6
exp004-minilm-v2-n20-s22,20,22,0.9,0.9,getting_virtual_card,10,10,0,0
exp004-minilm-v2-n20-s22,20,22,0.9,0.9,card_acceptance,10,7,3,1
exp004-minilm-v2-n20-s22,20,22,0.9,0.9,top_up_reverted,10,9,1,2
exp004-minilm-v2-n20-s22,20,22,0.9,0.9,balance_not_updated_after_cheque_or_cash_deposit,10,10,0,0
exp004-minilm-v2-n20-s22,20,22,0.9,0.9,card_payment_not_recognised,10,6,4,0
exp004-minilm-v2-n20-s22,20,22,0.9,0.9,edit_personal_details,10,9,1,0
exp004-minilm-v2-n20-s22,20,22,0.9,0.9,why_verify_identity,10,10,0,1
exp004-minilm-v2-n20-s22,20,22,0.9,0.9,unable_to_verify_identity,10,10,0,3
exp004-minilm-v2-n20-s22,20,22,0.9,0.9,get_physical_card,10,10,0,1
exp004-minilm-v2-n20-s22,20,22,0.9,0.9,visa_or_mastercard,10,9,1,0
exp004-minilm-v2-n20-s22,20,22,0.9,0.9,topping_up_by_card,10,8,2,4
exp004-minilm-v2-n20-s22,20,22,0.9,0.9,disposable_card_limits,10,9,1,0
exp004-minilm-v2-n20-s22,20,22,0.9,0.9,compromised_card,10,9,1,0
exp004-minilm-v2-n20-s22,20,22,0.9,0.9,atm_support,10,9,1,0
exp004-minilm-v2-n20-s22,20,22,0.9,0.9,direct_debit_payment_not_recognised,10,9,1,2
exp004-minilm-v2-n20-s22,20,22,0.9,0.9,passcode_forgotten,10,10,0,0
exp004-minilm-v2-n20-s22,20,22,0.9,0.9,declined_cash_withdrawal,10,7,3,2
exp004-minilm-v2-n20-s22,20,22,0.9,0.9,pending_card_payment,10,10,0,0
exp004-minilm-v2-n20-s22,20,22,0.9,0.9,lost_or_stolen_phone,10,10,0,1
exp004-minilm-v2-n20-s22,20,22,0.9,0.9,request_refund,10,9,1,1
exp004-minilm-v2-n20-s22,20,22,0.9,0.9,declined_transfer,10,8,2,0
exp004-minilm-v2-n20-s22,20,22,0.9,0.9,Refund_not_showing_up,10,10,0,1
exp004-minilm-v2-n20-s22,20,22,0.9,0.9,declined_card_payment,10,5,5,0
exp004-minilm-v2-n20-s22,20,22,0.9,0.9,pending_transfer,10,10,0,3
exp004-minilm-v2-n20-s22,20,22,0.9,0.9,terminate_account,10,10,0,0
exp004-minilm-v2-n20-s22,20,22,0.9,0.9,card_swallowed,10,9,1,1
exp004-minilm-v2-n20-s22,20,22,0.9,0.9,transaction_charged_twice,10,9,1,1
exp004-minilm-v2-n20-s22,20,22,0.9,0.9,verify_source_of_funds,10,10,0,0
exp004-minilm-v2-n20-s22,20,22,0.9,0.9,transfer_timing,10,9,1,3
exp004-minilm-v2-n20-s22,20,22,0.9,0.9,reverted_card_payment?,10,5,5,1
exp004-minilm-v2-n20-s22,20,22,0.9,0.9,change_pin,10,10,0,2
exp004-minilm-v2-n20-s22,20,22,0.9,0.9,beneficiary_not_allowed,10,10,0,2
exp004-minilm-v2-n20-s22,20,22,0.9,0.9,transfer_fee_charged,10,9,1,2
exp004-minilm-v2-n20-s22,20,22,0.9,0.9,receiving_money,10,7,3,0
exp004-minilm-v2-n20-s22,20,22,0.9,0.9,failed_transfer,10,10,0,1
exp004-minilm-v2-n20-s22,20,22,0.9,0.9,transfer_into_account,10,9,1,0
exp004-minilm-v2-n20-s22,20,22,0.9,0.9,verify_top_up,10,8,2,0
exp004-minilm-v2-n20-s22,20,22,0.9,0.9,getting_spare_card,10,10,0,3
exp004-minilm-v2-n20-s22,20,22,0.9,0.9,top_up_by_cash_or_cheque,10,10,0,1
exp004-minilm-v2-n20-s22,20,22,0.9,0.9,order_physical_card,10,8,2,1
exp004-minilm-v2-n20-s22,20,22,0.9,0.9,virtual_card_not_working,10,10,0,1
exp004-minilm-v2-n20-s22,20,22,0.9,0.9,wrong_exchange_rate_for_cash_withdrawal,10,9,1,4
exp004-minilm-v2-n20-s22,20,22,0.9,0.9,get_disposable_virtual_card,10,10,0,3
exp004-minilm-v2-n20-s22,20,22,0.9,0.9,top_up_failed,10,9,1,3
exp004-minilm-v2-n20-s22,20,22,0.9,0.9,balance_not_updated_after_bank_transfer,10,8,2,0
exp004-minilm-v2-n20-s22,20,22,0.9,0.9,cash_withdrawal_not_recognised,10,6,4,1
exp004-minilm-v2-n20-s22,20,22,0.9,0.9,exchange_charge,10,10,0,0
exp004-minilm-v2-n20-s22,20,22,0.9,0.9,top_up_by_card_charge,10,10,0,0
exp004-minilm-v2-n20-s22,20,22,0.9,0.9,activate_my_card,10,10,0,0
exp004-minilm-v2-n20-s22,20,22,0.9,0.9,cash_withdrawal_charge,10,10,0,2
exp004-minilm-v2-n20-s22,20,22,0.9,0.9,card_about_to_expire,10,10,0,0
exp004-minilm-v2-n20-s22,20,22,0.9,0.9,apple_pay_or_google_pay,10,9,1,0
exp004-minilm-v2-n20-s22,20,22,0.9,0.9,verify_my_identity,10,9,1,2
exp004-minilm-v2-n20-s22,20,22,0.9,0.9,country_support,10,10,0,0
exp004-minilm-v2-n20-s22,20,22,1.0,1.0,card_arrival,10,10,0,2
exp004-minilm-v2-n20-s22,20,22,1.0,1.0,card_linking,10,10,0,1
exp004-minilm-v2-n20-s22,20,22,1.0,1.0,exchange_rate,10,10,0,1
exp004-minilm-v2-n20-s22,20,22,1.0,1.0,card_payment_wrong_exchange_rate,10,10,0,0
exp004-minilm-v2-n20-s22,20,22,1.0,1.0,extra_charge_on_statement,10,10,0,1
exp004-minilm-v2-n20-s22,20,22,1.0,1.0,pending_cash_withdrawal,10,10,0,2
exp004-minilm-v2-n20-s22,20,22,1.0,1.0,fiat_currency_support,10,10,0,2
exp004-minilm-v2-n20-s22,20,22,1.0,1.0,card_delivery_estimate,10,10,0,1
exp004-minilm-v2-n20-s22,20,22,1.0,1.0,automatic_top_up,10,10,0,2
exp004-minilm-v2-n20-s22,20,22,1.0,1.0,card_not_working,10,10,0,2
exp004-minilm-v2-n20-s22,20,22,1.0,1.0,exchange_via_app,10,10,0,0
exp004-minilm-v2-n20-s22,20,22,1.0,1.0,lost_or_stolen_card,10,10,0,1
exp004-minilm-v2-n20-s22,20,22,1.0,1.0,age_limit,10,10,0,0
exp004-minilm-v2-n20-s22,20,22,1.0,1.0,pin_blocked,10,10,0,1
exp004-minilm-v2-n20-s22,20,22,1.0,1.0,contactless_not_working,10,10,0,3
exp004-minilm-v2-n20-s22,20,22,1.0,1.0,top_up_by_bank_transfer_charge,10,10,0,1
exp004-minilm-v2-n20-s22,20,22,1.0,1.0,pending_top_up,10,10,0,2
exp004-minilm-v2-n20-s22,20,22,1.0,1.0,cancel_transfer,10,10,0,1
exp004-minilm-v2-n20-s22,20,22,1.0,1.0,top_up_limits,10,10,0,1
exp004-minilm-v2-n20-s22,20,22,1.0,1.0,wrong_amount_of_cash_received,10,10,0,2
exp004-minilm-v2-n20-s22,20,22,1.0,1.0,card_payment_fee_charged,10,10,0,1
exp004-minilm-v2-n20-s22,20,22,1.0,1.0,transfer_not_received_by_recipient,10,10,0,8
exp004-minilm-v2-n20-s22,20,22,1.0,1.0,supported_cards_and_currencies,10,10,0,6
exp004-minilm-v2-n20-s22,20,22,1.0,1.0,getting_virtual_card,10,10,0,0
exp004-minilm-v2-n20-s22,20,22,1.0,1.0,card_acceptance,10,10,0,2
exp004-minilm-v2-n20-s22,20,22,1.0,1.0,top_up_reverted,10,10,0,3
exp004-minilm-v2-n20-s22,20,22,1.0,1.0,balance_not_updated_after_cheque_or_cash_deposit,10,10,0,0
exp004-minilm-v2-n20-s22,20,22,1.0,1.0,card_payment_not_recognised,10,10,0,2
exp004-minilm-v2-n20-s22,20,22,1.0,1.0,edit_personal_details,10,10,0,0
exp004-minilm-v2-n20-s22,20,22,1.0,1.0,why_verify_identity,10,10,0,1
exp004-minilm-v2-n20-s22,20,22,1.0,1.0,unable_to_verify_identity,10,10,0,3
exp004-minilm-v2-n20-s22,20,22,1.0,1.0,get_physical_card,10,10,0,1
exp004-minilm-v2-n20-s22,20,22,1.0,1.0,visa_or_mastercard,10,10,0,0
exp004-minilm-v2-n20-s22,20,22,1.0,1.0,topping_up_by_card,10,10,0,6
exp004-minilm-v2-n20-s22,20,22,1.0,1.0,disposable_card_limits,10,10,0,1
exp004-minilm-v2-n20-s22,20,22,1.0,1.0,compromised_card,10,10,0,0
exp004-minilm-v2-n20-s22,20,22,1.0,1.0,atm_support,10,10,0,1
exp004-minilm-v2-n20-s22,20,22,1.0,1.0,direct_debit_payment_not_recognised,10,10,0,2
exp004-minilm-v2-n20-s22,20,22,1.0,1.0,passcode_forgotten,10,10,0,0
exp004-minilm-v2-n20-s22,20,22,1.0,1.0,declined_cash_withdrawal,10,10,0,5
exp004-minilm-v2-n20-s22,20,22,1.0,1.0,pending_card_payment,10,10,0,0
exp004-minilm-v2-n20-s22,20,22,1.0,1.0,lost_or_stolen_phone,10,10,0,1
exp004-minilm-v2-n20-s22,20,22,1.0,1.0,request_refund,10,10,0,1
exp004-minilm-v2-n20-s22,20,22,1.0,1.0,declined_transfer,10,10,0,1
exp004-minilm-v2-n20-s22,20,22,1.0,1.0,Refund_not_showing_up,10,10,0,1
exp004-minilm-v2-n20-s22,20,22,1.0,1.0,declined_card_payment,10,10,0,3
exp004-minilm-v2-n20-s22,20,22,1.0,1.0,pending_transfer,10,10,0,3
exp004-minilm-v2-n20-s22,20,22,1.0,1.0,terminate_account,10,10,0,0
exp004-minilm-v2-n20-s22,20,22,1.0,1.0,card_swallowed,10,10,0,1
exp004-minilm-v2-n20-s22,20,22,1.0,1.0,transaction_charged_twice,10,10,0,2
exp004-minilm-v2-n20-s22,20,22,1.0,1.0,verify_source_of_funds,10,10,0,0
exp004-minilm-v2-n20-s22,20,22,1.0,1.0,transfer_timing,10,10,0,4
exp004-minilm-v2-n20-s22,20,22,1.0,1.0,reverted_card_payment?,10,10,0,3
exp004-minilm-v2-n20-s22,20,22,1.0,1.0,change_pin,10,10,0,2
exp004-minilm-v2-n20-s22,20,22,1.0,1.0,beneficiary_not_allowed,10,10,0,2
exp004-minilm-v2-n20-s22,20,22,1.0,1.0,transfer_fee_charged,10,10,0,3
exp004-minilm-v2-n20-s22,20,22,1.0,1.0,receiving_money,10,10,0,2
exp004-minilm-v2-n20-s22,20,22,1.0,1.0,failed_transfer,10,10,0,1
exp004-minilm-v2-n20-s22,20,22,1.0,1.0,transfer_into_account,10,10,0,1
exp004-minilm-v2-n20-s22,20,22,1.0,1.0,verify_top_up,10,10,0,1
exp004-minilm-v2-n20-s22,20,22,1.0,1.0,getting_spare_card,10,10,0,3
exp004-minilm-v2-n20-s22,20,22,1.0,1.0,top_up_by_cash_or_cheque,10,10,0,1
exp004-minilm-v2-n20-s22,20,22,1.0,1.0,order_physical_card,10,10,0,2
exp004-minilm-v2-n20-s22,20,22,1.0,1.0,virtual_card_not_working,10,10,0,1
exp004-minilm-v2-n20-s22,20,22,1.0,1.0,wrong_exchange_rate_for_cash_withdrawal,10,10,0,5
exp004-minilm-v2-n20-s22,20,22,1.0,1.0,get_disposable_virtual_card,10,10,0,3
exp004-minilm-v2-n20-s22,20,22,1.0,1.0,top_up_failed,10,10,0,4
exp004-minilm-v2-n20-s22,20,22,1.0,1.0,balance_not_updated_after_bank_transfer,10,10,0,2
exp004-minilm-v2-n20-s22,20,22,1.0,1.0,cash_withdrawal_not_recognised,10,10,0,3
exp004-minilm-v2-n20-s22,20,22,1.0,1.0,exchange_charge,10,10,0,0
exp004-minilm-v2-n20-s22,20,22,1.0,1.0,top_up_by_card_charge,10,10,0,0
exp004-minilm-v2-n20-s22,20,22,1.0,1.0,activate_my_card,10,10,0,0
exp004-minilm-v2-n20-s22,20,22,1.0,1.0,cash_withdrawal_charge,10,10,0,2
exp004-minilm-v2-n20-s22,20,22,1.0,1.0,card_about_to_expire,10,10,0,0
exp004-minilm-v2-n20-s22,20,22,1.0,1.0,apple_pay_or_google_pay,10,10,0,1
exp004-minilm-v2-n20-s22,20,22,1.0,1.0,verify_my_identity,10,10,0,3
exp004-minilm-v2-n20-s22,20,22,1.0,1.0,country_support,10,10,0,0
exp004-minilm-v2-n20-s33,20,33,0.25,0.2506493506493506,card_arrival,10,0,10,0
exp004-minilm-v2-n20-s33,20,33,0.25,0.2506493506493506,card_linking,10,0,10,0
exp004-minilm-v2-n20-s33,20,33,0.25,0.2506493506493506,exchange_rate,10,8,2,0
exp004-minilm-v2-n20-s33,20,33,0.25,0.2506493506493506,card_payment_wrong_exchange_rate,10,2,8,0
exp004-minilm-v2-n20-s33,20,33,0.25,0.2506493506493506,extra_charge_on_statement,10,2,8,0
exp004-minilm-v2-n20-s33,20,33,0.25,0.2506493506493506,pending_cash_withdrawal,10,4,6,0
exp004-minilm-v2-n20-s33,20,33,0.25,0.2506493506493506,fiat_currency_support,10,4,6,0
exp004-minilm-v2-n20-s33,20,33,0.25,0.2506493506493506,card_delivery_estimate,10,2,8,0
exp004-minilm-v2-n20-s33,20,33,0.25,0.2506493506493506,automatic_top_up,10,9,1,2
exp004-minilm-v2-n20-s33,20,33,0.25,0.2506493506493506,card_not_working,10,1,9,0
exp004-minilm-v2-n20-s33,20,33,0.25,0.2506493506493506,exchange_via_app,10,2,8,0
exp004-minilm-v2-n20-s33,20,33,0.25,0.2506493506493506,lost_or_stolen_card,10,0,10,0
exp004-minilm-v2-n20-s33,20,33,0.25,0.2506493506493506,age_limit,10,10,0,0
exp004-minilm-v2-n20-s33,20,33,0.25,0.2506493506493506,pin_blocked,10,2,8,0
exp004-minilm-v2-n20-s33,20,33,0.25,0.2506493506493506,contactless_not_working,10,3,7,0
exp004-minilm-v2-n20-s33,20,33,0.25,0.2506493506493506,top_up_by_bank_transfer_charge,10,0,10,0
exp004-minilm-v2-n20-s33,20,33,0.25,0.2506493506493506,pending_top_up,10,2,8,0
exp004-minilm-v2-n20-s33,20,33,0.25,0.2506493506493506,cancel_transfer,10,1,9,0
exp004-minilm-v2-n20-s33,20,33,0.25,0.2506493506493506,top_up_limits,10,6,4,0
exp004-minilm-v2-n20-s33,20,33,0.25,0.2506493506493506,wrong_amount_of_cash_received,10,0,10,0
exp004-minilm-v2-n20-s33,20,33,0.25,0.2506493506493506,card_payment_fee_charged,10,0,10,0
exp004-minilm-v2-n20-s33,20,33,0.25,0.2506493506493506,transfer_not_received_by_recipient,10,0,10,0
exp004-minilm-v2-n20-s33,20,33,0.25,0.2506493506493506,supported_cards_and_currencies,10,0,10,0
exp004-minilm-v2-n20-s33,20,33,0.25,0.2506493506493506,getting_virtual_card,10,3,7,0
exp004-minilm-v2-n20-s33,20,33,0.25,0.2506493506493506,card_acceptance,10,0,10,0
exp004-minilm-v2-n20-s33,20,33,0.25,0.2506493506493506,top_up_reverted,10,1,9,0
exp004-minilm-v2-n20-s33,20,33,0.25,0.2506493506493506,balance_not_updated_after_cheque_or_cash_deposit,10,5,5,0
exp004-minilm-v2-n20-s33,20,33,0.25,0.2506493506493506,card_payment_not_recognised,10,0,10,0
exp004-minilm-v2-n20-s33,20,33,0.25,0.2506493506493506,edit_personal_details,10,5,5,0
exp004-minilm-v2-n20-s33,20,33,0.25,0.2506493506493506,why_verify_identity,10,1,9,0
exp004-minilm-v2-n20-s33,20,33,0.25,0.2506493506493506,unable_to_verify_identity,10,3,7,0
exp004-minilm-v2-n20-s33,20,33,0.25,0.2506493506493506,get_physical_card,10,2,8,0
exp004-minilm-v2-n20-s33,20,33,0.25,0.2506493506493506,visa_or_mastercard,10,4,6,0
exp004-minilm-v2-n20-s33,20,33,0.25,0.2506493506493506,topping_up_by_card,10,0,10,0
exp004-minilm-v2-n20-s33,20,33,0.25,0.2506493506493506,disposable_card_limits,10,8,2,0
exp004-minilm-v2-n20-s33,20,33,0.25,0.2506493506493506,compromised_card,10,0,10,0
exp004-minilm-v2-n20-s33,20,33,0.25,0.2506493506493506,atm_support,10,4,6,0
exp004-minilm-v2-n20-s33,20,33,0.25,0.2506493506493506,direct_debit_payment_not_recognised,10,0,10,0
exp004-minilm-v2-n20-s33,20,33,0.25,0.2506493506493506,passcode_forgotten,10,6,4,0
exp004-minilm-v2-n20-s33,20,33,0.25,0.2506493506493506,declined_cash_withdrawal,10,0,10,0
exp004-minilm-v2-n20-s33,20,33,0.25,0.2506493506493506,pending_card_payment,10,3,7,0
exp004-minilm-v2-n20-s33,20,33,0.25,0.2506493506493506,lost_or_stolen_phone,10,6,4,0
exp004-minilm-v2-n20-s33,20,33,0.25,0.2506493506493506,request_refund,10,2,8,0
exp004-minilm-v2-n20-s33,20,33,0.25,0.2506493506493506,declined_transfer,10,4,6,0
exp004-minilm-v2-n20-s33,20,33,0.25,0.2506493506493506,Refund_not_showing_up,10,4,6,0
exp004-minilm-v2-n20-s33,20,33,0.25,0.2506493506493506,declined_card_payment,10,0,10,0
exp004-minilm-v2-n20-s33,20,33,0.25,0.2506493506493506,pending_transfer,10,0,10,0
exp004-minilm-v2-n20-s33,20,33,0.25,0.2506493506493506,terminate_account,10,10,0,0
exp004-minilm-v2-n20-s33,20,33,0.25,0.2506493506493506,card_swallowed,10,1,9,0
exp004-minilm-v2-n20-s33,20,33,0.25,0.2506493506493506,transaction_charged_twice,10,5,5,0
exp004-minilm-v2-n20-s33,20,33,0.25,0.2506493506493506,verify_source_of_funds,10,7,3,0
exp004-minilm-v2-n20-s33,20,33,0.25,0.2506493506493506,transfer_timing,10,1,9,0
exp004-minilm-v2-n20-s33,20,33,0.25,0.2506493506493506,reverted_card_payment?,10,0,10,0
exp004-minilm-v2-n20-s33,20,33,0.25,0.2506493506493506,change_pin,10,7,3,0
exp004-minilm-v2-n20-s33,20,33,0.25,0.2506493506493506,beneficiary_not_allowed,10,3,7,0
exp004-minilm-v2-n20-s33,20,33,0.25,0.2506493506493506,transfer_fee_charged,10,0,10,0
exp004-minilm-v2-n20-s33,20,33,0.25,0.2506493506493506,receiving_money,10,0,10,0
exp004-minilm-v2-n20-s33,20,33,0.25,0.2506493506493506,failed_transfer,10,2,8,0
exp004-minilm-v2-n20-s33,20,33,0.25,0.2506493506493506,transfer_into_account,10,3,7,0
exp004-minilm-v2-n20-s33,20,33,0.25,0.2506493506493506,verify_top_up,10,5,5,0
exp004-minilm-v2-n20-s33,20,33,0.25,0.2506493506493506,getting_spare_card,10,0,10,0
exp004-minilm-v2-n20-s33,20,33,0.25,0.2506493506493506,top_up_by_cash_or_cheque,10,2,8,0
exp004-minilm-v2-n20-s33,20,33,0.25,0.2506493506493506,order_physical_card,10,0,10,0
exp004-minilm-v2-n20-s33,20,33,0.25,0.2506493506493506,virtual_card_not_working,10,4,6,0
exp004-minilm-v2-n20-s33,20,33,0.25,0.2506493506493506,wrong_exchange_rate_for_cash_withdrawal,10,1,9,0
exp004-minilm-v2-n20-s33,20,33,0.25,0.2506493506493506,get_disposable_virtual_card,10,2,8,0
exp004-minilm-v2-n20-s33,20,33,0.25,0.2506493506493506,top_up_failed,10,0,10,0
exp004-minilm-v2-n20-s33,20,33,0.25,0.2506493506493506,balance_not_updated_after_bank_transfer,10,0,10,0
exp004-minilm-v2-n20-s33,20,33,0.25,0.2506493506493506,cash_withdrawal_not_recognised,10,0,10,0
exp004-minilm-v2-n20-s33,20,33,0.25,0.2506493506493506,exchange_charge,10,2,8,0
exp004-minilm-v2-n20-s33,20,33,0.25,0.2506493506493506,top_up_by_card_charge,10,0,10,0
exp004-minilm-v2-n20-s33,20,33,0.25,0.2506493506493506,activate_my_card,10,7,3,0
exp004-minilm-v2-n20-s33,20,33,0.25,0.2506493506493506,cash_withdrawal_charge,10,0,10,0
exp004-minilm-v2-n20-s33,20,33,0.25,0.2506493506493506,card_about_to_expire,10,0,10,0
exp004-minilm-v2-n20-s33,20,33,0.25,0.2506493506493506,apple_pay_or_google_pay,10,4,6,0
exp004-minilm-v2-n20-s33,20,33,0.25,0.2506493506493506,verify_my_identity,10,5,5,0
exp004-minilm-v2-n20-s33,20,33,0.25,0.2506493506493506,country_support,10,3,7,0
exp004-minilm-v2-n20-s33,20,33,0.5,0.5,card_arrival,10,0,10,0
exp004-minilm-v2-n20-s33,20,33,0.5,0.5,card_linking,10,2,8,0
exp004-minilm-v2-n20-s33,20,33,0.5,0.5,exchange_rate,10,9,1,0
exp004-minilm-v2-n20-s33,20,33,0.5,0.5,card_payment_wrong_exchange_rate,10,6,4,0
exp004-minilm-v2-n20-s33,20,33,0.5,0.5,extra_charge_on_statement,10,5,5,0
exp004-minilm-v2-n20-s33,20,33,0.5,0.5,pending_cash_withdrawal,10,6,4,0
exp004-minilm-v2-n20-s33,20,33,0.5,0.5,fiat_currency_support,10,7,3,0
exp004-minilm-v2-n20-s33,20,33,0.5,0.5,card_delivery_estimate,10,3,7,0
exp004-minilm-v2-n20-s33,20,33,0.5,0.5,automatic_top_up,10,9,1,2
exp004-minilm-v2-n20-s33,20,33,0.5,0.5,card_not_working,10,3,7,0
exp004-minilm-v2-n20-s33,20,33,0.5,0.5,exchange_via_app,10,5,5,0
exp004-minilm-v2-n20-s33,20,33,0.5,0.5,lost_or_stolen_card,10,4,6,0
exp004-minilm-v2-n20-s33,20,33,0.5,0.5,age_limit,10,10,0,0
exp004-minilm-v2-n20-s33,20,33,0.5,0.5,pin_blocked,10,8,2,0
exp004-minilm-v2-n20-s33,20,33,0.5,0.5,contactless_not_working,10,5,5,0
exp004-minilm-v2-n20-s33,20,33,0.5,0.5,top_up_by_bank_transfer_charge,10,2,8,0
exp004-minilm-v2-n20-s33,20,33,0.5,0.5,pending_top_up,10,5,5,0
exp004-minilm-v2-n20-s33,20,33,0.5,0.5,cancel_transfer,10,5,5,0
exp004-minilm-v2-n20-s33,20,33,0.5,0.5,top_up_limits,10,7,3,0
exp004-minilm-v2-n20-s33,20,33,0.5,0.5,wrong_amount_of_cash_received,10,1,9,0
exp004-minilm-v2-n20-s33,20,33,0.5,0.5,card_payment_fee_charged,10,6,4,0
exp004-minilm-v2-n20-s33,20,33,0.5,0.5,transfer_not_received_by_recipient,10,3,7,0
exp004-minilm-v2-n20-s33,20,33,0.5,0.5,supported_cards_and_currencies,10,0,10,0
exp004-minilm-v2-n20-s33,20,33,0.5,0.5,getting_virtual_card,10,8,2,1
exp004-minilm-v2-n20-s33,20,33,0.5,0.5,card_acceptance,10,0,10,0
exp004-minilm-v2-n20-s33,20,33,0.5,0.5,top_up_reverted,10,1,9,0
exp004-minilm-v2-n20-s33,20,33,0.5,0.5,balance_not_updated_after_cheque_or_cash_deposit,10,7,3,0
exp004-minilm-v2-n20-s33,20,33,0.5,0.5,card_payment_not_recognised,10,0,10,0
exp004-minilm-v2-n20-s33,20,33,0.5,0.5,edit_personal_details,10,7,3,0
exp004-minilm-v2-n20-s33,20,33,0.5,0.5,why_verify_identity,10,7,3,0
exp004-minilm-v2-n20-s33,20,33,0.5,0.5,unable_to_verify_identity,10,6,4,1
exp004-minilm-v2-n20-s33,20,33,0.5,0.5,get_physical_card,10,8,2,0
exp004-minilm-v2-n20-s33,20,33,0.5,0.5,visa_or_mastercard,10,9,1,0
exp004-minilm-v2-n20-s33,20,33,0.5,0.5,topping_up_by_card,10,0,10,0
exp004-minilm-v2-n20-s33,20,33,0.5,0.5,disposable_card_limits,10,8,2,0
exp004-minilm-v2-n20-s33,20,33,0.5,0.5,compromised_card,10,0,10,0
exp004-minilm-v2-n20-s33,20,33,0.5,0.5,atm_support,10,7,3,0
exp004-minilm-v2-n20-s33,20,33,0.5,0.5,direct_debit_payment_not_recognised,10,6,4,0
exp004-minilm-v2-n20-s33,20,33,0.5,0.5,passcode_forgotten,10,8,2,0
exp004-minilm-v2-n20-s33,20,33,0.5,0.5,declined_cash_withdrawal,10,1,9,0
exp004-minilm-v2-n20-s33,20,33,0.5,0.5,pending_card_payment,10,8,2,0
exp004-minilm-v2-n20-s33,20,33,0.5,0.5,lost_or_stolen_phone,10,8,2,0
exp004-minilm-v2-n20-s33,20,33,0.5,0.5,request_refund,10,6,4,0
exp004-minilm-v2-n20-s33,20,33,0.5,0.5,declined_transfer,10,5,5,0
exp004-minilm-v2-n20-s33,20,33,0.5,0.5,Refund_not_showing_up,10,6,4,0
exp004-minilm-v2-n20-s33,20,33,0.5,0.5,declined_card_payment,10,1,9,0
exp004-minilm-v2-n20-s33,20,33,0.5,0.5,pending_transfer,10,5,5,0
exp004-minilm-v2-n20-s33,20,33,0.5,0.5,terminate_account,10,10,0,0
exp004-minilm-v2-n20-s33,20,33,0.5,0.5,card_swallowed,10,7,3,0
exp004-minilm-v2-n20-s33,20,33,0.5,0.5,transaction_charged_twice,10,7,3,0
exp004-minilm-v2-n20-s33,20,33,0.5,0.5,verify_source_of_funds,10,8,2,0
exp004-minilm-v2-n20-s33,20,33,0.5,0.5,transfer_timing,10,4,6,0
exp004-minilm-v2-n20-s33,20,33,0.5,0.5,reverted_card_payment?,10,1,9,1
exp004-minilm-v2-n20-s33,20,33,0.5,0.5,change_pin,10,9,1,1
exp004-minilm-v2-n20-s33,20,33,0.5,0.5,beneficiary_not_allowed,10,7,3,1
exp004-minilm-v2-n20-s33,20,33,0.5,0.5,transfer_fee_charged,10,1,9,0
exp004-minilm-v2-n20-s33,20,33,0.5,0.5,receiving_money,10,1,9,0
exp004-minilm-v2-n20-s33,20,33,0.5,0.5,failed_transfer,10,7,3,0
exp004-minilm-v2-n20-s33,20,33,0.5,0.5,transfer_into_account,10,5,5,0
exp004-minilm-v2-n20-s33,20,33,0.5,0.5,verify_top_up,10,7,3,0
exp004-minilm-v2-n20-s33,20,33,0.5,0.5,getting_spare_card,10,1,9,0
exp004-minilm-v2-n20-s33,20,33,0.5,0.5,top_up_by_cash_or_cheque,10,4,6,0
exp004-minilm-v2-n20-s33,20,33,0.5,0.5,order_physical_card,10,1,9,0
exp004-minilm-v2-n20-s33,20,33,0.5,0.5,virtual_card_not_working,10,6,4,0
exp004-minilm-v2-n20-s33,20,33,0.5,0.5,wrong_exchange_rate_for_cash_withdrawal,10,6,4,3
exp004-minilm-v2-n20-s33,20,33,0.5,0.5,get_disposable_virtual_card,10,8,2,3
exp004-minilm-v2-n20-s33,20,33,0.5,0.5,top_up_failed,10,3,7,0
exp004-minilm-v2-n20-s33,20,33,0.5,0.5,balance_not_updated_after_bank_transfer,10,0,10,0
exp004-minilm-v2-n20-s33,20,33,0.5,0.5,cash_withdrawal_not_recognised,10,0,10,0
exp004-minilm-v2-n20-s33,20,33,0.5,0.5,exchange_charge,10,7,3,0
exp004-minilm-v2-n20-s33,20,33,0.5,0.5,top_up_by_card_charge,10,2,8,0
exp004-minilm-v2-n20-s33,20,33,0.5,0.5,activate_my_card,10,8,2,0
exp004-minilm-v2-n20-s33,20,33,0.5,0.5,cash_withdrawal_charge,10,3,7,0
exp004-minilm-v2-n20-s33,20,33,0.5,0.5,card_about_to_expire,10,7,3,0
exp004-minilm-v2-n20-s33,20,33,0.5,0.5,apple_pay_or_google_pay,10,6,4,0
exp004-minilm-v2-n20-s33,20,33,0.5,0.5,verify_my_identity,10,8,2,2
exp004-minilm-v2-n20-s33,20,33,0.5,0.5,country_support,10,8,2,0
exp004-minilm-v2-n20-s33,20,33,0.75,0.7506493506493507,card_arrival,10,1,9,0
exp004-minilm-v2-n20-s33,20,33,0.75,0.7506493506493507,card_linking,10,8,2,1
exp004-minilm-v2-n20-s33,20,33,0.75,0.7506493506493507,exchange_rate,10,9,1,0
exp004-minilm-v2-n20-s33,20,33,0.75,0.7506493506493507,card_payment_wrong_exchange_rate,10,8,2,0
exp004-minilm-v2-n20-s33,20,33,0.75,0.7506493506493507,extra_charge_on_statement,10,9,1,0
exp004-minilm-v2-n20-s33,20,33,0.75,0.7506493506493507,pending_cash_withdrawal,10,8,2,0
exp004-minilm-v2-n20-s33,20,33,0.75,0.7506493506493507,fiat_currency_support,10,9,1,0
exp004-minilm-v2-n20-s33,20,33,0.75,0.7506493506493507,card_delivery_estimate,10,8,2,0
exp004-minilm-v2-n20-s33,20,33,0.75,0.7506493506493507,automatic_top_up,10,10,0,2
exp004-minilm-v2-n20-s33,20,33,0.75,0.7506493506493507,card_not_working,10,8,2,2
exp004-minilm-v2-n20-s33,20,33,0.75,0.7506493506493507,exchange_via_app,10,7,3,0
exp004-minilm-v2-n20-s33,20,33,0.75,0.7506493506493507,lost_or_stolen_card,10,8,2,0
exp004-minilm-v2-n20-s33,20,33,0.75,0.7506493506493507,age_limit,10,10,0,0
exp004-minilm-v2-n20-s33,20,33,0.75,0.7506493506493507,pin_blocked,10,10,0,1
exp004-minilm-v2-n20-s33,20,33,0.75,0.7506493506493507,contactless_not_working,10,7,3,0
exp004-minilm-v2-n20-s33,20,33,0.75,0.7506493506493507,top_up_by_bank_transfer_charge,10,7,3,0
exp004-minilm-v2-n20-s33,20,33,0.75,0.7506493506493507,pending_top_up,10,8,2,0
exp004-minilm-v2-n20-s33,20,33,0.75,0.7506493506493507,cancel_transfer,10,7,3,0
exp004-minilm-v2-n20-s33,20,33,0.75,0.7506493506493507,top_up_limits,10,9,1,0
exp004-minilm-v2-n20-s33,20,33,0.75,0.7506493506493507,wrong_amount_of_cash_received,10,6,4,0
exp004-minilm-v2-n20-s33,20,33,0.75,0.7506493506493507,card_payment_fee_charged,10,7,3,0
exp004-minilm-v2-n20-s33,20,33,0.75,0.7506493506493507,transfer_not_received_by_recipient,10,6,4,2
exp004-minilm-v2-n20-s33,20,33,0.75,0.7506493506493507,supported_cards_and_currencies,10,4,6,1
exp004-minilm-v2-n20-s33,20,33,0.75,0.7506493506493507,getting_virtual_card,10,10,0,3
exp004-minilm-v2-n20-s33,20,33,0.75,0.7506493506493507,card_acceptance,10,3,7,1
exp004-minilm-v2-n20-s33,20,33,0.75,0.7506493506493507,top_up_reverted,10,6,4,2
exp004-minilm-v2-n20-s33,20,33,0.75,0.7506493506493507,balance_not_updated_after_cheque_or_cash_deposit,10,9,1,0
exp004-minilm-v2-n20-s33,20,33,0.75,0.7506493506493507,card_payment_not_recognised,10,3,7,0
exp004-minilm-v2-n20-s33,20,33,0.75,0.7506493506493507,edit_personal_details,10,8,2,0
exp004-minilm-v2-n20-s33,20,33,0.75,0.7506493506493507,why_verify_identity,10,10,0,0
exp004-minilm-v2-n20-s33,20,33,0.75,0.7506493506493507,unable_to_verify_identity,10,10,0,3
exp004-minilm-v2-n20-s33,20,33,0.75,0.7506493506493507,get_physical_card,10,9,1,0
exp004-minilm-v2-n20-s33,20,33,0.75,0.7506493506493507,visa_or_mastercard,10,9,1,0
exp004-minilm-v2-n20-s33,20,33,0.75,0.7506493506493507,topping_up_by_card,10,3,7,2
exp004-minilm-v2-n20-s33,20,33,0.75,0.7506493506493507,disposable_card_limits,10,8,2,0
exp004-minilm-v2-n20-s33,20,33,0.75,0.7506493506493507,compromised_card,10,4,6,0
exp004-minilm-v2-n20-s33,20,33,0.75,0.7506493506493507,atm_support,10,8,2,0
exp004-minilm-v2-n20-s33,20,33,0.75,0.7506493506493507,direct_debit_payment_not_recognised,10,8,2,1
exp004-minilm-v2-n20-s33,20,33,0.75,0.7506493506493507,passcode_forgotten,10,10,0,0
exp004-minilm-v2-n20-s33,20,33,0.75,0.7506493506493507,declined_cash_withdrawal,10,3,7,0
exp004-minilm-v2-n20-s33,20,33,0.75,0.7506493506493507,pending_card_payment,10,10,0,0
exp004-minilm-v2-n20-s33,20,33,0.75,0.7506493506493507,lost_or_stolen_phone,10,9,1,0
exp004-minilm-v2-n20-s33,20,33,0.75,0.7506493506493507,request_refund,10,9,1,1
exp004-minilm-v2-n20-s33,20,33,0.75,0.7506493506493507,declined_transfer,10,8,2,0
exp004-minilm-v2-n20-s33,20,33,0.75,0.7506493506493507,Refund_not_showing_up,10,8,2,2
exp004-minilm-v2-n20-s33,20,33,0.75,0.7506493506493507,declined_card_payment,10,3,7,0
exp004-minilm-v2-n20-s33,20,33,0.75,0.7506493506493507,pending_transfer,10,8,2,1
exp004-minilm-v2-n20-s33,20,33,0.75,0.7506493506493507,terminate_account,10,10,0,0
exp004-minilm-v2-n20-s33,20,33,0.75,0.7506493506493507,card_swallowed,10,7,3,0
exp004-minilm-v2-n20-s33,20,33,0.75,0.7506493506493507,transaction_charged_twice,10,9,1,0
exp004-minilm-v2-n20-s33,20,33,0.75,0.7506493506493507,verify_source_of_funds,10,10,0,0
exp004-minilm-v2-n20-s33,20,33,0.75,0.7506493506493507,transfer_timing,10,5,5,0
exp004-minilm-v2-n20-s33,20,33,0.75,0.7506493506493507,reverted_card_payment?,10,4,6,1
exp004-minilm-v2-n20-s33,20,33,0.75,0.7506493506493507,change_pin,10,10,0,2
exp004-minilm-v2-n20-s33,20,33,0.75,0.7506493506493507,beneficiary_not_allowed,10,9,1,2
exp004-minilm-v2-n20-s33,20,33,0.75,0.7506493506493507,transfer_fee_charged,10,9,1,2
exp004-minilm-v2-n20-s33,20,33,0.75,0.7506493506493507,receiving_money,10,3,7,0
exp004-minilm-v2-n20-s33,20,33,0.75,0.7506493506493507,failed_transfer,10,9,1,0
exp004-minilm-v2-n20-s33,20,33,0.75,0.7506493506493507,transfer_into_account,10,8,2,0
exp004-minilm-v2-n20-s33,20,33,0.75,0.7506493506493507,verify_top_up,10,8,2,0
exp004-minilm-v2-n20-s33,20,33,0.75,0.7506493506493507,getting_spare_card,10,4,6,0
exp004-minilm-v2-n20-s33,20,33,0.75,0.7506493506493507,top_up_by_cash_or_cheque,10,6,4,1
exp004-minilm-v2-n20-s33,20,33,0.75,0.7506493506493507,order_physical_card,10,5,5,0
exp004-minilm-v2-n20-s33,20,33,0.75,0.7506493506493507,virtual_card_not_working,10,8,2,0
exp004-minilm-v2-n20-s33,20,33,0.75,0.7506493506493507,wrong_exchange_rate_for_cash_withdrawal,10,7,3,4
exp004-minilm-v2-n20-s33,20,33,0.75,0.7506493506493507,get_disposable_virtual_card,10,9,1,3
exp004-minilm-v2-n20-s33,20,33,0.75,0.7506493506493507,top_up_failed,10,7,3,0
exp004-minilm-v2-n20-s33,20,33,0.75,0.7506493506493507,balance_not_updated_after_bank_transfer,10,4,6,2
exp004-minilm-v2-n20-s33,20,33,0.75,0.7506493506493507,cash_withdrawal_not_recognised,10,4,6,1
exp004-minilm-v2-n20-s33,20,33,0.75,0.7506493506493507,exchange_charge,10,9,1,0
exp004-minilm-v2-n20-s33,20,33,0.75,0.7506493506493507,top_up_by_card_charge,10,9,1,0
exp004-minilm-v2-n20-s33,20,33,0.75,0.7506493506493507,activate_my_card,10,10,0,0
exp004-minilm-v2-n20-s33,20,33,0.75,0.7506493506493507,cash_withdrawal_charge,10,9,1,1
exp004-minilm-v2-n20-s33,20,33,0.75,0.7506493506493507,card_about_to_expire,10,10,0,0
exp004-minilm-v2-n20-s33,20,33,0.75,0.7506493506493507,apple_pay_or_google_pay,10,8,2,0
exp004-minilm-v2-n20-s33,20,33,0.75,0.7506493506493507,verify_my_identity,10,9,1,3
exp004-minilm-v2-n20-s33,20,33,0.75,0.7506493506493507,country_support,10,9,1,0
exp004-minilm-v2-n20-s33,20,33,0.9,0.9,card_arrival,10,4,6,0
exp004-minilm-v2-n20-s33,20,33,0.9,0.9,card_linking,10,10,0,1
exp004-minilm-v2-n20-s33,20,33,0.9,0.9,exchange_rate,10,10,0,1
exp004-minilm-v2-n20-s33,20,33,0.9,0.9,card_payment_wrong_exchange_rate,10,9,1,0
exp004-minilm-v2-n20-s33,20,33,0.9,0.9,extra_charge_on_statement,10,10,0,1
exp004-minilm-v2-n20-s33,20,33,0.9,0.9,pending_cash_withdrawal,10,9,1,0
exp004-minilm-v2-n20-s33,20,33,0.9,0.9,fiat_currency_support,10,9,1,0
exp004-minilm-v2-n20-s33,20,33,0.9,0.9,card_delivery_estimate,10,9,1,0
exp004-minilm-v2-n20-s33,20,33,0.9,0.9,automatic_top_up,10,10,0,2
exp004-minilm-v2-n20-s33,20,33,0.9,0.9,card_not_working,10,10,0,2
exp004-minilm-v2-n20-s33,20,33,0.9,0.9,exchange_via_app,10,10,0,0
exp004-minilm-v2-n20-s33,20,33,0.9,0.9,lost_or_stolen_card,10,9,1,0
exp004-minilm-v2-n20-s33,20,33,0.9,0.9,age_limit,10,10,0,0
exp004-minilm-v2-n20-s33,20,33,0.9,0.9,pin_blocked,10,10,0,1
exp004-minilm-v2-n20-s33,20,33,0.9,0.9,contactless_not_working,10,7,3,0
exp004-minilm-v2-n20-s33,20,33,0.9,0.9,top_up_by_bank_transfer_charge,10,9,1,0
exp004-minilm-v2-n20-s33,20,33,0.9,0.9,pending_top_up,10,9,1,0
exp004-minilm-v2-n20-s33,20,33,0.9,0.9,cancel_transfer,10,10,0,0
exp004-minilm-v2-n20-s33,20,33,0.9,0.9,top_up_limits,10,9,1,0
exp004-minilm-v2-n20-s33,20,33,0.9,0.9,wrong_amount_of_cash_received,10,10,0,3
exp004-minilm-v2-n20-s33,20,33,0.9,0.9,card_payment_fee_charged,10,10,0,1
exp004-minilm-v2-n20-s33,20,33,0.9,0.9,transfer_not_received_by_recipient,10,10,0,6
exp004-minilm-v2-n20-s33,20,33,0.9,0.9,supported_cards_and_currencies,10,7,3,4
exp004-minilm-v2-n20-s33,20,33,0.9,0.9,getting_virtual_card,10,10,0,3
exp004-minilm-v2-n20-s33,20,33,0.9,0.9,card_acceptance,10,9,1,1
exp004-minilm-v2-n20-s33,20,33,0.9,0.9,top_up_reverted,10,8,2,2
exp004-minilm-v2-n20-s33,20,33,0.9,0.9,balance_not_updated_after_cheque_or_cash_deposit,10,10,0,0
exp004-minilm-v2-n20-s33,20,33,0.9,0.9,card_payment_not_recognised,10,7,3,0
exp004-minilm-v2-n20-s33,20,33,0.9,0.9,edit_personal_details,10,9,1,0
exp004-minilm-v2-n20-s33,20,33,0.9,0.9,why_verify_identity,10,10,0,0
exp004-minilm-v2-n20-s33,20,33,0.9,0.9,unable_to_verify_identity,10,10,0,3
exp004-minilm-v2-n20-s33,20,33,0.9,0.9,get_physical_card,10,10,0,1
exp004-minilm-v2-n20-s33,20,33,0.9,0.9,visa_or_mastercard,10,9,1,0
exp004-minilm-v2-n20-s33,20,33,0.9,0.9,topping_up_by_card,10,5,5,3
exp004-minilm-v2-n20-s33,20,33,0.9,0.9,disposable_card_limits,10,10,0,1
exp004-minilm-v2-n20-s33,20,33,0.9,0.9,compromised_card,10,8,2,0
exp004-minilm-v2-n20-s33,20,33,0.9,0.9,atm_support,10,10,0,1
exp004-minilm-v2-n20-s33,20,33,0.9,0.9,direct_debit_payment_not_recognised,10,9,1,2
exp004-minilm-v2-n20-s33,20,33,0.9,0.9,passcode_forgotten,10,10,0,0
exp004-minilm-v2-n20-s33,20,33,0.9,0.9,declined_cash_withdrawal,10,9,1,3
exp004-minilm-v2-n20-s33,20,33,0.9,0.9,pending_card_payment,10,10,0,0
exp004-minilm-v2-n20-s33,20,33,0.9,0.9,lost_or_stolen_phone,10,10,0,1
exp004-minilm-v2-n20-s33,20,33,0.9,0.9,request_refund,10,9,1,1
exp004-minilm-v2-n20-s33,20,33,0.9,0.9,declined_transfer,10,9,1,1
exp004-minilm-v2-n20-s33,20,33,0.9,0.9,Refund_not_showing_up,10,10,0,2
exp004-minilm-v2-n20-s33,20,33,0.9,0.9,declined_card_payment,10,5,5,0
exp004-minilm-v2-n20-s33,20,33,0.9,0.9,pending_transfer,10,10,0,3
exp004-minilm-v2-n20-s33,20,33,0.9,0.9,terminate_account,10,10,0,0
exp004-minilm-v2-n20-s33,20,33,0.9,0.9,card_swallowed,10,9,1,1
exp004-minilm-v2-n20-s33,20,33,0.9,0.9,transaction_charged_twice,10,9,1,0
exp004-minilm-v2-n20-s33,20,33,0.9,0.9,verify_source_of_funds,10,10,0,0
exp004-minilm-v2-n20-s33,20,33,0.9,0.9,transfer_timing,10,7,3,1
exp004-minilm-v2-n20-s33,20,33,0.9,0.9,reverted_card_payment?,10,6,4,2
exp004-minilm-v2-n20-s33,20,33,0.9,0.9,change_pin,10,10,0,2
exp004-minilm-v2-n20-s33,20,33,0.9,0.9,beneficiary_not_allowed,10,10,0,2
exp004-minilm-v2-n20-s33,20,33,0.9,0.9,transfer_fee_charged,10,9,1,2
exp004-minilm-v2-n20-s33,20,33,0.9,0.9,receiving_money,10,5,5,1
exp004-minilm-v2-n20-s33,20,33,0.9,0.9,failed_transfer,10,10,0,0
exp004-minilm-v2-n20-s33,20,33,0.9,0.9,transfer_into_account,10,10,0,1
exp004-minilm-v2-n20-s33,20,33,0.9,0.9,verify_top_up,10,8,2,0
exp004-minilm-v2-n20-s33,20,33,0.9,0.9,getting_spare_card,10,8,2,0
exp004-minilm-v2-n20-s33,20,33,0.9,0.9,top_up_by_cash_or_cheque,10,10,0,2
exp004-minilm-v2-n20-s33,20,33,0.9,0.9,order_physical_card,10,7,3,0
exp004-minilm-v2-n20-s33,20,33,0.9,0.9,virtual_card_not_working,10,10,0,1
exp004-minilm-v2-n20-s33,20,33,0.9,0.9,wrong_exchange_rate_for_cash_withdrawal,10,9,1,5
exp004-minilm-v2-n20-s33,20,33,0.9,0.9,get_disposable_virtual_card,10,10,0,4
exp004-minilm-v2-n20-s33,20,33,0.9,0.9,top_up_failed,10,9,1,1
exp004-minilm-v2-n20-s33,20,33,0.9,0.9,balance_not_updated_after_bank_transfer,10,8,2,2
exp004-minilm-v2-n20-s33,20,33,0.9,0.9,cash_withdrawal_not_recognised,10,5,5,2
exp004-minilm-v2-n20-s33,20,33,0.9,0.9,exchange_charge,10,10,0,0
exp004-minilm-v2-n20-s33,20,33,0.9,0.9,top_up_by_card_charge,10,10,0,1
exp004-minilm-v2-n20-s33,20,33,0.9,0.9,activate_my_card,10,10,0,0
exp004-minilm-v2-n20-s33,20,33,0.9,0.9,cash_withdrawal_charge,10,9,1,1
exp004-minilm-v2-n20-s33,20,33,0.9,0.9,card_about_to_expire,10,10,0,0
exp004-minilm-v2-n20-s33,20,33,0.9,0.9,apple_pay_or_google_pay,10,10,0,0
exp004-minilm-v2-n20-s33,20,33,0.9,0.9,verify_my_identity,10,9,1,3
exp004-minilm-v2-n20-s33,20,33,0.9,0.9,country_support,10,10,0,1
exp004-minilm-v2-n20-s33,20,33,1.0,1.0,card_arrival,10,10,0,2
exp004-minilm-v2-n20-s33,20,33,1.0,1.0,card_linking,10,10,0,1
exp004-minilm-v2-n20-s33,20,33,1.0,1.0,exchange_rate,10,10,0,1
exp004-minilm-v2-n20-s33,20,33,1.0,1.0,card_payment_wrong_exchange_rate,10,10,0,0
exp004-minilm-v2-n20-s33,20,33,1.0,1.0,extra_charge_on_statement,10,10,0,1
exp004-minilm-v2-n20-s33,20,33,1.0,1.0,pending_cash_withdrawal,10,10,0,1
exp004-minilm-v2-n20-s33,20,33,1.0,1.0,fiat_currency_support,10,10,0,0
exp004-minilm-v2-n20-s33,20,33,1.0,1.0,card_delivery_estimate,10,10,0,1
exp004-minilm-v2-n20-s33,20,33,1.0,1.0,automatic_top_up,10,10,0,2
exp004-minilm-v2-n20-s33,20,33,1.0,1.0,card_not_working,10,10,0,2
exp004-minilm-v2-n20-s33,20,33,1.0,1.0,exchange_via_app,10,10,0,0
exp004-minilm-v2-n20-s33,20,33,1.0,1.0,lost_or_stolen_card,10,10,0,1
exp004-minilm-v2-n20-s33,20,33,1.0,1.0,age_limit,10,10,0,0
exp004-minilm-v2-n20-s33,20,33,1.0,1.0,pin_blocked,10,10,0,1
exp004-minilm-v2-n20-s33,20,33,1.0,1.0,contactless_not_working,10,10,0,3
exp004-minilm-v2-n20-s33,20,33,1.0,1.0,top_up_by_bank_transfer_charge,10,10,0,0
exp004-minilm-v2-n20-s33,20,33,1.0,1.0,pending_top_up,10,10,0,1
exp004-minilm-v2-n20-s33,20,33,1.0,1.0,cancel_transfer,10,10,0,0
exp004-minilm-v2-n20-s33,20,33,1.0,1.0,top_up_limits,10,10,0,1
exp004-minilm-v2-n20-s33,20,33,1.0,1.0,wrong_amount_of_cash_received,10,10,0,3
exp004-minilm-v2-n20-s33,20,33,1.0,1.0,card_payment_fee_charged,10,10,0,1
exp004-minilm-v2-n20-s33,20,33,1.0,1.0,transfer_not_received_by_recipient,10,10,0,6
exp004-minilm-v2-n20-s33,20,33,1.0,1.0,supported_cards_and_currencies,10,10,0,5
exp004-minilm-v2-n20-s33,20,33,1.0,1.0,getting_virtual_card,10,10,0,3
exp004-minilm-v2-n20-s33,20,33,1.0,1.0,card_acceptance,10,10,0,1
exp004-minilm-v2-n20-s33,20,33,1.0,1.0,top_up_reverted,10,10,0,3
exp004-minilm-v2-n20-s33,20,33,1.0,1.0,balance_not_updated_after_cheque_or_cash_deposit,10,10,0,0
exp004-minilm-v2-n20-s33,20,33,1.0,1.0,card_payment_not_recognised,10,10,0,2
exp004-minilm-v2-n20-s33,20,33,1.0,1.0,edit_personal_details,10,10,0,0
exp004-minilm-v2-n20-s33,20,33,1.0,1.0,why_verify_identity,10,10,0,0
exp004-minilm-v2-n20-s33,20,33,1.0,1.0,unable_to_verify_identity,10,10,0,3
exp004-minilm-v2-n20-s33,20,33,1.0,1.0,get_physical_card,10,10,0,1
exp004-minilm-v2-n20-s33,20,33,1.0,1.0,visa_or_mastercard,10,10,0,0
exp004-minilm-v2-n20-s33,20,33,1.0,1.0,topping_up_by_card,10,10,0,6
exp004-minilm-v2-n20-s33,20,33,1.0,1.0,disposable_card_limits,10,10,0,1
exp004-minilm-v2-n20-s33,20,33,1.0,1.0,compromised_card,10,10,0,0
exp004-minilm-v2-n20-s33,20,33,1.0,1.0,atm_support,10,10,0,1
exp004-minilm-v2-n20-s33,20,33,1.0,1.0,direct_debit_payment_not_recognised,10,10,0,2
exp004-minilm-v2-n20-s33,20,33,1.0,1.0,passcode_forgotten,10,10,0,0
exp004-minilm-v2-n20-s33,20,33,1.0,1.0,declined_cash_withdrawal,10,10,0,4
exp004-minilm-v2-n20-s33,20,33,1.0,1.0,pending_card_payment,10,10,0,0
exp004-minilm-v2-n20-s33,20,33,1.0,1.0,lost_or_stolen_phone,10,10,0,1
exp004-minilm-v2-n20-s33,20,33,1.0,1.0,request_refund,10,10,0,1
exp004-minilm-v2-n20-s33,20,33,1.0,1.0,declined_transfer,10,10,0,1
exp004-minilm-v2-n20-s33,20,33,1.0,1.0,Refund_not_showing_up,10,10,0,2
exp004-minilm-v2-n20-s33,20,33,1.0,1.0,declined_card_payment,10,10,0,5
exp004-minilm-v2-n20-s33,20,33,1.0,1.0,pending_transfer,10,10,0,3
exp004-minilm-v2-n20-s33,20,33,1.0,1.0,terminate_account,10,10,0,0
exp004-minilm-v2-n20-s33,20,33,1.0,1.0,card_swallowed,10,10,0,1
exp004-minilm-v2-n20-s33,20,33,1.0,1.0,transaction_charged_twice,10,10,0,1
exp004-minilm-v2-n20-s33,20,33,1.0,1.0,verify_source_of_funds,10,10,0,0
exp004-minilm-v2-n20-s33,20,33,1.0,1.0,transfer_timing,10,10,0,3
exp004-minilm-v2-n20-s33,20,33,1.0,1.0,reverted_card_payment?,10,10,0,5
exp004-minilm-v2-n20-s33,20,33,1.0,1.0,change_pin,10,10,0,2
exp004-minilm-v2-n20-s33,20,33,1.0,1.0,beneficiary_not_allowed,10,10,0,2
exp004-minilm-v2-n20-s33,20,33,1.0,1.0,transfer_fee_charged,10,10,0,3
exp004-minilm-v2-n20-s33,20,33,1.0,1.0,receiving_money,10,10,0,2
exp004-minilm-v2-n20-s33,20,33,1.0,1.0,failed_transfer,10,10,0,0
exp004-minilm-v2-n20-s33,20,33,1.0,1.0,transfer_into_account,10,10,0,1
exp004-minilm-v2-n20-s33,20,33,1.0,1.0,verify_top_up,10,10,0,1
exp004-minilm-v2-n20-s33,20,33,1.0,1.0,getting_spare_card,10,10,0,2
exp004-minilm-v2-n20-s33,20,33,1.0,1.0,top_up_by_cash_or_cheque,10,10,0,2
exp004-minilm-v2-n20-s33,20,33,1.0,1.0,order_physical_card,10,10,0,3
exp004-minilm-v2-n20-s33,20,33,1.0,1.0,virtual_card_not_working,10,10,0,1
exp004-minilm-v2-n20-s33,20,33,1.0,1.0,wrong_exchange_rate_for_cash_withdrawal,10,10,0,6
exp004-minilm-v2-n20-s33,20,33,1.0,1.0,get_disposable_virtual_card,10,10,0,4
exp004-minilm-v2-n20-s33,20,33,1.0,1.0,top_up_failed,10,10,0,2
exp004-minilm-v2-n20-s33,20,33,1.0,1.0,balance_not_updated_after_bank_transfer,10,10,0,3
exp004-minilm-v2-n20-s33,20,33,1.0,1.0,cash_withdrawal_not_recognised,10,10,0,6
exp004-minilm-v2-n20-s33,20,33,1.0,1.0,exchange_charge,10,10,0,0
exp004-minilm-v2-n20-s33,20,33,1.0,1.0,top_up_by_card_charge,10,10,0,1
exp004-minilm-v2-n20-s33,20,33,1.0,1.0,activate_my_card,10,10,0,0
exp004-minilm-v2-n20-s33,20,33,1.0,1.0,cash_withdrawal_charge,10,10,0,2
exp004-minilm-v2-n20-s33,20,33,1.0,1.0,card_about_to_expire,10,10,0,0
exp004-minilm-v2-n20-s33,20,33,1.0,1.0,apple_pay_or_google_pay,10,10,0,0
exp004-minilm-v2-n20-s33,20,33,1.0,1.0,verify_my_identity,10,10,0,3
exp004-minilm-v2-n20-s33,20,33,1.0,1.0,country_support,10,10,0,1
exp004-minilm-v2-n20-s44,20,44,0.25,0.2506493506493506,card_arrival,10,0,10,0
exp004-minilm-v2-n20-s44,20,44,0.25,0.2506493506493506,card_linking,10,0,10,0
exp004-minilm-v2-n20-s44,20,44,0.25,0.2506493506493506,exchange_rate,10,9,1,0
exp004-minilm-v2-n20-s44,20,44,0.25,0.2506493506493506,card_payment_wrong_exchange_rate,10,2,8,0
exp004-minilm-v2-n20-s44,20,44,0.25,0.2506493506493506,extra_charge_on_statement,10,2,8,0
exp004-minilm-v2-n20-s44,20,44,0.25,0.2506493506493506,pending_cash_withdrawal,10,4,6,0
exp004-minilm-v2-n20-s44,20,44,0.25,0.2506493506493506,fiat_currency_support,10,4,6,0
exp004-minilm-v2-n20-s44,20,44,0.25,0.2506493506493506,card_delivery_estimate,10,2,8,0
exp004-minilm-v2-n20-s44,20,44,0.25,0.2506493506493506,automatic_top_up,10,9,1,2
exp004-minilm-v2-n20-s44,20,44,0.25,0.2506493506493506,card_not_working,10,0,10,0
exp004-minilm-v2-n20-s44,20,44,0.25,0.2506493506493506,exchange_via_app,10,1,9,0
exp004-minilm-v2-n20-s44,20,44,0.25,0.2506493506493506,lost_or_stolen_card,10,0,10,0
exp004-minilm-v2-n20-s44,20,44,0.25,0.2506493506493506,age_limit,10,10,0,0
exp004-minilm-v2-n20-s44,20,44,0.25,0.2506493506493506,pin_blocked,10,2,8,0
exp004-minilm-v2-n20-s44,20,44,0.25,0.2506493506493506,contactless_not_working,10,3,7,0
exp004-minilm-v2-n20-s44,20,44,0.25,0.2506493506493506,top_up_by_bank_transfer_charge,10,2,8,0
exp004-minilm-v2-n20-s44,20,44,0.25,0.2506493506493506,pending_top_up,10,2,8,0
exp004-minilm-v2-n20-s44,20,44,0.25,0.2506493506493506,cancel_transfer,10,2,8,0
exp004-minilm-v2-n20-s44,20,44,0.25,0.2506493506493506,top_up_limits,10,6,4,0
exp004-minilm-v2-n20-s44,20,44,0.25,0.2506493506493506,wrong_amount_of_cash_received,10,0,10,0
exp004-minilm-v2-n20-s44,20,44,0.25,0.2506493506493506,card_payment_fee_charged,10,1,9,0
exp004-minilm-v2-n20-s44,20,44,0.25,0.2506493506493506,transfer_not_received_by_recipient,10,0,10,0
exp004-minilm-v2-n20-s44,20,44,0.25,0.2506493506493506,supported_cards_and_currencies,10,0,10,0
exp004-minilm-v2-n20-s44,20,44,0.25,0.2506493506493506,getting_virtual_card,10,3,7,0
exp004-minilm-v2-n20-s44,20,44,0.25,0.2506493506493506,card_acceptance,10,0,10,0
exp004-minilm-v2-n20-s44,20,44,0.25,0.2506493506493506,top_up_reverted,10,1,9,0
exp004-minilm-v2-n20-s44,20,44,0.25,0.2506493506493506,balance_not_updated_after_cheque_or_cash_deposit,10,3,7,0
exp004-minilm-v2-n20-s44,20,44,0.25,0.2506493506493506,card_payment_not_recognised,10,0,10,0
exp004-minilm-v2-n20-s44,20,44,0.25,0.2506493506493506,edit_personal_details,10,4,6,0
exp004-minilm-v2-n20-s44,20,44,0.25,0.2506493506493506,why_verify_identity,10,2,8,0
exp004-minilm-v2-n20-s44,20,44,0.25,0.2506493506493506,unable_to_verify_identity,10,2,8,0
exp004-minilm-v2-n20-s44,20,44,0.25,0.2506493506493506,get_physical_card,10,0,10,0
exp004-minilm-v2-n20-s44,20,44,0.25,0.2506493506493506,visa_or_mastercard,10,4,6,0
exp004-minilm-v2-n20-s44,20,44,0.25,0.2506493506493506,topping_up_by_card,10,0,10,0
exp004-minilm-v2-n20-s44,20,44,0.25,0.2506493506493506,disposable_card_limits,10,8,2,0
exp004-minilm-v2-n20-s44,20,44,0.25,0.2506493506493506,compromised_card,10,0,10,0
exp004-minilm-v2-n20-s44,20,44,0.25,0.2506493506493506,atm_support,10,4,6,0
exp004-minilm-v2-n20-s44,20,44,0.25,0.2506493506493506,direct_debit_payment_not_recognised,10,2,8,0
exp004-minilm-v2-n20-s44,20,44,0.25,0.2506493506493506,passcode_forgotten,10,6,4,0
exp004-minilm-v2-n20-s44,20,44,0.25,0.2506493506493506,declined_cash_withdrawal,10,0,10,0
exp004-minilm-v2-n20-s44,20,44,0.25,0.2506493506493506,pending_card_payment,10,4,6,0
exp004-minilm-v2-n20-s44,20,44,0.25,0.2506493506493506,lost_or_stolen_phone,10,6,4,0
exp004-minilm-v2-n20-s44,20,44,0.25,0.2506493506493506,request_refund,10,1,9,0
exp004-minilm-v2-n20-s44,20,44,0.25,0.2506493506493506,declined_transfer,10,4,6,0
exp004-minilm-v2-n20-s44,20,44,0.25,0.2506493506493506,Refund_not_showing_up,10,4,6,0
exp004-minilm-v2-n20-s44,20,44,0.25,0.2506493506493506,declined_card_payment,10,0,10,0
exp004-minilm-v2-n20-s44,20,44,0.25,0.2506493506493506,pending_transfer,10,1,9,0
exp004-minilm-v2-n20-s44,20,44,0.25,0.2506493506493506,terminate_account,10,7,3,0
exp004-minilm-v2-n20-s44,20,44,0.25,0.2506493506493506,card_swallowed,10,0,10,0
exp004-minilm-v2-n20-s44,20,44,0.25,0.2506493506493506,transaction_charged_twice,10,4,6,0
exp004-minilm-v2-n20-s44,20,44,0.25,0.2506493506493506,verify_source_of_funds,10,6,4,0
exp004-minilm-v2-n20-s44,20,44,0.25,0.2506493506493506,transfer_timing,10,1,9,0
exp004-minilm-v2-n20-s44,20,44,0.25,0.2506493506493506,reverted_card_payment?,10,0,10,0
exp004-minilm-v2-n20-s44,20,44,0.25,0.2506493506493506,change_pin,10,7,3,0
exp004-minilm-v2-n20-s44,20,44,0.25,0.2506493506493506,beneficiary_not_allowed,10,0,10,0
exp004-minilm-v2-n20-s44,20,44,0.25,0.2506493506493506,transfer_fee_charged,10,0,10,0
exp004-minilm-v2-n20-s44,20,44,0.25,0.2506493506493506,receiving_money,10,1,9,0
exp004-minilm-v2-n20-s44,20,44,0.25,0.2506493506493506,failed_transfer,10,2,8,0
exp004-minilm-v2-n20-s44,20,44,0.25,0.2506493506493506,transfer_into_account,10,3,7,0
exp004-minilm-v2-n20-s44,20,44,0.25,0.2506493506493506,verify_top_up,10,6,4,0
exp004-minilm-v2-n20-s44,20,44,0.25,0.2506493506493506,getting_spare_card,10,1,9,0
exp004-minilm-v2-n20-s44,20,44,0.25,0.2506493506493506,top_up_by_cash_or_cheque,10,2,8,0
exp004-minilm-v2-n20-s44,20,44,0.25,0.2506493506493506,order_physical_card,10,0,10,0
exp004-minilm-v2-n20-s44,20,44,0.25,0.2506493506493506,virtual_card_not_working,10,3,7,0
exp004-minilm-v2-n20-s44,20,44,0.25,0.2506493506493506,wrong_exchange_rate_for_cash_withdrawal,10,0,10,0
exp004-minilm-v2-n20-s44,20,44,0.25,0.2506493506493506,get_disposable_virtual_card,10,3,7,0
exp004-minilm-v2-n20-s44,20,44,0.25,0.2506493506493506,top_up_failed,10,0,10,0
exp004-minilm-v2-n20-s44,20,44,0.25,0.2506493506493506,balance_not_updated_after_bank_transfer,10,0,10,0
exp004-minilm-v2-n20-s44,20,44,0.25,0.2506493506493506,cash_withdrawal_not_recognised,10,0,10,0
exp004-minilm-v2-n20-s44,20,44,0.25,0.2506493506493506,exchange_charge,10,3,7,0
exp004-minilm-v2-n20-s44,20,44,0.25,0.2506493506493506,top_up_by_card_charge,10,0,10,0
exp004-minilm-v2-n20-s44,20,44,0.25,0.2506493506493506,activate_my_card,10,6,4,0
exp004-minilm-v2-n20-s44,20,44,0.25,0.2506493506493506,cash_withdrawal_charge,10,0,10,0
exp004-minilm-v2-n20-s44,20,44,0.25,0.2506493506493506,card_about_to_expire,10,4,6,0
exp004-minilm-v2-n20-s44,20,44,0.25,0.2506493506493506,apple_pay_or_google_pay,10,4,6,0
exp004-minilm-v2-n20-s44,20,44,0.25,0.2506493506493506,verify_my_identity,10,6,4,0
exp004-minilm-v2-n20-s44,20,44,0.25,0.2506493506493506,country_support,10,4,6,0
exp004-minilm-v2-n20-s44,20,44,0.5,0.5,card_arrival,10,0,10,0
exp004-minilm-v2-n20-s44,20,44,0.5,0.5,card_linking,10,3,7,0
exp004-minilm-v2-n20-s44,20,44,0.5,0.5,exchange_rate,10,9,1,0
exp004-minilm-v2-n20-s44,20,44,0.5,0.5,card_payment_wrong_exchange_rate,10,5,5,0
exp004-minilm-v2-n20-s44,20,44,0.5,0.5,extra_charge_on_statement,10,5,5,0
exp004-minilm-v2-n20-s44,20,44,0.5,0.5,pending_cash_withdrawal,10,6,4,0
exp004-minilm-v2-n20-s44,20,44,0.5,0.5,fiat_currency_support,10,7,3,0
exp004-minilm-v2-n20-s44,20,44,0.5,0.5,card_delivery_estimate,10,2,8,0
exp004-minilm-v2-n20-s44,20,44,0.5,0.5,automatic_top_up,10,9,1,2
exp004-minilm-v2-n20-s44,20,44,0.5,0.5,card_not_working,10,3,7,0
exp004-minilm-v2-n20-s44,20,44,0.5,0.5,exchange_via_app,10,7,3,0
exp004-minilm-v2-n20-s44,20,44,0.5,0.5,lost_or_stolen_card,10,3,7,0
exp004-minilm-v2-n20-s44,20,44,0.5,0.5,age_limit,10,10,0,0
exp004-minilm-v2-n20-s44,20,44,0.5,0.5,pin_blocked,10,4,6,0
exp004-minilm-v2-n20-s44,20,44,0.5,0.5,contactless_not_working,10,4,6,0
exp004-minilm-v2-n20-s44,20,44,0.5,0.5,top_up_by_bank_transfer_charge,10,5,5,0
exp004-minilm-v2-n20-s44,20,44,0.5,0.5,pending_top_up,10,4,6,1
exp004-minilm-v2-n20-s44,20,44,0.5,0.5,cancel_transfer,10,6,4,0
exp004-minilm-v2-n20-s44,20,44,0.5,0.5,top_up_limits,10,7,3,0
exp004-minilm-v2-n20-s44,20,44,0.5,0.5,wrong_amount_of_cash_received,10,1,9,0
exp004-minilm-v2-n20-s44,20,44,0.5,0.5,card_payment_fee_charged,10,5,5,0
exp004-minilm-v2-n20-s44,20,44,0.5,0.5,transfer_not_received_by_recipient,10,1,9,0
exp004-minilm-v2-n20-s44,20,44,0.5,0.5,supported_cards_and_currencies,10,1,9,1
exp004-minilm-v2-n20-s44,20,44,0.5,0.5,getting_virtual_card,10,8,2,0
exp004-minilm-v2-n20-s44,20,44,0.5,0.5,card_acceptance,10,1,9,0
exp004-minilm-v2-n20-s44,20,44,0.5,0.5,top_up_reverted,10,2,8,1
exp004-minilm-v2-n20-s44,20,44,0.5,0.5,balance_not_updated_after_cheque_or_cash_deposit,10,7,3,0
exp004-minilm-v2-n20-s44,20,44,0.5,0.5,card_payment_not_recognised,10,0,10,0
exp004-minilm-v2-n20-s44,20,44,0.5,0.5,edit_personal_details,10,7,3,0
exp004-minilm-v2-n20-s44,20,44,0.5,0.5,why_verify_identity,10,7,3,1
exp004-minilm-v2-n20-s44,20,44,0.5,0.5,unable_to_verify_identity,10,6,4,0
exp004-minilm-v2-n20-s44,20,44,0.5,0.5,get_physical_card,10,7,3,0
exp004-minilm-v2-n20-s44,20,44,0.5,0.5,visa_or_mastercard,10,9,1,0
exp004-minilm-v2-n20-s44,20,44,0.5,0.5,topping_up_by_card,10,0,10,0
exp004-minilm-v2-n20-s44,20,44,0.5,0.5,disposable_card_limits,10,8,2,0
exp004-minilm-v2-n20-s44,20,44,0.5,0.5,compromised_card,10,3,7,0
exp004-minilm-v2-n20-s44,20,44,0.5,0.5,atm_support,10,8,2,0
exp004-minilm-v2-n20-s44,20,44,0.5,0.5,direct_debit_payment_not_recognised,10,6,4,0
exp004-minilm-v2-n20-s44,20,44,0.5,0.5,passcode_forgotten,10,10,0,0
exp004-minilm-v2-n20-s44,20,44,0.5,0.5,declined_cash_withdrawal,10,0,10,0
exp004-minilm-v2-n20-s44,20,44,0.5,0.5,pending_card_payment,10,9,1,0
exp004-minilm-v2-n20-s44,20,44,0.5,0.5,lost_or_stolen_phone,10,9,1,0
exp004-minilm-v2-n20-s44,20,44,0.5,0.5,request_refund,10,5,5,1
exp004-minilm-v2-n20-s44,20,44,0.5,0.5,declined_transfer,10,8,2,0
exp004-minilm-v2-n20-s44,20,44,0.5,0.5,Refund_not_showing_up,10,6,4,0
exp004-minilm-v2-n20-s44,20,44,0.5,0.5,declined_card_payment,10,1,9,0
exp004-minilm-v2-n20-s44,20,44,0.5,0.5,pending_transfer,10,6,4,0
exp004-minilm-v2-n20-s44,20,44,0.5,0.5,terminate_account,10,10,0,0
exp004-minilm-v2-n20-s44,20,44,0.5,0.5,card_swallowed,10,7,3,0
exp004-minilm-v2-n20-s44,20,44,0.5,0.5,transaction_charged_twice,10,8,2,0
exp004-minilm-v2-n20-s44,20,44,0.5,0.5,verify_source_of_funds,10,10,0,0
exp004-minilm-v2-n20-s44,20,44,0.5,0.5,transfer_timing,10,1,9,0
exp004-minilm-v2-n20-s44,20,44,0.5,0.5,reverted_card_payment?,10,1,9,0
exp004-minilm-v2-n20-s44,20,44,0.5,0.5,change_pin,10,8,2,1
exp004-minilm-v2-n20-s44,20,44,0.5,0.5,beneficiary_not_allowed,10,1,9,1
exp004-minilm-v2-n20-s44,20,44,0.5,0.5,transfer_fee_charged,10,2,8,0
exp004-minilm-v2-n20-s44,20,44,0.5,0.5,receiving_money,10,1,9,0
exp004-minilm-v2-n20-s44,20,44,0.5,0.5,failed_transfer,10,6,4,0
exp004-minilm-v2-n20-s44,20,44,0.5,0.5,transfer_into_account,10,5,5,0
exp004-minilm-v2-n20-s44,20,44,0.5,0.5,verify_top_up,10,7,3,0
exp004-minilm-v2-n20-s44,20,44,0.5,0.5,getting_spare_card,10,1,9,0
exp004-minilm-v2-n20-s44,20,44,0.5,0.5,top_up_by_cash_or_cheque,10,4,6,0
exp004-minilm-v2-n20-s44,20,44,0.5,0.5,order_physical_card,10,2,8,0
exp004-minilm-v2-n20-s44,20,44,0.5,0.5,virtual_card_not_working,10,6,4,0
exp004-minilm-v2-n20-s44,20,44,0.5,0.5,wrong_exchange_rate_for_cash_withdrawal,10,4,6,2
exp004-minilm-v2-n20-s44,20,44,0.5,0.5,get_disposable_virtual_card,10,8,2,1
exp004-minilm-v2-n20-s44,20,44,0.5,0.5,top_up_failed,10,4,6,0
exp004-minilm-v2-n20-s44,20,44,0.5,0.5,balance_not_updated_after_bank_transfer,10,0,10,0
exp004-minilm-v2-n20-s44,20,44,0.5,0.5,cash_withdrawal_not_recognised,10,0,10,0
exp004-minilm-v2-n20-s44,20,44,0.5,0.5,exchange_charge,10,9,1,0
exp004-minilm-v2-n20-s44,20,44,0.5,0.5,top_up_by_card_charge,10,4,6,0
exp004-minilm-v2-n20-s44,20,44,0.5,0.5,activate_my_card,10,8,2,0
exp004-minilm-v2-n20-s44,20,44,0.5,0.5,cash_withdrawal_charge,10,3,7,0
exp004-minilm-v2-n20-s44,20,44,0.5,0.5,card_about_to_expire,10,6,4,0
exp004-minilm-v2-n20-s44,20,44,0.5,0.5,apple_pay_or_google_pay,10,5,5,0
exp004-minilm-v2-n20-s44,20,44,0.5,0.5,verify_my_identity,10,7,3,0
exp004-minilm-v2-n20-s44,20,44,0.5,0.5,country_support,10,7,3,0
exp004-minilm-v2-n20-s44,20,44,0.75,0.7506493506493507,card_arrival,10,4,6,0
exp004-minilm-v2-n20-s44,20,44,0.75,0.7506493506493507,card_linking,10,6,4,1
exp004-minilm-v2-n20-s44,20,44,0.75,0.7506493506493507,exchange_rate,10,9,1,0
exp004-minilm-v2-n20-s44,20,44,0.75,0.7506493506493507,card_payment_wrong_exchange_rate,10,9,1,0
exp004-minilm-v2-n20-s44,20,44,0.75,0.7506493506493507,extra_charge_on_statement,10,7,3,0
exp004-minilm-v2-n20-s44,20,44,0.75,0.7506493506493507,pending_cash_withdrawal,10,7,3,0
exp004-minilm-v2-n20-s44,20,44,0.75,0.7506493506493507,fiat_currency_support,10,8,2,0
exp004-minilm-v2-n20-s44,20,44,0.75,0.7506493506493507,card_delivery_estimate,10,6,4,0
exp004-minilm-v2-n20-s44,20,44,0.75,0.7506493506493507,automatic_top_up,10,10,0,2
exp004-minilm-v2-n20-s44,20,44,0.75,0.7506493506493507,card_not_working,10,9,1,2
exp004-minilm-v2-n20-s44,20,44,0.75,0.7506493506493507,exchange_via_app,10,9,1,0
exp004-minilm-v2-n20-s44,20,44,0.75,0.7506493506493507,lost_or_stolen_card,10,8,2,0
exp004-minilm-v2-n20-s44,20,44,0.75,0.7506493506493507,age_limit,10,10,0,0
exp004-minilm-v2-n20-s44,20,44,0.75,0.7506493506493507,pin_blocked,10,10,0,2
exp004-minilm-v2-n20-s44,20,44,0.75,0.7506493506493507,contactless_not_working,10,6,4,0
exp004-minilm-v2-n20-s44,20,44,0.75,0.7506493506493507,top_up_by_bank_transfer_charge,10,5,5,0
exp004-minilm-v2-n20-s44,20,44,0.75,0.7506493506493507,pending_top_up,10,8,2,2
exp004-minilm-v2-n20-s44,20,44,0.75,0.7506493506493507,cancel_transfer,10,10,0,0
exp004-minilm-v2-n20-s44,20,44,0.75,0.7506493506493507,top_up_limits,10,8,2,0
exp004-minilm-v2-n20-s44,20,44,0.75,0.7506493506493507,wrong_amount_of_cash_received,10,6,4,0
exp004-minilm-v2-n20-s44,20,44,0.75,0.7506493506493507,card_payment_fee_charged,10,8,2,0
exp004-minilm-v2-n20-s44,20,44,0.75,0.7506493506493507,transfer_not_received_by_recipient,10,4,6,2
exp004-minilm-v2-n20-s44,20,44,0.75,0.7506493506493507,supported_cards_and_currencies,10,6,4,3
exp004-minilm-v2-n20-s44,20,44,0.75,0.7506493506493507,getting_virtual_card,10,10,0,0
exp004-minilm-v2-n20-s44,20,44,0.75,0.7506493506493507,card_acceptance,10,5,5,1
exp004-minilm-v2-n20-s44,20,44,0.75,0.7506493506493507,top_up_reverted,10,6,4,2
exp004-minilm-v2-n20-s44,20,44,0.75,0.7506493506493507,balance_not_updated_after_cheque_or_cash_deposit,10,9,1,0
exp004-minilm-v2-n20-s44,20,44,0.75,0.7506493506493507,card_payment_not_recognised,10,6,4,0
exp004-minilm-v2-n20-s44,20,44,0.75,0.7506493506493507,edit_personal_details,10,8,2,0
exp004-minilm-v2-n20-s44,20,44,0.75,0.7506493506493507,why_verify_identity,10,10,0,1
exp004-minilm-v2-n20-s44,20,44,0.75,0.7506493506493507,unable_to_verify_identity,10,10,0,1
exp004-minilm-v2-n20-s44,20,44,0.75,0.7506493506493507,get_physical_card,10,9,1,0
exp004-minilm-v2-n20-s44,20,44,0.75,0.7506493506493507,visa_or_mastercard,10,9,1,0
exp004-minilm-v2-n20-s44,20,44,0.75,0.7506493506493507,topping_up_by_card,10,2,8,2
exp004-minilm-v2-n20-s44,20,44,0.75,0.7506493506493507,disposable_card_limits,10,8,2,0
exp004-minilm-v2-n20-s44,20,44,0.75,0.7506493506493507,compromised_card,10,5,5,0
exp004-minilm-v2-n20-s44,20,44,0.75,0.7506493506493507,atm_support,10,8,2,0
exp004-minilm-v2-n20-s44,20,44,0.75,0.7506493506493507,direct_debit_payment_not_recognised,10,7,3,0
exp004-minilm-v2-n20-s44,20,44,0.75,0.7506493506493507,passcode_forgotten,10,10,0,0
exp004-minilm-v2-n20-s44,20,44,0.75,0.7506493506493507,declined_cash_withdrawal,10,3,7,0
exp004-minilm-v2-n20-s44,20,44,0.75,0.7506493506493507,pending_card_payment,10,10,0,0
exp004-minilm-v2-n20-s44,20,44,0.75,0.7506493506493507,lost_or_stolen_phone,10,9,1,0
exp004-minilm-v2-n20-s44,20,44,0.75,0.7506493506493507,request_refund,10,7,3,1
exp004-minilm-v2-n20-s44,20,44,0.75,0.7506493506493507,declined_transfer,10,8,2,0
exp004-minilm-v2-n20-s44,20,44,0.75,0.7506493506493507,Refund_not_showing_up,10,8,2,0
exp004-minilm-v2-n20-s44,20,44,0.75,0.7506493506493507,declined_card_payment,10,3,7,1
exp004-minilm-v2-n20-s44,20,44,0.75,0.7506493506493507,pending_transfer,10,8,2,1
exp004-minilm-v2-n20-s44,20,44,0.75,0.7506493506493507,terminate_account,10,10,0,0
exp004-minilm-v2-n20-s44,20,44,0.75,0.7506493506493507,card_swallowed,10,7,3,0
exp004-minilm-v2-n20-s44,20,44,0.75,0.7506493506493507,transaction_charged_twice,10,8,2,0
exp004-minilm-v2-n20-s44,20,44,0.75,0.7506493506493507,verify_source_of_funds,10,10,0,0
exp004-minilm-v2-n20-s44,20,44,0.75,0.7506493506493507,transfer_timing,10,6,4,1
exp004-minilm-v2-n20-s44,20,44,0.75,0.7506493506493507,reverted_card_payment?,10,4,6,1
exp004-minilm-v2-n20-s44,20,44,0.75,0.7506493506493507,change_pin,10,10,0,2
exp004-minilm-v2-n20-s44,20,44,0.75,0.7506493506493507,beneficiary_not_allowed,10,7,3,1
exp004-minilm-v2-n20-s44,20,44,0.75,0.7506493506493507,transfer_fee_charged,10,7,3,1
exp004-minilm-v2-n20-s44,20,44,0.75,0.7506493506493507,receiving_money,10,3,7,0
exp004-minilm-v2-n20-s44,20,44,0.75,0.7506493506493507,failed_transfer,10,9,1,0
exp004-minilm-v2-n20-s44,20,44,0.75,0.7506493506493507,transfer_into_account,10,8,2,0
exp004-minilm-v2-n20-s44,20,44,0.75,0.7506493506493507,verify_top_up,10,8,2,0
exp004-minilm-v2-n20-s44,20,44,0.75,0.7506493506493507,getting_spare_card,10,7,3,0
exp004-minilm-v2-n20-s44,20,44,0.75,0.7506493506493507,top_up_by_cash_or_cheque,10,5,5,1
exp004-minilm-v2-n20-s44,20,44,0.75,0.7506493506493507,order_physical_card,10,5,5,0
exp004-minilm-v2-n20-s44,20,44,0.75,0.7506493506493507,virtual_card_not_working,10,9,1,0
exp004-minilm-v2-n20-s44,20,44,0.75,0.7506493506493507,wrong_exchange_rate_for_cash_withdrawal,10,9,1,5
exp004-minilm-v2-n20-s44,20,44,0.75,0.7506493506493507,get_disposable_virtual_card,10,9,1,1
exp004-minilm-v2-n20-s44,20,44,0.75,0.7506493506493507,top_up_failed,10,5,5,0
exp004-minilm-v2-n20-s44,20,44,0.75,0.7506493506493507,balance_not_updated_after_bank_transfer,10,4,6,2
exp004-minilm-v2-n20-s44,20,44,0.75,0.7506493506493507,cash_withdrawal_not_recognised,10,2,8,0
exp004-minilm-v2-n20-s44,20,44,0.75,0.7506493506493507,exchange_charge,10,9,1,0
exp004-minilm-v2-n20-s44,20,44,0.75,0.7506493506493507,top_up_by_card_charge,10,9,1,0
exp004-minilm-v2-n20-s44,20,44,0.75,0.7506493506493507,activate_my_card,10,10,0,0
exp004-minilm-v2-n20-s44,20,44,0.75,0.7506493506493507,cash_withdrawal_charge,10,9,1,1
exp004-minilm-v2-n20-s44,20,44,0.75,0.7506493506493507,card_about_to_expire,10,9,1,0
exp004-minilm-v2-n20-s44,20,44,0.75,0.7506493506493507,apple_pay_or_google_pay,10,10,0,0
exp004-minilm-v2-n20-s44,20,44,0.75,0.7506493506493507,verify_my_identity,10,9,1,1
exp004-minilm-v2-n20-s44,20,44,0.75,0.7506493506493507,country_support,10,10,0,0
exp004-minilm-v2-n20-s44,20,44,0.9,0.9,card_arrival,10,9,1,2
exp004-minilm-v2-n20-s44,20,44,0.9,0.9,card_linking,10,10,0,1
exp004-minilm-v2-n20-s44,20,44,0.9,0.9,exchange_rate,10,9,1,0
exp004-minilm-v2-n20-s44,20,44,0.9,0.9,card_payment_wrong_exchange_rate,10,10,0,0
exp004-minilm-v2-n20-s44,20,44,0.9,0.9,extra_charge_on_statement,10,10,0,1
exp004-minilm-v2-n20-s44,20,44,0.9,0.9,pending_cash_withdrawal,10,10,0,1
exp004-minilm-v2-n20-s44,20,44,0.9,0.9,fiat_currency_support,10,9,1,0
exp004-minilm-v2-n20-s44,20,44,0.9,0.9,card_delivery_estimate,10,9,1,1
exp004-minilm-v2-n20-s44,20,44,0.9,0.9,automatic_top_up,10,10,0,2
exp004-minilm-v2-n20-s44,20,44,0.9,0.9,card_not_working,10,10,0,2
exp004-minilm-v2-n20-s44,20,44,0.9,0.9,exchange_via_app,10,10,0,0
exp004-minilm-v2-n20-s44,20,44,0.9,0.9,lost_or_stolen_card,10,8,2,0
exp004-minilm-v2-n20-s44,20,44,0.9,0.9,age_limit,10,10,0,0
exp004-minilm-v2-n20-s44,20,44,0.9,0.9,pin_blocked,10,10,0,2
exp004-minilm-v2-n20-s44,20,44,0.9,0.9,contactless_not_working,10,7,3,0
exp004-minilm-v2-n20-s44,20,44,0.9,0.9,top_up_by_bank_transfer_charge,10,6,4,0
exp004-minilm-v2-n20-s44,20,44,0.9,0.9,pending_top_up,10,9,1,2
exp004-minilm-v2-n20-s44,20,44,0.9,0.9,cancel_transfer,10,10,0,0
exp004-minilm-v2-n20-s44,20,44,0.9,0.9,top_up_limits,10,9,1,0
exp004-minilm-v2-n20-s44,20,44,0.9,0.9,wrong_amount_of_cash_received,10,10,0,2
exp004-minilm-v2-n20-s44,20,44,0.9,0.9,card_payment_fee_charged,10,9,1,0
exp004-minilm-v2-n20-s44,20,44,0.9,0.9,transfer_not_received_by_recipient,10,9,1,7
exp004-minilm-v2-n20-s44,20,44,0.9,0.9,supported_cards_and_currencies,10,7,3,4
exp004-minilm-v2-n20-s44,20,44,0.9,0.9,getting_virtual_card,10,10,0,0
exp004-minilm-v2-n20-s44,20,44,0.9,0.9,card_acceptance,10,8,2,1
exp004-minilm-v2-n20-s44,20,44,0.9,0.9,top_up_reverted,10,7,3,3
exp004-minilm-v2-n20-s44,20,44,0.9,0.9,balance_not_updated_after_cheque_or_cash_deposit,10,10,0,0
exp004-minilm-v2-n20-s44,20,44,0.9,0.9,card_payment_not_recognised,10,8,2,0
exp004-minilm-v2-n20-s44,20,44,0.9,0.9,edit_personal_details,10,9,1,0
exp004-minilm-v2-n20-s44,20,44,0.9,0.9,why_verify_identity,10,10,0,1
exp004-minilm-v2-n20-s44,20,44,0.9,0.9,unable_to_verify_identity,10,10,0,1
exp004-minilm-v2-n20-s44,20,44,0.9,0.9,get_physical_card,10,9,1,0
exp004-minilm-v2-n20-s44,20,44,0.9,0.9,visa_or_mastercard,10,9,1,0
exp004-minilm-v2-n20-s44,20,44,0.9,0.9,topping_up_by_card,10,7,3,5
exp004-minilm-v2-n20-s44,20,44,0.9,0.9,disposable_card_limits,10,9,1,0
exp004-minilm-v2-n20-s44,20,44,0.9,0.9,compromised_card,10,8,2,1
exp004-minilm-v2-n20-s44,20,44,0.9,0.9,atm_support,10,9,1,0
exp004-minilm-v2-n20-s44,20,44,0.9,0.9,direct_debit_payment_not_recognised,10,10,0,3
exp004-minilm-v2-n20-s44,20,44,0.9,0.9,passcode_forgotten,10,10,0,0
exp004-minilm-v2-n20-s44,20,44,0.9,0.9,declined_cash_withdrawal,10,10,0,5
exp004-minilm-v2-n20-s44,20,44,0.9,0.9,pending_card_payment,10,10,0,0
exp004-minilm-v2-n20-s44,20,44,0.9,0.9,lost_or_stolen_phone,10,10,0,1
exp004-minilm-v2-n20-s44,20,44,0.9,0.9,request_refund,10,9,1,2
exp004-minilm-v2-n20-s44,20,44,0.9,0.9,declined_transfer,10,9,1,0
exp004-minilm-v2-n20-s44,20,44,0.9,0.9,Refund_not_showing_up,10,10,0,1
exp004-minilm-v2-n20-s44,20,44,0.9,0.9,declined_card_payment,10,6,4,1
exp004-minilm-v2-n20-s44,20,44,0.9,0.9,pending_transfer,10,10,0,2
exp004-minilm-v2-n20-s44,20,44,0.9,0.9,terminate_account,10,10,0,0
exp004-minilm-v2-n20-s44,20,44,0.9,0.9,card_swallowed,10,9,1,1
exp004-minilm-v2-n20-s44,20,44,0.9,0.9,transaction_charged_twice,10,9,1,1
exp004-minilm-v2-n20-s44,20,44,0.9,0.9,verify_source_of_funds,10,10,0,0
exp004-minilm-v2-n20-s44,20,44,0.9,0.9,transfer_timing,10,7,3,1
exp004-minilm-v2-n20-s44,20,44,0.9,0.9,reverted_card_payment?,10,6,4,2
exp004-minilm-v2-n20-s44,20,44,0.9,0.9,change_pin,10,10,0,2
exp004-minilm-v2-n20-s44,20,44,0.9,0.9,beneficiary_not_allowed,10,10,0,1
exp004-minilm-v2-n20-s44,20,44,0.9,0.9,transfer_fee_charged,10,9,1,1
exp004-minilm-v2-n20-s44,20,44,0.9,0.9,receiving_money,10,6,4,1
exp004-minilm-v2-n20-s44,20,44,0.9,0.9,failed_transfer,10,10,0,0
exp004-minilm-v2-n20-s44,20,44,0.9,0.9,transfer_into_account,10,9,1,0
exp004-minilm-v2-n20-s44,20,44,0.9,0.9,verify_top_up,10,8,2,0
exp004-minilm-v2-n20-s44,20,44,0.9,0.9,getting_spare_card,10,8,2,1
exp004-minilm-v2-n20-s44,20,44,0.9,0.9,top_up_by_cash_or_cheque,10,10,0,2
exp004-minilm-v2-n20-s44,20,44,0.9,0.9,order_physical_card,10,8,2,1
exp004-minilm-v2-n20-s44,20,44,0.9,0.9,virtual_card_not_working,10,10,0,1
exp004-minilm-v2-n20-s44,20,44,0.9,0.9,wrong_exchange_rate_for_cash_withdrawal,10,10,0,5
exp004-minilm-v2-n20-s44,20,44,0.9,0.9,get_disposable_virtual_card,10,10,0,2
exp004-minilm-v2-n20-s44,20,44,0.9,0.9,top_up_failed,10,7,3,0
exp004-minilm-v2-n20-s44,20,44,0.9,0.9,balance_not_updated_after_bank_transfer,10,8,2,2
exp004-minilm-v2-n20-s44,20,44,0.9,0.9,cash_withdrawal_not_recognised,10,5,5,1
exp004-minilm-v2-n20-s44,20,44,0.9,0.9,exchange_charge,10,10,0,0
exp004-minilm-v2-n20-s44,20,44,0.9,0.9,top_up_by_card_charge,10,10,0,0
exp004-minilm-v2-n20-s44,20,44,0.9,0.9,activate_my_card,10,10,0,0
exp004-minilm-v2-n20-s44,20,44,0.9,0.9,cash_withdrawal_charge,10,9,1,1
exp004-minilm-v2-n20-s44,20,44,0.9,0.9,card_about_to_expire,10,9,1,0
exp004-minilm-v2-n20-s44,20,44,0.9,0.9,apple_pay_or_google_pay,10,10,0,0
exp004-minilm-v2-n20-s44,20,44,0.9,0.9,verify_my_identity,10,9,1,1
exp004-minilm-v2-n20-s44,20,44,0.9,0.9,country_support,10,10,0,0
exp004-minilm-v2-n20-s44,20,44,1.0,1.0,card_arrival,10,10,0,2
exp004-minilm-v2-n20-s44,20,44,1.0,1.0,card_linking,10,10,0,1
exp004-minilm-v2-n20-s44,20,44,1.0,1.0,exchange_rate,10,10,0,1
exp004-minilm-v2-n20-s44,20,44,1.0,1.0,card_payment_wrong_exchange_rate,10,10,0,0
exp004-minilm-v2-n20-s44,20,44,1.0,1.0,extra_charge_on_statement,10,10,0,1
exp004-minilm-v2-n20-s44,20,44,1.0,1.0,pending_cash_withdrawal,10,10,0,1
exp004-minilm-v2-n20-s44,20,44,1.0,1.0,fiat_currency_support,10,10,0,0
exp004-minilm-v2-n20-s44,20,44,1.0,1.0,card_delivery_estimate,10,10,0,2
exp004-minilm-v2-n20-s44,20,44,1.0,1.0,automatic_top_up,10,10,0,2
exp004-minilm-v2-n20-s44,20,44,1.0,1.0,card_not_working,10,10,0,2
exp004-minilm-v2-n20-s44,20,44,1.0,1.0,exchange_via_app,10,10,0,0
exp004-minilm-v2-n20-s44,20,44,1.0,1.0,lost_or_stolen_card,10,10,0,1
exp004-minilm-v2-n20-s44,20,44,1.0,1.0,age_limit,10,10,0,0
exp004-minilm-v2-n20-s44,20,44,1.0,1.0,pin_blocked,10,10,0,2
exp004-minilm-v2-n20-s44,20,44,1.0,1.0,contactless_not_working,10,10,0,3
exp004-minilm-v2-n20-s44,20,44,1.0,1.0,top_up_by_bank_transfer_charge,10,10,0,1
exp004-minilm-v2-n20-s44,20,44,1.0,1.0,pending_top_up,10,10,0,3
exp004-minilm-v2-n20-s44,20,44,1.0,1.0,cancel_transfer,10,10,0,0
exp004-minilm-v2-n20-s44,20,44,1.0,1.0,top_up_limits,10,10,0,1
exp004-minilm-v2-n20-s44,20,44,1.0,1.0,wrong_amount_of_cash_received,10,10,0,2
exp004-minilm-v2-n20-s44,20,44,1.0,1.0,card_payment_fee_charged,10,10,0,1
exp004-minilm-v2-n20-s44,20,44,1.0,1.0,transfer_not_received_by_recipient,10,10,0,8
exp004-minilm-v2-n20-s44,20,44,1.0,1.0,supported_cards_and_currencies,10,10,0,7
exp004-minilm-v2-n20-s44,20,44,1.0,1.0,getting_virtual_card,10,10,0,0
exp004-minilm-v2-n20-s44,20,44,1.0,1.0,card_acceptance,10,10,0,2
exp004-minilm-v2-n20-s44,20,44,1.0,1.0,top_up_reverted,10,10,0,4
exp004-minilm-v2-n20-s44,20,44,1.0,1.0,balance_not_updated_after_cheque_or_cash_deposit,10,10,0,0
exp004-minilm-v2-n20-s44,20,44,1.0,1.0,card_payment_not_recognised,10,10,0,1
exp004-minilm-v2-n20-s44,20,44,1.0,1.0,edit_personal_details,10,10,0,0
exp004-minilm-v2-n20-s44,20,44,1.0,1.0,why_verify_identity,10,10,0,1
exp004-minilm-v2-n20-s44,20,44,1.0,1.0,unable_to_verify_identity,10,10,0,1
exp004-minilm-v2-n20-s44,20,44,1.0,1.0,get_physical_card,10,10,0,1
exp004-minilm-v2-n20-s44,20,44,1.0,1.0,visa_or_mastercard,10,10,0,1
exp004-minilm-v2-n20-s44,20,44,1.0,1.0,topping_up_by_card,10,10,0,5
exp004-minilm-v2-n20-s44,20,44,1.0,1.0,disposable_card_limits,10,10,0,1
exp004-minilm-v2-n20-s44,20,44,1.0,1.0,compromised_card,10,10,0,1
exp004-minilm-v2-n20-s44,20,44,1.0,1.0,atm_support,10,10,0,1
exp004-minilm-v2-n20-s44,20,44,1.0,1.0,direct_debit_payment_not_recognised,10,10,0,3
exp004-minilm-v2-n20-s44,20,44,1.0,1.0,passcode_forgotten,10,10,0,0
exp004-minilm-v2-n20-s44,20,44,1.0,1.0,declined_cash_withdrawal,10,10,0,5
exp004-minilm-v2-n20-s44,20,44,1.0,1.0,pending_card_payment,10,10,0,0
exp004-minilm-v2-n20-s44,20,44,1.0,1.0,lost_or_stolen_phone,10,10,0,1
exp004-minilm-v2-n20-s44,20,44,1.0,1.0,request_refund,10,10,0,2
exp004-minilm-v2-n20-s44,20,44,1.0,1.0,declined_transfer,10,10,0,0
exp004-minilm-v2-n20-s44,20,44,1.0,1.0,Refund_not_showing_up,10,10,0,1
exp004-minilm-v2-n20-s44,20,44,1.0,1.0,declined_card_payment,10,10,0,2
exp004-minilm-v2-n20-s44,20,44,1.0,1.0,pending_transfer,10,10,0,2
exp004-minilm-v2-n20-s44,20,44,1.0,1.0,terminate_account,10,10,0,0
exp004-minilm-v2-n20-s44,20,44,1.0,1.0,card_swallowed,10,10,0,2
exp004-minilm-v2-n20-s44,20,44,1.0,1.0,transaction_charged_twice,10,10,0,1
exp004-minilm-v2-n20-s44,20,44,1.0,1.0,verify_source_of_funds,10,10,0,0
exp004-minilm-v2-n20-s44,20,44,1.0,1.0,transfer_timing,10,10,0,4
exp004-minilm-v2-n20-s44,20,44,1.0,1.0,reverted_card_payment?,10,10,0,6
exp004-minilm-v2-n20-s44,20,44,1.0,1.0,change_pin,10,10,0,2
exp004-minilm-v2-n20-s44,20,44,1.0,1.0,beneficiary_not_allowed,10,10,0,1
exp004-minilm-v2-n20-s44,20,44,1.0,1.0,transfer_fee_charged,10,10,0,2
exp004-minilm-v2-n20-s44,20,44,1.0,1.0,receiving_money,10,10,0,1
exp004-minilm-v2-n20-s44,20,44,1.0,1.0,failed_transfer,10,10,0,0
exp004-minilm-v2-n20-s44,20,44,1.0,1.0,transfer_into_account,10,10,0,1
exp004-minilm-v2-n20-s44,20,44,1.0,1.0,verify_top_up,10,10,0,0
exp004-minilm-v2-n20-s44,20,44,1.0,1.0,getting_spare_card,10,10,0,2
exp004-minilm-v2-n20-s44,20,44,1.0,1.0,top_up_by_cash_or_cheque,10,10,0,2
exp004-minilm-v2-n20-s44,20,44,1.0,1.0,order_physical_card,10,10,0,2
exp004-minilm-v2-n20-s44,20,44,1.0,1.0,virtual_card_not_working,10,10,0,1
exp004-minilm-v2-n20-s44,20,44,1.0,1.0,wrong_exchange_rate_for_cash_withdrawal,10,10,0,5
exp004-minilm-v2-n20-s44,20,44,1.0,1.0,get_disposable_virtual_card,10,10,0,2
exp004-minilm-v2-n20-s44,20,44,1.0,1.0,top_up_failed,10,10,0,2
exp004-minilm-v2-n20-s44,20,44,1.0,1.0,balance_not_updated_after_bank_transfer,10,10,0,4
exp004-minilm-v2-n20-s44,20,44,1.0,1.0,cash_withdrawal_not_recognised,10,10,0,4
exp004-minilm-v2-n20-s44,20,44,1.0,1.0,exchange_charge,10,10,0,0
exp004-minilm-v2-n20-s44,20,44,1.0,1.0,top_up_by_card_charge,10,10,0,0
exp004-minilm-v2-n20-s44,20,44,1.0,1.0,activate_my_card,10,10,0,0
exp004-minilm-v2-n20-s44,20,44,1.0,1.0,cash_withdrawal_charge,10,10,0,2
exp004-minilm-v2-n20-s44,20,44,1.0,1.0,card_about_to_expire,10,10,0,0
exp004-minilm-v2-n20-s44,20,44,1.0,1.0,apple_pay_or_google_pay,10,10,0,0
exp004-minilm-v2-n20-s44,20,44,1.0,1.0,verify_my_identity,10,10,0,2
exp004-minilm-v2-n20-s44,20,44,1.0,1.0,country_support,10,10,0,0
exp004-minilm-v2-n20-s55,20,55,0.25,0.2506493506493506,card_arrival,10,0,10,0
exp004-minilm-v2-n20-s55,20,55,0.25,0.2506493506493506,card_linking,10,0,10,0
exp004-minilm-v2-n20-s55,20,55,0.25,0.2506493506493506,exchange_rate,10,9,1,0
exp004-minilm-v2-n20-s55,20,55,0.25,0.2506493506493506,card_payment_wrong_exchange_rate,10,2,8,0
exp004-minilm-v2-n20-s55,20,55,0.25,0.2506493506493506,extra_charge_on_statement,10,0,10,0
exp004-minilm-v2-n20-s55,20,55,0.25,0.2506493506493506,pending_cash_withdrawal,10,4,6,0
exp004-minilm-v2-n20-s55,20,55,0.25,0.2506493506493506,fiat_currency_support,10,5,5,0
exp004-minilm-v2-n20-s55,20,55,0.25,0.2506493506493506,card_delivery_estimate,10,0,10,0
exp004-minilm-v2-n20-s55,20,55,0.25,0.2506493506493506,automatic_top_up,10,8,2,1
exp004-minilm-v2-n20-s55,20,55,0.25,0.2506493506493506,card_not_working,10,0,10,0
exp004-minilm-v2-n20-s55,20,55,0.25,0.2506493506493506,exchange_via_app,10,0,10,0
exp004-minilm-v2-n20-s55,20,55,0.25,0.2506493506493506,lost_or_stolen_card,10,0,10,0
exp004-minilm-v2-n20-s55,20,55,0.25,0.2506493506493506,age_limit,10,9,1,0
exp004-minilm-v2-n20-s55,20,55,0.25,0.2506493506493506,pin_blocked,10,2,8,0
exp004-minilm-v2-n20-s55,20,55,0.25,0.2506493506493506,contactless_not_working,10,3,7,0
exp004-minilm-v2-n20-s55,20,55,0.25,0.2506493506493506,top_up_by_bank_transfer_charge,10,1,9,0
exp004-minilm-v2-n20-s55,20,55,0.25,0.2506493506493506,pending_top_up,10,2,8,0
exp004-minilm-v2-n20-s55,20,55,0.25,0.2506493506493506,cancel_transfer,10,2,8,0
exp004-minilm-v2-n20-s55,20,55,0.25,0.2506493506493506,top_up_limits,10,7,3,0
exp004-minilm-v2-n20-s55,20,55,0.25,0.2506493506493506,wrong_amount_of_cash_received,10,0,10,0
exp004-minilm-v2-n20-s55,20,55,0.25,0.2506493506493506,card_payment_fee_charged,10,1,9,0
exp004-minilm-v2-n20-s55,20,55,0.25,0.2506493506493506,transfer_not_received_by_recipient,10,0,10,0
exp004-minilm-v2-n20-s55,20,55,0.25,0.2506493506493506,supported_cards_and_currencies,10,0,10,0
exp004-minilm-v2-n20-s55,20,55,0.25,0.2506493506493506,getting_virtual_card,10,3,7,0
exp004-minilm-v2-n20-s55,20,55,0.25,0.2506493506493506,card_acceptance,10,0,10,0
exp004-minilm-v2-n20-s55,20,55,0.25,0.2506493506493506,top_up_reverted,10,1,9,0
exp004-minilm-v2-n20-s55,20,55,0.25,0.2506493506493506,balance_not_updated_after_cheque_or_cash_deposit,10,1,9,0
exp004-minilm-v2-n20-s55,20,55,0.25,0.2506493506493506,card_payment_not_recognised,10,0,10,0
exp004-minilm-v2-n20-s55,20,55,0.25,0.2506493506493506,edit_personal_details,10,5,5,0
exp004-minilm-v2-n20-s55,20,55,0.25,0.2506493506493506,why_verify_identity,10,1,9,0
exp004-minilm-v2-n20-s55,20,55,0.25,0.2506493506493506,unable_to_verify_identity,10,0,10,0
exp004-minilm-v2-n20-s55,20,55,0.25,0.2506493506493506,get_physical_card,10,2,8,0
exp004-minilm-v2-n20-s55,20,55,0.25,0.2506493506493506,visa_or_mastercard,10,4,6,0
exp004-minilm-v2-n20-s55,20,55,0.25,0.2506493506493506,topping_up_by_card,10,0,10,0
exp004-minilm-v2-n20-s55,20,55,0.25,0.2506493506493506,disposable_card_limits,10,8,2,0
exp004-minilm-v2-n20-s55,20,55,0.25,0.2506493506493506,compromised_card,10,0,10,0
exp004-minilm-v2-n20-s55,20,55,0.25,0.2506493506493506,atm_support,10,0,10,0
exp004-minilm-v2-n20-s55,20,55,0.25,0.2506493506493506,direct_debit_payment_not_recognised,10,0,10,0
exp004-minilm-v2-n20-s55,20,55,0.25,0.2506493506493506,passcode_forgotten,10,9,1,0
exp004-minilm-v2-n20-s55,20,55,0.25,0.2506493506493506,declined_cash_withdrawal,10,0,10,0
exp004-minilm-v2-n20-s55,20,55,0.25,0.2506493506493506,pending_card_payment,10,5,5,0
exp004-minilm-v2-n20-s55,20,55,0.25,0.2506493506493506,lost_or_stolen_phone,10,8,2,0
exp004-minilm-v2-n20-s55,20,55,0.25,0.2506493506493506,request_refund,10,2,8,0
exp004-minilm-v2-n20-s55,20,55,0.25,0.2506493506493506,declined_transfer,10,4,6,0
exp004-minilm-v2-n20-s55,20,55,0.25,0.2506493506493506,Refund_not_showing_up,10,4,6,0
exp004-minilm-v2-n20-s55,20,55,0.25,0.2506493506493506,declined_card_payment,10,0,10,0
exp004-minilm-v2-n20-s55,20,55,0.25,0.2506493506493506,pending_transfer,10,2,8,0
exp004-minilm-v2-n20-s55,20,55,0.25,0.2506493506493506,terminate_account,10,10,0,0
exp004-minilm-v2-n20-s55,20,55,0.25,0.2506493506493506,card_swallowed,10,2,8,0
exp004-minilm-v2-n20-s55,20,55,0.25,0.2506493506493506,transaction_charged_twice,10,3,7,0
exp004-minilm-v2-n20-s55,20,55,0.25,0.2506493506493506,verify_source_of_funds,10,5,5,0
exp004-minilm-v2-n20-s55,20,55,0.25,0.2506493506493506,transfer_timing,10,1,9,0
exp004-minilm-v2-n20-s55,20,55,0.25,0.2506493506493506,reverted_card_payment?,10,0,10,0
exp004-minilm-v2-n20-s55,20,55,0.25,0.2506493506493506,change_pin,10,6,4,0
exp004-minilm-v2-n20-s55,20,55,0.25,0.2506493506493506,beneficiary_not_allowed,10,3,7,0
exp004-minilm-v2-n20-s55,20,55,0.25,0.2506493506493506,transfer_fee_charged,10,0,10,0
exp004-minilm-v2-n20-s55,20,55,0.25,0.2506493506493506,receiving_money,10,1,9,0
exp004-minilm-v2-n20-s55,20,55,0.25,0.2506493506493506,failed_transfer,10,3,7,0
exp004-minilm-v2-n20-s55,20,55,0.25,0.2506493506493506,transfer_into_account,10,2,8,0
exp004-minilm-v2-n20-s55,20,55,0.25,0.2506493506493506,verify_top_up,10,5,5,0
exp004-minilm-v2-n20-s55,20,55,0.25,0.2506493506493506,getting_spare_card,10,0,10,0
exp004-minilm-v2-n20-s55,20,55,0.25,0.2506493506493506,top_up_by_cash_or_cheque,10,2,8,0
exp004-minilm-v2-n20-s55,20,55,0.25,0.2506493506493506,order_physical_card,10,0,10,0
exp004-minilm-v2-n20-s55,20,55,0.25,0.2506493506493506,virtual_card_not_working,10,4,6,0
exp004-minilm-v2-n20-s55,20,55,0.25,0.2506493506493506,wrong_exchange_rate_for_cash_withdrawal,10,1,9,0
exp004-minilm-v2-n20-s55,20,55,0.25,0.2506493506493506,get_disposable_virtual_card,10,3,7,0
exp004-minilm-v2-n20-s55,20,55,0.25,0.2506493506493506,top_up_failed,10,0,10,0
exp004-minilm-v2-n20-s55,20,55,0.25,0.2506493506493506,balance_not_updated_after_bank_transfer,10,0,10,0
exp004-minilm-v2-n20-s55,20,55,0.25,0.2506493506493506,cash_withdrawal_not_recognised,10,0,10,0
exp004-minilm-v2-n20-s55,20,55,0.25,0.2506493506493506,exchange_charge,10,6,4,0
exp004-minilm-v2-n20-s55,20,55,0.25,0.2506493506493506,top_up_by_card_charge,10,0,10,0
exp004-minilm-v2-n20-s55,20,55,0.25,0.2506493506493506,activate_my_card,10,7,3,0
exp004-minilm-v2-n20-s55,20,55,0.25,0.2506493506493506,cash_withdrawal_charge,10,0,10,0
exp004-minilm-v2-n20-s55,20,55,0.25,0.2506493506493506,card_about_to_expire,10,0,10,0
exp004-minilm-v2-n20-s55,20,55,0.25,0.2506493506493506,apple_pay_or_google_pay,10,4,6,0
exp004-minilm-v2-n20-s55,20,55,0.25,0.2506493506493506,verify_my_identity,10,5,5,0
exp004-minilm-v2-n20-s55,20,55,0.25,0.2506493506493506,country_support,10,6,4,0
exp004-minilm-v2-n20-s55,20,55,0.5,0.5,card_arrival,10,1,9,0
exp004-minilm-v2-n20-s55,20,55,0.5,0.5,card_linking,10,2,8,0
exp004-minilm-v2-n20-s55,20,55,0.5,0.5,exchange_rate,10,9,1,0
exp004-minilm-v2-n20-s55,20,55,0.5,0.5,card_payment_wrong_exchange_rate,10,5,5,0
exp004-minilm-v2-n20-s55,20,55,0.5,0.5,extra_charge_on_statement,10,4,6,0
exp004-minilm-v2-n20-s55,20,55,0.5,0.5,pending_cash_withdrawal,10,6,4,0
exp004-minilm-v2-n20-s55,20,55,0.5,0.5,fiat_currency_support,10,6,4,0
exp004-minilm-v2-n20-s55,20,55,0.5,0.5,card_delivery_estimate,10,6,4,0
exp004-minilm-v2-n20-s55,20,55,0.5,0.5,automatic_top_up,10,10,0,2
exp004-minilm-v2-n20-s55,20,55,0.5,0.5,card_not_working,10,0,10,0
exp004-minilm-v2-n20-s55,20,55,0.5,0.5,exchange_via_app,10,7,3,0
exp004-minilm-v2-n20-s55,20,55,0.5,0.5,lost_or_stolen_card,10,2,8,0
exp004-minilm-v2-n20-s55,20,55,0.5,0.5,age_limit,10,10,0,0
exp004-minilm-v2-n20-s55,20,55,0.5,0.5,pin_blocked,10,7,3,0
exp004-minilm-v2-n20-s55,20,55,0.5,0.5,contactless_not_working,10,4,6,0
exp004-minilm-v2-n20-s55,20,55,0.5,0.5,top_up_by_bank_transfer_charge,10,3,7,0
exp004-minilm-v2-n20-s55,20,55,0.5,0.5,pending_top_up,10,2,8,0
exp004-minilm-v2-n20-s55,20,55,0.5,0.5,cancel_transfer,10,6,4,0
exp004-minilm-v2-n20-s55,20,55,0.5,0.5,top_up_limits,10,7,3,0
exp004-minilm-v2-n20-s55,20,55,0.5,0.5,wrong_amount_of_cash_received,10,1,9,0
exp004-minilm-v2-n20-s55,20,55,0.5,0.5,card_payment_fee_charged,10,5,5,0
exp004-minilm-v2-n20-s55,20,55,0.5,0.5,transfer_not_received_by_recipient,10,1,9,0
exp004-minilm-v2-n20-s55,20,55,0.5,0.5,supported_cards_and_currencies,10,0,10,0
exp004-minilm-v2-n20-s55,20,55,0.5,0.5,getting_virtual_card,10,7,3,0
exp004-minilm-v2-n20-s55,20,55,0.5,0.5,card_acceptance,10,1,9,0
exp004-minilm-v2-n20-s55,20,55,0.5,0.5,top_up_reverted,10,2,8,1
exp004-minilm-v2-n20-s55,20,55,0.5,0.5,balance_not_updated_after_cheque_or_cash_deposit,10,6,4,0
exp004-minilm-v2-n20-s55,20,55,0.5,0.5,card_payment_not_recognised,10,1,9,0
exp004-minilm-v2-n20-s55,20,55,0.5,0.5,edit_personal_details,10,7,3,0
exp004-minilm-v2-n20-s55,20,55,0.5,0.5,why_verify_identity,10,8,2,1
exp004-minilm-v2-n20-s55,20,55,0.5,0.5,unable_to_verify_identity,10,4,6,1
exp004-minilm-v2-n20-s55,20,55,0.5,0.5,get_physical_card,10,7,3,0
exp004-minilm-v2-n20-s55,20,55,0.5,0.5,visa_or_mastercard,10,8,2,0
exp004-minilm-v2-n20-s55,20,55,0.5,0.5,topping_up_by_card,10,0,10,0
exp004-minilm-v2-n20-s55,20,55,0.5,0.5,disposable_card_limits,10,8,2,0
exp004-minilm-v2-n20-s55,20,55,0.5,0.5,compromised_card,10,4,6,0
exp004-minilm-v2-n20-s55,20,55,0.5,0.5,atm_support,10,5,5,0
exp004-minilm-v2-n20-s55,20,55,0.5,0.5,direct_debit_payment_not_recognised,10,3,7,0
exp004-minilm-v2-n20-s55,20,55,0.5,0.5,passcode_forgotten,10,9,1,0
exp004-minilm-v2-n20-s55,20,55,0.5,0.5,declined_cash_withdrawal,10,1,9,0
exp004-minilm-v2-n20-s55,20,55,0.5,0.5,pending_card_payment,10,9,1,0
exp004-minilm-v2-n20-s55,20,55,0.5,0.5,lost_or_stolen_phone,10,9,1,0
exp004-minilm-v2-n20-s55,20,55,0.5,0.5,request_refund,10,5,5,0
exp004-minilm-v2-n20-s55,20,55,0.5,0.5,declined_transfer,10,5,5,0
exp004-minilm-v2-n20-s55,20,55,0.5,0.5,Refund_not_showing_up,10,6,4,0
exp004-minilm-v2-n20-s55,20,55,0.5,0.5,declined_card_payment,10,1,9,0
exp004-minilm-v2-n20-s55,20,55,0.5,0.5,pending_transfer,10,7,3,1
exp004-minilm-v2-n20-s55,20,55,0.5,0.5,terminate_account,10,10,0,0
exp004-minilm-v2-n20-s55,20,55,0.5,0.5,card_swallowed,10,6,4,0
exp004-minilm-v2-n20-s55,20,55,0.5,0.5,transaction_charged_twice,10,8,2,0
exp004-minilm-v2-n20-s55,20,55,0.5,0.5,verify_source_of_funds,10,10,0,0
exp004-minilm-v2-n20-s55,20,55,0.5,0.5,transfer_timing,10,1,9,0
exp004-minilm-v2-n20-s55,20,55,0.5,0.5,reverted_card_payment?,10,1,9,1
exp004-minilm-v2-n20-s55,20,55,0.5,0.5,change_pin,10,7,3,0
exp004-minilm-v2-n20-s55,20,55,0.5,0.5,beneficiary_not_allowed,10,7,3,1
exp004-minilm-v2-n20-s55,20,55,0.5,0.5,transfer_fee_charged,10,1,9,0
exp004-minilm-v2-n20-s55,20,55,0.5,0.5,receiving_money,10,1,9,0
exp004-minilm-v2-n20-s55,20,55,0.5,0.5,failed_transfer,10,6,4,0
exp004-minilm-v2-n20-s55,20,55,0.5,0.5,transfer_into_account,10,6,4,0
exp004-minilm-v2-n20-s55,20,55,0.5,0.5,verify_top_up,10,8,2,0
exp004-minilm-v2-n20-s55,20,55,0.5,0.5,getting_spare_card,10,2,8,0
exp004-minilm-v2-n20-s55,20,55,0.5,0.5,top_up_by_cash_or_cheque,10,5,5,0
exp004-minilm-v2-n20-s55,20,55,0.5,0.5,order_physical_card,10,2,8,0
exp004-minilm-v2-n20-s55,20,55,0.5,0.5,virtual_card_not_working,10,6,4,0
exp004-minilm-v2-n20-s55,20,55,0.5,0.5,wrong_exchange_rate_for_cash_withdrawal,10,5,5,3
exp004-minilm-v2-n20-s55,20,55,0.5,0.5,get_disposable_virtual_card,10,8,2,0
exp004-minilm-v2-n20-s55,20,55,0.5,0.5,top_up_failed,10,5,5,0
exp004-minilm-v2-n20-s55,20,55,0.5,0.5,balance_not_updated_after_bank_transfer,10,0,10,0
exp004-minilm-v2-n20-s55,20,55,0.5,0.5,cash_withdrawal_not_recognised,10,0,10,0
exp004-minilm-v2-n20-s55,20,55,0.5,0.5,exchange_charge,10,9,1,0
exp004-minilm-v2-n20-s55,20,55,0.5,0.5,top_up_by_card_charge,10,5,5,0
exp004-minilm-v2-n20-s55,20,55,0.5,0.5,activate_my_card,10,9,1,0
exp004-minilm-v2-n20-s55,20,55,0.5,0.5,cash_withdrawal_charge,10,3,7,0
exp004-minilm-v2-n20-s55,20,55,0.5,0.5,card_about_to_expire,10,7,3,0
exp004-minilm-v2-n20-s55,20,55,0.5,0.5,apple_pay_or_google_pay,10,6,4,0
exp004-minilm-v2-n20-s55,20,55,0.5,0.5,verify_my_identity,10,8,2,1
exp004-minilm-v2-n20-s55,20,55,0.5,0.5,country_support,10,6,4,0
exp004-minilm-v2-n20-s55,20,55,0.75,0.7506493506493507,card_arrival,10,6,4,0
exp004-minilm-v2-n20-s55,20,55,0.75,0.7506493506493507,card_linking,10,7,3,1
exp004-minilm-v2-n20-s55,20,55,0.75,0.7506493506493507,exchange_rate,10,9,1,0
exp004-minilm-v2-n20-s55,20,55,0.75,0.7506493506493507,card_payment_wrong_exchange_rate,10,9,1,0
exp004-minilm-v2-n20-s55,20,55,0.75,0.7506493506493507,extra_charge_on_statement,10,8,2,0
exp004-minilm-v2-n20-s55,20,55,0.75,0.7506493506493507,pending_cash_withdrawal,10,7,3,0
exp004-minilm-v2-n20-s55,20,55,0.75,0.7506493506493507,fiat_currency_support,10,8,2,0
exp004-minilm-v2-n20-s55,20,55,0.75,0.7506493506493507,card_delivery_estimate,10,9,1,0
exp004-minilm-v2-n20-s55,20,55,0.75,0.7506493506493507,automatic_top_up,10,10,0,2
exp004-minilm-v2-n20-s55,20,55,0.75,0.7506493506493507,card_not_working,10,5,5,0
exp004-minilm-v2-n20-s55,20,55,0.75,0.7506493506493507,exchange_via_app,10,9,1,0
exp004-minilm-v2-n20-s55,20,55,0.75,0.7506493506493507,lost_or_stolen_card,10,8,2,0
exp004-minilm-v2-n20-s55,20,55,0.75,0.7506493506493507,age_limit,10,10,0,0
exp004-minilm-v2-n20-s55,20,55,0.75,0.7506493506493507,pin_blocked,10,10,0,1
exp004-minilm-v2-n20-s55,20,55,0.75,0.7506493506493507,contactless_not_working,10,7,3,0
exp004-minilm-v2-n20-s55,20,55,0.75,0.7506493506493507,top_up_by_bank_transfer_charge,10,5,5,0
exp004-minilm-v2-n20-s55,20,55,0.75,0.7506493506493507,pending_top_up,10,8,2,2
exp004-minilm-v2-n20-s55,20,55,0.75,0.7506493506493507,cancel_transfer,10,7,3,0
exp004-minilm-v2-n20-s55,20,55,0.75,0.7506493506493507,top_up_limits,10,8,2,0
exp004-minilm-v2-n20-s55,20,55,0.75,0.7506493506493507,wrong_amount_of_cash_received,10,6,4,0
exp004-minilm-v2-n20-s55,20,55,0.75,0.7506493506493507,card_payment_fee_charged,10,6,4,0
exp004-minilm-v2-n20-s55,20,55,0.75,0.7506493506493507,transfer_not_received_by_recipient,10,4,6,3
exp004-minilm-v2-n20-s55,20,55,0.75,0.7506493506493507,supported_cards_and_currencies,10,5,5,2
exp004-minilm-v2-n20-s55,20,55,0.75,0.7506493506493507,getting_virtual_card,10,10,0,1
exp004-minilm-v2-n20-s55,20,55,0.75,0.7506493506493507,card_acceptance,10,5,5,1
exp004-minilm-v2-n20-s55,20,55,0.75,0.7506493506493507,top_up_reverted,10,5,5,2
exp004-minilm-v2-n20-s55,20,55,0.75,0.7506493506493507,balance_not_updated_after_cheque_or_cash_deposit,10,10,0,0
exp004-minilm-v2-n20-s55,20,55,0.75,0.7506493506493507,card_payment_not_recognised,10,4,6,0
exp004-minilm-v2-n20-s55,20,55,0.75,0.7506493506493507,edit_personal_details,10,8,2,0
exp004-minilm-v2-n20-s55,20,55,0.75,0.7506493506493507,why_verify_identity,10,9,1,1
exp004-minilm-v2-n20-s55,20,55,0.75,0.7506493506493507,unable_to_verify_identity,10,9,1,4
exp004-minilm-v2-n20-s55,20,55,0.75,0.7506493506493507,get_physical_card,10,9,1,0
exp004-minilm-v2-n20-s55,20,55,0.75,0.7506493506493507,visa_or_mastercard,10,9,1,0
exp004-minilm-v2-n20-s55,20,55,0.75,0.7506493506493507,topping_up_by_card,10,5,5,1
exp004-minilm-v2-n20-s55,20,55,0.75,0.7506493506493507,disposable_card_limits,10,8,2,0
exp004-minilm-v2-n20-s55,20,55,0.75,0.7506493506493507,compromised_card,10,6,4,0
exp004-minilm-v2-n20-s55,20,55,0.75,0.7506493506493507,atm_support,10,8,2,0
exp004-minilm-v2-n20-s55,20,55,0.75,0.7506493506493507,direct_debit_payment_not_recognised,10,8,2,1
exp004-minilm-v2-n20-s55,20,55,0.75,0.7506493506493507,passcode_forgotten,10,10,0,0
exp004-minilm-v2-n20-s55,20,55,0.75,0.7506493506493507,declined_cash_withdrawal,10,3,7,0
exp004-minilm-v2-n20-s55,20,55,0.75,0.7506493506493507,pending_card_payment,10,10,0,0
exp004-minilm-v2-n20-s55,20,55,0.75,0.7506493506493507,lost_or_stolen_phone,10,9,1,0
exp004-minilm-v2-n20-s55,20,55,0.75,0.7506493506493507,request_refund,10,7,3,0
exp004-minilm-v2-n20-s55,20,55,0.75,0.7506493506493507,declined_transfer,10,8,2,0
exp004-minilm-v2-n20-s55,20,55,0.75,0.7506493506493507,Refund_not_showing_up,10,9,1,1
exp004-minilm-v2-n20-s55,20,55,0.75,0.7506493506493507,declined_card_payment,10,3,7,0
exp004-minilm-v2-n20-s55,20,55,0.75,0.7506493506493507,pending_transfer,10,8,2,2
exp004-minilm-v2-n20-s55,20,55,0.75,0.7506493506493507,terminate_account,10,10,0,0
exp004-minilm-v2-n20-s55,20,55,0.75,0.7506493506493507,card_swallowed,10,7,3,0
exp004-minilm-v2-n20-s55,20,55,0.75,0.7506493506493507,transaction_charged_twice,10,9,1,0
exp004-minilm-v2-n20-s55,20,55,0.75,0.7506493506493507,verify_source_of_funds,10,10,0,0
exp004-minilm-v2-n20-s55,20,55,0.75,0.7506493506493507,transfer_timing,10,6,4,0
exp004-minilm-v2-n20-s55,20,55,0.75,0.7506493506493507,reverted_card_payment?,10,4,6,1
exp004-minilm-v2-n20-s55,20,55,0.75,0.7506493506493507,change_pin,10,10,0,1
exp004-minilm-v2-n20-s55,20,55,0.75,0.7506493506493507,beneficiary_not_allowed,10,8,2,2
exp004-minilm-v2-n20-s55,20,55,0.75,0.7506493506493507,transfer_fee_charged,10,6,4,1
exp004-minilm-v2-n20-s55,20,55,0.75,0.7506493506493507,receiving_money,10,4,6,0
exp004-minilm-v2-n20-s55,20,55,0.75,0.7506493506493507,failed_transfer,10,9,1,0
exp004-minilm-v2-n20-s55,20,55,0.75,0.7506493506493507,transfer_into_account,10,7,3,0
exp004-minilm-v2-n20-s55,20,55,0.75,0.7506493506493507,verify_top_up,10,8,2,0
exp004-minilm-v2-n20-s55,20,55,0.75,0.7506493506493507,getting_spare_card,10,7,3,0
exp004-minilm-v2-n20-s55,20,55,0.75,0.7506493506493507,top_up_by_cash_or_cheque,10,6,4,0
exp004-minilm-v2-n20-s55,20,55,0.75,0.7506493506493507,order_physical_card,10,5,5,0
exp004-minilm-v2-n20-s55,20,55,0.75,0.7506493506493507,virtual_card_not_working,10,9,1,0
exp004-minilm-v2-n20-s55,20,55,0.75,0.7506493506493507,wrong_exchange_rate_for_cash_withdrawal,10,7,3,3
exp004-minilm-v2-n20-s55,20,55,0.75,0.7506493506493507,get_disposable_virtual_card,10,10,0,1
exp004-minilm-v2-n20-s55,20,55,0.75,0.7506493506493507,top_up_failed,10,5,5,0
exp004-minilm-v2-n20-s55,20,55,0.75,0.7506493506493507,balance_not_updated_after_bank_transfer,10,4,6,1
exp004-minilm-v2-n20-s55,20,55,0.75,0.7506493506493507,cash_withdrawal_not_recognised,10,3,7,1
exp004-minilm-v2-n20-s55,20,55,0.75,0.7506493506493507,exchange_charge,10,9,1,0
exp004-minilm-v2-n20-s55,20,55,0.75,0.7506493506493507,top_up_by_card_charge,10,10,0,0
exp004-minilm-v2-n20-s55,20,55,0.75,0.7506493506493507,activate_my_card,10,10,0,0
exp004-minilm-v2-n20-s55,20,55,0.75,0.7506493506493507,cash_withdrawal_charge,10,9,1,1
exp004-minilm-v2-n20-s55,20,55,0.75,0.7506493506493507,card_about_to_expire,10,9,1,0
exp004-minilm-v2-n20-s55,20,55,0.75,0.7506493506493507,apple_pay_or_google_pay,10,8,2,0
exp004-minilm-v2-n20-s55,20,55,0.75,0.7506493506493507,verify_my_identity,10,9,1,2
exp004-minilm-v2-n20-s55,20,55,0.75,0.7506493506493507,country_support,10,9,1,0
exp004-minilm-v2-n20-s55,20,55,0.9,0.9,card_arrival,10,10,0,1
exp004-minilm-v2-n20-s55,20,55,0.9,0.9,card_linking,10,9,1,2
exp004-minilm-v2-n20-s55,20,55,0.9,0.9,exchange_rate,10,9,1,0
exp004-minilm-v2-n20-s55,20,55,0.9,0.9,card_payment_wrong_exchange_rate,10,10,0,0
exp004-minilm-v2-n20-s55,20,55,0.9,0.9,extra_charge_on_statement,10,10,0,1
exp004-minilm-v2-n20-s55,20,55,0.9,0.9,pending_cash_withdrawal,10,9,1,1
exp004-minilm-v2-n20-s55,20,55,0.9,0.9,fiat_currency_support,10,8,2,0
exp004-minilm-v2-n20-s55,20,55,0.9,0.9,card_delivery_estimate,10,9,1,0
exp004-minilm-v2-n20-s55,20,55,0.9,0.9,automatic_top_up,10,10,0,2
exp004-minilm-v2-n20-s55,20,55,0.9,0.9,card_not_working,10,10,0,2
exp004-minilm-v2-n20-s55,20,55,0.9,0.9,exchange_via_app,10,10,0,0
exp004-minilm-v2-n20-s55,20,55,0.9,0.9,lost_or_stolen_card,10,9,1,0
exp004-minilm-v2-n20-s55,20,55,0.9,0.9,age_limit,10,10,0,0
exp004-minilm-v2-n20-s55,20,55,0.9,0.9,pin_blocked,10,10,0,1
exp004-minilm-v2-n20-s55,20,55,0.9,0.9,contactless_not_working,10,7,3,0
exp004-minilm-v2-n20-s55,20,55,0.9,0.9,top_up_by_bank_transfer_charge,10,5,5,0
exp004-minilm-v2-n20-s55,20,55,0.9,0.9,pending_top_up,10,9,1,2
exp004-minilm-v2-n20-s55,20,55,0.9,0.9,cancel_transfer,10,10,0,0
exp004-minilm-v2-n20-s55,20,55,0.9,0.9,top_up_limits,10,9,1,1
exp004-minilm-v2-n20-s55,20,55,0.9,0.9,wrong_amount_of_cash_received,10,10,0,3
exp004-minilm-v2-n20-s55,20,55,0.9,0.9,card_payment_fee_charged,10,10,0,1
exp004-minilm-v2-n20-s55,20,55,0.9,0.9,transfer_not_received_by_recipient,10,9,1,7
exp004-minilm-v2-n20-s55,20,55,0.9,0.9,supported_cards_and_currencies,10,8,2,5
exp004-minilm-v2-n20-s55,20,55,0.9,0.9,getting_virtual_card,10,10,0,1
exp004-minilm-v2-n20-s55,20,55,0.9,0.9,card_acceptance,10,8,2,1
exp004-minilm-v2-n20-s55,20,55,0.9,0.9,top_up_reverted,10,6,4,2
exp004-minilm-v2-n20-s55,20,55,0.9,0.9,balance_not_updated_after_cheque_or_cash_deposit,10,10,0,0
exp004-minilm-v2-n20-s55,20,55,0.9,0.9,card_payment_not_recognised,10,7,3,0
exp004-minilm-v2-n20-s55,20,55,0.9,0.9,edit_personal_details,10,8,2,0
exp004-minilm-v2-n20-s55,20,55,0.9,0.9,why_verify_identity,10,10,0,1
exp004-minilm-v2-n20-s55,20,55,0.9,0.9,unable_to_verify_identity,10,10,0,4
exp004-minilm-v2-n20-s55,20,55,0.9,0.9,get_physical_card,10,9,1,0
exp004-minilm-v2-n20-s55,20,55,0.9,0.9,visa_or_mastercard,10,9,1,0
exp004-minilm-v2-n20-s55,20,55,0.9,0.9,topping_up_by_card,10,10,0,4
exp004-minilm-v2-n20-s55,20,55,0.9,0.9,disposable_card_limits,10,8,2,0
exp004-minilm-v2-n20-s55,20,55,0.9,0.9,compromised_card,10,7,3,0
exp004-minilm-v2-n20-s55,20,55,0.9,0.9,atm_support,10,8,2,0
exp004-minilm-v2-n20-s55,20,55,0.9,0.9,direct_debit_payment_not_recognised,10,10,0,3
exp004-minilm-v2-n20-s55,20,55,0.9,0.9,passcode_forgotten,10,10,0,0
exp004-minilm-v2-n20-s55,20,55,0.9,0.9,declined_cash_withdrawal,10,9,1,4
exp004-minilm-v2-n20-s55,20,55,0.9,0.9,pending_card_payment,10,10,0,0
exp004-minilm-v2-n20-s55,20,55,0.9,0.9,lost_or_stolen_phone,10,10,0,1
exp004-minilm-v2-n20-s55,20,55,0.9,0.9,request_refund,10,9,1,0
exp004-minilm-v2-n20-s55,20,55,0.9,0.9,declined_transfer,10,9,1,0
exp004-minilm-v2-n20-s55,20,55,0.9,0.9,Refund_not_showing_up,10,10,0,1
exp004-minilm-v2-n20-s55,20,55,0.9,0.9,declined_card_payment,10,7,3,1
exp004-minilm-v2-n20-s55,20,55,0.9,0.9,pending_transfer,10,10,0,3
exp004-minilm-v2-n20-s55,20,55,0.9,0.9,terminate_account,10,10,0,0
exp004-minilm-v2-n20-s55,20,55,0.9,0.9,card_swallowed,10,9,1,1
exp004-minilm-v2-n20-s55,20,55,0.9,0.9,transaction_charged_twice,10,9,1,0
exp004-minilm-v2-n20-s55,20,55,0.9,0.9,verify_source_of_funds,10,10,0,0
exp004-minilm-v2-n20-s55,20,55,0.9,0.9,transfer_timing,10,9,1,2
exp004-minilm-v2-n20-s55,20,55,0.9,0.9,reverted_card_payment?,10,7,3,2
exp004-minilm-v2-n20-s55,20,55,0.9,0.9,change_pin,10,10,0,1
exp004-minilm-v2-n20-s55,20,55,0.9,0.9,beneficiary_not_allowed,10,10,0,3
exp004-minilm-v2-n20-s55,20,55,0.9,0.9,transfer_fee_charged,10,9,1,1
exp004-minilm-v2-n20-s55,20,55,0.9,0.9,receiving_money,10,6,4,0
exp004-minilm-v2-n20-s55,20,55,0.9,0.9,failed_transfer,10,10,0,0
exp004-minilm-v2-n20-s55,20,55,0.9,0.9,transfer_into_account,10,10,0,1
exp004-minilm-v2-n20-s55,20,55,0.9,0.9,verify_top_up,10,9,1,0
exp004-minilm-v2-n20-s55,20,55,0.9,0.9,getting_spare_card,10,9,1,1
exp004-minilm-v2-n20-s55,20,55,0.9,0.9,top_up_by_cash_or_cheque,10,9,1,2
exp004-minilm-v2-n20-s55,20,55,0.9,0.9,order_physical_card,10,8,2,1
exp004-minilm-v2-n20-s55,20,55,0.9,0.9,virtual_card_not_working,10,9,1,0
exp004-minilm-v2-n20-s55,20,55,0.9,0.9,wrong_exchange_rate_for_cash_withdrawal,10,10,0,6
exp004-minilm-v2-n20-s55,20,55,0.9,0.9,get_disposable_virtual_card,10,10,0,1
exp004-minilm-v2-n20-s55,20,55,0.9,0.9,top_up_failed,10,6,4,0
exp004-minilm-v2-n20-s55,20,55,0.9,0.9,balance_not_updated_after_bank_transfer,10,7,3,1
exp004-minilm-v2-n20-s55,20,55,0.9,0.9,cash_withdrawal_not_recognised,10,6,4,1
exp004-minilm-v2-n20-s55,20,55,0.9,0.9,exchange_charge,10,9,1,0
exp004-minilm-v2-n20-s55,20,55,0.9,0.9,top_up_by_card_charge,10,10,0,0
exp004-minilm-v2-n20-s55,20,55,0.9,0.9,activate_my_card,10,10,0,0
exp004-minilm-v2-n20-s55,20,55,0.9,0.9,cash_withdrawal_charge,10,9,1,1
exp004-minilm-v2-n20-s55,20,55,0.9,0.9,card_about_to_expire,10,10,0,0
exp004-minilm-v2-n20-s55,20,55,0.9,0.9,apple_pay_or_google_pay,10,10,0,0
exp004-minilm-v2-n20-s55,20,55,0.9,0.9,verify_my_identity,10,9,1,2
exp004-minilm-v2-n20-s55,20,55,0.9,0.9,country_support,10,10,0,0
exp004-minilm-v2-n20-s55,20,55,1.0,1.0,card_arrival,10,10,0,1
exp004-minilm-v2-n20-s55,20,55,1.0,1.0,card_linking,10,10,0,2
exp004-minilm-v2-n20-s55,20,55,1.0,1.0,exchange_rate,10,10,0,1
exp004-minilm-v2-n20-s55,20,55,1.0,1.0,card_payment_wrong_exchange_rate,10,10,0,0
exp004-minilm-v2-n20-s55,20,55,1.0,1.0,extra_charge_on_statement,10,10,0,1
exp004-minilm-v2-n20-s55,20,55,1.0,1.0,pending_cash_withdrawal,10,10,0,1
exp004-minilm-v2-n20-s55,20,55,1.0,1.0,fiat_currency_support,10,10,0,0
exp004-minilm-v2-n20-s55,20,55,1.0,1.0,card_delivery_estimate,10,10,0,0
exp004-minilm-v2-n20-s55,20,55,1.0,1.0,automatic_top_up,10,10,0,2
exp004-minilm-v2-n20-s55,20,55,1.0,1.0,card_not_working,10,10,0,2
exp004-minilm-v2-n20-s55,20,55,1.0,1.0,exchange_via_app,10,10,0,0
exp004-minilm-v2-n20-s55,20,55,1.0,1.0,lost_or_stolen_card,10,10,0,1
exp004-minilm-v2-n20-s55,20,55,1.0,1.0,age_limit,10,10,0,0
exp004-minilm-v2-n20-s55,20,55,1.0,1.0,pin_blocked,10,10,0,1
exp004-minilm-v2-n20-s55,20,55,1.0,1.0,contactless_not_working,10,10,0,3
exp004-minilm-v2-n20-s55,20,55,1.0,1.0,top_up_by_bank_transfer_charge,10,10,0,3
exp004-minilm-v2-n20-s55,20,55,1.0,1.0,pending_top_up,10,10,0,3
exp004-minilm-v2-n20-s55,20,55,1.0,1.0,cancel_transfer,10,10,0,0
exp004-minilm-v2-n20-s55,20,55,1.0,1.0,top_up_limits,10,10,0,2
exp004-minilm-v2-n20-s55,20,55,1.0,1.0,wrong_amount_of_cash_received,10,10,0,3
exp004-minilm-v2-n20-s55,20,55,1.0,1.0,card_payment_fee_charged,10,10,0,1
exp004-minilm-v2-n20-s55,20,55,1.0,1.0,transfer_not_received_by_recipient,10,10,0,7
exp004-minilm-v2-n20-s55,20,55,1.0,1.0,supported_cards_and_currencies,10,10,0,5
exp004-minilm-v2-n20-s55,20,55,1.0,1.0,getting_virtual_card,10,10,0,1
exp004-minilm-v2-n20-s55,20,55,1.0,1.0,card_acceptance,10,10,0,2
exp004-minilm-v2-n20-s55,20,55,1.0,1.0,top_up_reverted,10,10,0,3
exp004-minilm-v2-n20-s55,20,55,1.0,1.0,balance_not_updated_after_cheque_or_cash_deposit,10,10,0,0
exp004-minilm-v2-n20-s55,20,55,1.0,1.0,card_payment_not_recognised,10,10,0,1
exp004-minilm-v2-n20-s55,20,55,1.0,1.0,edit_personal_details,10,10,0,0
exp004-minilm-v2-n20-s55,20,55,1.0,1.0,why_verify_identity,10,10,0,1
exp004-minilm-v2-n20-s55,20,55,1.0,1.0,unable_to_verify_identity,10,10,0,4
exp004-minilm-v2-n20-s55,20,55,1.0,1.0,get_physical_card,10,10,0,1
exp004-minilm-v2-n20-s55,20,55,1.0,1.0,visa_or_mastercard,10,10,0,1
exp004-minilm-v2-n20-s55,20,55,1.0,1.0,topping_up_by_card,10,10,0,4
exp004-minilm-v2-n20-s55,20,55,1.0,1.0,disposable_card_limits,10,10,0,2
exp004-minilm-v2-n20-s55,20,55,1.0,1.0,compromised_card,10,10,0,0
exp004-minilm-v2-n20-s55,20,55,1.0,1.0,atm_support,10,10,0,0
exp004-minilm-v2-n20-s55,20,55,1.0,1.0,direct_debit_payment_not_recognised,10,10,0,3
exp004-minilm-v2-n20-s55,20,55,1.0,1.0,passcode_forgotten,10,10,0,0
exp004-minilm-v2-n20-s55,20,55,1.0,1.0,declined_cash_withdrawal,10,10,0,4
exp004-minilm-v2-n20-s55,20,55,1.0,1.0,pending_card_payment,10,10,0,0
exp004-minilm-v2-n20-s55,20,55,1.0,1.0,lost_or_stolen_phone,10,10,0,1
exp004-minilm-v2-n20-s55,20,55,1.0,1.0,request_refund,10,10,0,0
exp004-minilm-v2-n20-s55,20,55,1.0,1.0,declined_transfer,10,10,0,0
exp004-minilm-v2-n20-s55,20,55,1.0,1.0,Refund_not_showing_up,10,10,0,1
exp004-minilm-v2-n20-s55,20,55,1.0,1.0,declined_card_payment,10,10,0,4
exp004-minilm-v2-n20-s55,20,55,1.0,1.0,pending_transfer,10,10,0,3
exp004-minilm-v2-n20-s55,20,55,1.0,1.0,terminate_account,10,10,0,0
exp004-minilm-v2-n20-s55,20,55,1.0,1.0,card_swallowed,10,10,0,1
exp004-minilm-v2-n20-s55,20,55,1.0,1.0,transaction_charged_twice,10,10,0,1
exp004-minilm-v2-n20-s55,20,55,1.0,1.0,verify_source_of_funds,10,10,0,0
exp004-minilm-v2-n20-s55,20,55,1.0,1.0,transfer_timing,10,10,0,3
exp004-minilm-v2-n20-s55,20,55,1.0,1.0,reverted_card_payment?,10,10,0,4
exp004-minilm-v2-n20-s55,20,55,1.0,1.0,change_pin,10,10,0,1
exp004-minilm-v2-n20-s55,20,55,1.0,1.0,beneficiary_not_allowed,10,10,0,3
exp004-minilm-v2-n20-s55,20,55,1.0,1.0,transfer_fee_charged,10,10,0,2
exp004-minilm-v2-n20-s55,20,55,1.0,1.0,receiving_money,10,10,0,0
exp004-minilm-v2-n20-s55,20,55,1.0,1.0,failed_transfer,10,10,0,0
exp004-minilm-v2-n20-s55,20,55,1.0,1.0,transfer_into_account,10,10,0,1
exp004-minilm-v2-n20-s55,20,55,1.0,1.0,verify_top_up,10,10,0,0
exp004-minilm-v2-n20-s55,20,55,1.0,1.0,getting_spare_card,10,10,0,2
exp004-minilm-v2-n20-s55,20,55,1.0,1.0,top_up_by_cash_or_cheque,10,10,0,2
exp004-minilm-v2-n20-s55,20,55,1.0,1.0,order_physical_card,10,10,0,2
exp004-minilm-v2-n20-s55,20,55,1.0,1.0,virtual_card_not_working,10,10,0,1
exp004-minilm-v2-n20-s55,20,55,1.0,1.0,wrong_exchange_rate_for_cash_withdrawal,10,10,0,6
exp004-minilm-v2-n20-s55,20,55,1.0,1.0,get_disposable_virtual_card,10,10,0,1
exp004-minilm-v2-n20-s55,20,55,1.0,1.0,top_up_failed,10,10,0,2
exp004-minilm-v2-n20-s55,20,55,1.0,1.0,balance_not_updated_after_bank_transfer,10,10,0,2
exp004-minilm-v2-n20-s55,20,55,1.0,1.0,cash_withdrawal_not_recognised,10,10,0,4
exp004-minilm-v2-n20-s55,20,55,1.0,1.0,exchange_charge,10,10,0,0
exp004-minilm-v2-n20-s55,20,55,1.0,1.0,top_up_by_card_charge,10,10,0,0
exp004-minilm-v2-n20-s55,20,55,1.0,1.0,activate_my_card,10,10,0,0
exp004-minilm-v2-n20-s55,20,55,1.0,1.0,cash_withdrawal_charge,10,10,0,2
exp004-minilm-v2-n20-s55,20,55,1.0,1.0,card_about_to_expire,10,10,0,0
exp004-minilm-v2-n20-s55,20,55,1.0,1.0,apple_pay_or_google_pay,10,10,0,0
exp004-minilm-v2-n20-s55,20,55,1.0,1.0,verify_my_identity,10,10,0,3
exp004-minilm-v2-n20-s55,20,55,1.0,1.0,country_support,10,10,0,0
